[2026-03-13 13:59:37] [DEBUG] CSV file initialized: C:\Users\celbr\Desktop\PriceChange\gold_export.csv
[2026-03-13 13:59:39] [DEBUG] Clicked and typed at (712,135): F0001
[2026-03-13 13:59:42] [DEBUG] Poll #5 active window: 'GOLD PRD - \\Remote'
[2026-03-13 13:59:43] [DEBUG] Poll #10 active window: 'GOLD PRD - \\Remote'
[2026-03-13 13:59:44] [DEBUG] Poll #15 active window: 'GOLD PRD - \\Remote'
[2026-03-13 13:59:45] [DEBUG] Poll #20 active window: 'GOLD PRD - \\Remote'
[2026-03-13 13:59:46] [DEBUG] Poll #25 active window: 'GOLD PRD - \\Remote'
[2026-03-13 13:59:47] [DEBUG] Poll #30 active window: 'GOLD PRD - \\Remote'
[2026-03-13 13:59:48] [DEBUG] Poll #35 active window: 'GOLD PRD - \\Remote'
[2026-03-13 13:59:49] [DEBUG] Poll #40 active window: 'GOLD PRD - \\Remote'
[2026-03-13 13:59:49] [DEBUG] Waiting for color CCCCCC to disappear at (623,653)
[2026-03-13 13:59:58] [DEBUG] Color changed from CCCCCC to E2E8FB — loading complete
[2026-03-13 14:00:05] [DEBUG] Added 4 items to CSV for: D0024 - GROCERY -  IMPULSE > S0001 - IMPULSE CONFECTIONERY > C0001 - CHOCOLATE > F0001
[2026-03-13 14:00:05] [DEBUG] Family group F0001: 4 items added to CSV
[2026-03-13 14:00:07] [DEBUG] Clicked and typed at (712,135): F0002
[2026-03-13 14:00:10] [DEBUG] Poll #5 active window: 'GOLD PRD - \\Remote'
[2026-03-13 14:00:11] [DEBUG] Poll #10 active window: 'GOLD PRD - \\Remote'
[2026-03-13 14:00:12] [DEBUG] Poll #15 active window: 'GOLD PRD - \\Remote'
[2026-03-13 14:00:13] [DEBUG] Poll #20 active window: 'GOLD PRD - \\Remote'
[2026-03-13 14:00:14] [DEBUG] Poll #25 active window: 'GOLD PRD - \\Remote'
[2026-03-13 14:00:15] [DEBUG] Poll #30 active window: 'GOLD PRD - \\Remote'
[2026-03-13 14:00:16] [DEBUG] Poll #35 active window: 'GOLD PRD - \\Remote'
[2026-03-13 14:00:16] [DEBUG] IsGoldWindowActive: matched active title 'G.O.L.D. - LOCAL SALES PRICE SIMPLIFIED INPUT - Fri Mar 13 14:00:17 GMT 2026 - \\Remote'
[2026-03-13 14:00:20] [DEBUG] Family group not found — skipping F0002
[2026-03-13 14:00:21] [DEBUG] Clicked and typed at (712,135): F0004
[2026-03-13 14:00:24] [DEBUG] Poll #5 active window: 'GOLD PRD - \\Remote'
[2026-03-13 14:00:25] [DEBUG] Poll #10 active window: 'GOLD PRD - \\Remote'
[2026-03-13 14:00:26] [DEBUG] Poll #15 active window: 'GOLD PRD - \\Remote'
[2026-03-13 14:00:27] [DEBUG] Poll #20 active window: 'GOLD PRD - \\Remote'
[2026-03-13 14:00:28] [DEBUG] Poll #25 active window: 'GOLD PRD - \\Remote'
[2026-03-13 14:00:29] [DEBUG] Poll #30 active window: 'GOLD PRD - \\Remote'
[2026-03-13 14:00:30] [DEBUG] Poll #35 active window: 'GOLD PRD - \\Remote'
[2026-03-13 14:00:31] [DEBUG] Poll #40 active window: 'GOLD PRD - \\Remote'
[2026-03-13 14:00:31] [DEBUG] Waiting for color CCCCCC to disappear at (623,653)
[2026-03-13 14:00:35] [DEBUG] Color changed from CCCCCC to FFFFFF — loading complete
[2026-03-13 14:00:42] [DEBUG] Added 9 items to CSV for: D0024 - GROCERY -  IMPULSE > S0001 - IMPULSE CONFECTIONERY > C0001 - CHOCOLATE > F0004
[2026-03-13 14:00:42] [DEBUG] Family group F0004: 9 items added to CSV
[2026-03-13 14:00:44] [DEBUG] Clicked and typed at (712,135): F0005
[2026-03-13 14:00:47] [DEBUG] Poll #5 active window: 'GOLD PRD - \\Remote'
[2026-03-13 14:00:48] [DEBUG] Poll #10 active window: 'GOLD PRD - \\Remote'
[2026-03-13 14:00:49] [DEBUG] Poll #15 active window: 'GOLD PRD - \\Remote'
[2026-03-13 14:00:50] [DEBUG] Poll #20 active window: 'GOLD PRD - \\Remote'
[2026-03-13 14:00:51] [DEBUG] Poll #25 active window: 'GOLD PRD - \\Remote'
[2026-03-13 14:00:52] [DEBUG] Poll #30 active window: 'GOLD PRD - \\Remote'
[2026-03-13 14:00:53] [DEBUG] Poll #35 active window: 'GOLD PRD - \\Remote'
[2026-03-13 14:00:54] [DEBUG] Poll #40 active window: 'GOLD PRD - \\Remote'
[2026-03-13 14:00:54] [DEBUG] Waiting for color CCCCCC to disappear at (623,653)
[2026-03-13 14:01:51] [DEBUG] Color changed from CCCCCC to FFFFFF — loading complete
[2026-03-13 14:01:58] [DEBUG] Added 50 items to CSV for: D0024 - GROCERY -  IMPULSE > S0001 - IMPULSE CONFECTIONERY > C0001 - CHOCOLATE > F0005
[2026-03-13 14:01:58] [DEBUG] Family group F0005: 50 items added to CSV
[2026-03-13 14:02:00] [DEBUG] Clicked and typed at (712,135): F0006
[2026-03-13 14:02:03] [DEBUG] Poll #5 active window: 'GOLD PRD - \\Remote'
[2026-03-13 14:02:04] [DEBUG] Poll #10 active window: 'GOLD PRD - \\Remote'
[2026-03-13 14:02:05] [DEBUG] Poll #15 active window: 'GOLD PRD - \\Remote'
[2026-03-13 14:02:06] [DEBUG] Poll #20 active window: 'GOLD PRD - \\Remote'
[2026-03-13 14:02:07] [DEBUG] Poll #25 active window: 'GOLD PRD - \\Remote'
[2026-03-13 14:02:08] [DEBUG] Poll #30 active window: 'GOLD PRD - \\Remote'
[2026-03-13 14:02:09] [DEBUG] Poll #35 active window: 'GOLD PRD - \\Remote'
[2026-03-13 14:02:10] [DEBUG] Poll #40 active window: 'GOLD PRD - \\Remote'
[2026-03-13 14:02:10] [DEBUG] Waiting for color CCCCCC to disappear at (623,653)
[2026-03-13 14:03:38] [DEBUG] Color changed from CCCCCC to FFFFFF — loading complete
[2026-03-13 14:03:45] [DEBUG] Added 148 items to CSV for: D0024 - GROCERY -  IMPULSE > S0001 - IMPULSE CONFECTIONERY > C0001 - CHOCOLATE > F0006
[2026-03-13 14:03:45] [DEBUG] Family group F0006: 148 items added to CSV
[2026-03-13 14:03:47] [DEBUG] Clicked and typed at (712,135): F0007
[2026-03-13 14:03:50] [DEBUG] Poll #5 active window: 'GOLD PRD - \\Remote'
[2026-03-13 14:03:51] [DEBUG] Poll #10 active window: 'GOLD PRD - \\Remote'
[2026-03-13 14:03:52] [DEBUG] Poll #15 active window: 'GOLD PRD - \\Remote'
[2026-03-13 14:03:53] [DEBUG] Poll #20 active window: 'GOLD PRD - \\Remote'
[2026-03-13 14:03:54] [DEBUG] Poll #25 active window: 'GOLD PRD - \\Remote'
[2026-03-13 14:03:55] [DEBUG] Poll #30 active window: 'GOLD PRD - \\Remote'
[2026-03-13 14:03:56] [DEBUG] Poll #35 active window: 'GOLD PRD - \\Remote'
[2026-03-13 14:03:57] [DEBUG] Poll #40 active window: 'GOLD PRD - \\Remote'
[2026-03-13 14:03:57] [DEBUG] Waiting for color CCCCCC to disappear at (623,653)
[2026-03-13 14:03:57] [DEBUG] Color changed from CCCCCC to E2E8FB — loading complete
[2026-03-13 14:04:04] [DEBUG] Added 2 items to CSV for: D0024 - GROCERY -  IMPULSE > S0001 - IMPULSE CONFECTIONERY > C0001 - CHOCOLATE > F0007
[2026-03-13 14:04:04] [DEBUG] Family group F0007: 2 items added to CSV
[2026-03-13 14:04:06] [DEBUG] Clicked and typed at (712,135): F0008
[2026-03-13 14:04:09] [DEBUG] Poll #5 active window: 'GOLD PRD - \\Remote'
[2026-03-13 14:04:10] [DEBUG] Poll #10 active window: 'GOLD PRD - \\Remote'
[2026-03-13 14:04:11] [DEBUG] Poll #15 active window: 'GOLD PRD - \\Remote'
[2026-03-13 14:04:12] [DEBUG] Poll #20 active window: 'GOLD PRD - \\Remote'
[2026-03-13 14:04:13] [DEBUG] Poll #25 active window: 'GOLD PRD - \\Remote'
[2026-03-13 14:04:14] [DEBUG] Poll #30 active window: 'GOLD PRD - \\Remote'
[2026-03-13 14:04:15] [DEBUG] Poll #35 active window: 'GOLD PRD - \\Remote'
[2026-03-13 14:04:16] [DEBUG] Poll #40 active window: 'GOLD PRD - \\Remote'
[2026-03-13 14:04:16] [DEBUG] Waiting for color CCCCCC to disappear at (623,653)
[2026-03-13 14:04:44] [DEBUG] Color changed from CCCCCC to FFFFFF — loading complete
[2026-03-13 14:04:51] [DEBUG] Added 15 items to CSV for: D0024 - GROCERY -  IMPULSE > S0001 - IMPULSE CONFECTIONERY > C0002 - SUGAR CONFECTIONERY > F0008
[2026-03-13 14:04:51] [DEBUG] Family group F0008: 15 items added to CSV
[2026-03-13 14:04:53] [DEBUG] Clicked and typed at (712,135): F0009
[2026-03-13 14:04:56] [DEBUG] Poll #5 active window: 'GOLD PRD - \\Remote'
[2026-03-13 14:04:57] [DEBUG] Poll #10 active window: 'GOLD PRD - \\Remote'
[2026-03-13 14:04:58] [DEBUG] Poll #15 active window: 'GOLD PRD - \\Remote'
[2026-03-13 14:04:59] [DEBUG] Poll #20 active window: 'GOLD PRD - \\Remote'
[2026-03-13 14:05:00] [DEBUG] Poll #25 active window: 'GOLD PRD - \\Remote'
[2026-03-13 14:05:01] [DEBUG] Poll #30 active window: 'GOLD PRD - \\Remote'
[2026-03-13 14:05:02] [DEBUG] Poll #35 active window: 'GOLD PRD - \\Remote'
[2026-03-13 14:05:03] [DEBUG] Poll #40 active window: 'GOLD PRD - \\Remote'
[2026-03-13 14:05:03] [DEBUG] Waiting for color CCCCCC to disappear at (623,653)
[2026-03-13 14:05:06] [DEBUG] Color changed from CCCCCC to E2E8FB — loading complete
[2026-03-13 14:05:13] [DEBUG] Added 9 items to CSV for: D0024 - GROCERY -  IMPULSE > S0001 - IMPULSE CONFECTIONERY > C0002 - SUGAR CONFECTIONERY > F0009
[2026-03-13 14:05:13] [DEBUG] Family group F0009: 9 items added to CSV
[2026-03-13 14:05:15] [DEBUG] Clicked and typed at (712,135): F0010
[2026-03-13 14:05:18] [DEBUG] Poll #5 active window: 'GOLD PRD - \\Remote'
[2026-03-13 14:05:19] [DEBUG] Poll #10 active window: 'GOLD PRD - \\Remote'
[2026-03-13 14:05:20] [DEBUG] Poll #15 active window: 'GOLD PRD - \\Remote'
[2026-03-13 14:05:21] [DEBUG] Poll #20 active window: 'GOLD PRD - \\Remote'
[2026-03-13 14:05:22] [DEBUG] Poll #25 active window: 'GOLD PRD - \\Remote'
[2026-03-13 14:05:23] [DEBUG] Poll #30 active window: 'GOLD PRD - \\Remote'
[2026-03-13 14:05:24] [DEBUG] Poll #35 active window: 'GOLD PRD - \\Remote'
[2026-03-13 14:05:25] [DEBUG] Poll #40 active window: 'GOLD PRD - \\Remote'
[2026-03-13 14:05:25] [DEBUG] Waiting for color CCCCCC to disappear at (623,653)
[2026-03-13 14:05:41] [DEBUG] Color changed from CCCCCC to FFFFFF — loading complete
[2026-03-13 14:05:48] [DEBUG] Added 4 items to CSV for: D0024 - GROCERY -  IMPULSE > S0001 - IMPULSE CONFECTIONERY > C0002 - SUGAR CONFECTIONERY > F0010
[2026-03-13 14:05:48] [DEBUG] Family group F0010: 4 items added to CSV
[2026-03-13 14:05:50] [DEBUG] Clicked and typed at (712,135): F0011
[2026-03-13 14:05:53] [DEBUG] Poll #5 active window: 'GOLD PRD - \\Remote'
[2026-03-13 14:05:54] [DEBUG] Poll #10 active window: 'GOLD PRD - \\Remote'
[2026-03-13 14:05:55] [DEBUG] Poll #15 active window: 'GOLD PRD - \\Remote'
[2026-03-13 14:05:56] [DEBUG] Poll #20 active window: 'GOLD PRD - \\Remote'
[2026-03-13 14:05:57] [DEBUG] Poll #25 active window: 'GOLD PRD - \\Remote'
[2026-03-13 14:05:58] [DEBUG] Poll #30 active window: 'GOLD PRD - \\Remote'
[2026-03-13 14:05:59] [DEBUG] Poll #35 active window: 'GOLD PRD - \\Remote'
[2026-03-13 14:06:00] [DEBUG] Poll #40 active window: 'GOLD PRD - \\Remote'
[2026-03-13 14:06:00] [DEBUG] Waiting for color CCCCCC to disappear at (623,653)
[2026-03-13 14:06:46] [DEBUG] Color changed from CCCCCC to FFFFFF — loading complete
[2026-03-13 14:06:53] [DEBUG] Added 57 items to CSV for: D0024 - GROCERY -  IMPULSE > S0001 - IMPULSE CONFECTIONERY > C0002 - SUGAR CONFECTIONERY > F0011
[2026-03-13 14:06:53] [DEBUG] Family group F0011: 57 items added to CSV
[2026-03-13 14:06:55] [DEBUG] Clicked and typed at (712,135): F0012
[2026-03-13 14:06:58] [DEBUG] Poll #5 active window: 'GOLD PRD - \\Remote'
[2026-03-13 14:06:59] [DEBUG] Poll #10 active window: 'GOLD PRD - \\Remote'
[2026-03-13 14:07:00] [DEBUG] Poll #15 active window: 'GOLD PRD - \\Remote'
[2026-03-13 14:07:01] [DEBUG] Poll #20 active window: 'GOLD PRD - \\Remote'
[2026-03-13 14:07:02] [DEBUG] Poll #25 active window: 'GOLD PRD - \\Remote'
[2026-03-13 14:07:03] [DEBUG] Poll #30 active window: 'GOLD PRD - \\Remote'
[2026-03-13 14:07:04] [DEBUG] Poll #35 active window: 'GOLD PRD - \\Remote'
[2026-03-13 14:07:05] [DEBUG] Poll #40 active window: 'GOLD PRD - \\Remote'
[2026-03-13 14:07:05] [DEBUG] Waiting for color CCCCCC to disappear at (623,653)
[2026-03-13 14:07:06] [DEBUG] Color changed from CCCCCC to FFFFFF — loading complete
[2026-03-13 14:07:14] [DEBUG] Added 6 items to CSV for: D0024 - GROCERY -  IMPULSE > S0001 - IMPULSE CONFECTIONERY > C0002 - SUGAR CONFECTIONERY > F0012
[2026-03-13 14:07:14] [DEBUG] Family group F0012: 6 items added to CSV
[2026-03-13 14:07:15] [DEBUG] Clicked and typed at (712,135): F0013
[2026-03-13 14:07:18] [DEBUG] Poll #5 active window: 'GOLD PRD - \\Remote'
[2026-03-13 14:07:19] [DEBUG] Poll #10 active window: 'GOLD PRD - \\Remote'
[2026-03-13 14:07:20] [DEBUG] Poll #15 active window: 'GOLD PRD - \\Remote'
[2026-03-13 14:07:21] [DEBUG] Poll #20 active window: 'GOLD PRD - \\Remote'
[2026-03-13 14:07:22] [DEBUG] Poll #25 active window: 'GOLD PRD - \\Remote'
[2026-03-13 14:07:23] [DEBUG] Poll #30 active window: 'GOLD PRD - \\Remote'
[2026-03-13 14:07:24] [DEBUG] Poll #35 active window: 'GOLD PRD - \\Remote'
[2026-03-13 14:07:25] [DEBUG] Poll #40 active window: 'GOLD PRD - \\Remote'
[2026-03-13 14:07:25] [DEBUG] Waiting for color CCCCCC to disappear at (623,653)
[2026-03-13 14:07:26] [DEBUG] Color changed from CCCCCC to FFFFFF — loading complete
[2026-03-13 14:07:33] [DEBUG] Added 11 items to CSV for: D0024 - GROCERY -  IMPULSE > S0001 - IMPULSE CONFECTIONERY > C0002 - SUGAR CONFECTIONERY > F0013
[2026-03-13 14:07:33] [DEBUG] Family group F0013: 11 items added to CSV
[2026-03-13 14:07:35] [DEBUG] Clicked and typed at (712,135): F0014
[2026-03-13 14:07:38] [DEBUG] Poll #5 active window: 'GOLD PRD - \\Remote'
[2026-03-13 14:07:39] [DEBUG] Poll #10 active window: 'GOLD PRD - \\Remote'
[2026-03-13 14:07:40] [DEBUG] Poll #15 active window: 'GOLD PRD - \\Remote'
[2026-03-13 14:07:41] [DEBUG] Poll #20 active window: 'GOLD PRD - \\Remote'
[2026-03-13 14:07:42] [DEBUG] Poll #25 active window: 'GOLD PRD - \\Remote'
[2026-03-13 14:07:43] [DEBUG] Poll #30 active window: 'GOLD PRD - \\Remote'
[2026-03-13 14:07:44] [DEBUG] Poll #35 active window: 'GOLD PRD - \\Remote'
[2026-03-13 14:07:45] [DEBUG] Poll #40 active window: 'GOLD PRD - \\Remote'
[2026-03-13 14:07:45] [DEBUG] Waiting for color CCCCCC to disappear at (623,653)
[2026-03-13 14:07:46] [DEBUG] Color changed from CCCCCC to E2E8FB — loading complete
[2026-03-13 14:07:53] [DEBUG] No valid items found in clipboard for family group: F0014
[2026-03-13 14:07:53] [DEBUG] Family group F0014: 0 items added to CSV
[2026-03-13 14:07:55] [DEBUG] Clicked and typed at (712,135): F0015
[2026-03-13 14:07:58] [DEBUG] Poll #5 active window: 'GOLD PRD - \\Remote'
[2026-03-13 14:07:59] [DEBUG] Poll #10 active window: 'GOLD PRD - \\Remote'
[2026-03-13 14:08:00] [DEBUG] Poll #15 active window: 'GOLD PRD - \\Remote'
[2026-03-13 14:08:01] [DEBUG] Poll #20 active window: 'GOLD PRD - \\Remote'
[2026-03-13 14:08:02] [DEBUG] Poll #25 active window: 'GOLD PRD - \\Remote'
[2026-03-13 14:08:03] [DEBUG] Poll #30 active window: 'GOLD PRD - \\Remote'
[2026-03-13 14:08:04] [DEBUG] Poll #35 active window: 'GOLD PRD - \\Remote'
[2026-03-13 14:08:05] [DEBUG] Poll #40 active window: 'GOLD PRD - \\Remote'
[2026-03-13 14:08:05] [DEBUG] Waiting for color CCCCCC to disappear at (623,653)
[2026-03-13 14:08:17] [DEBUG] Color changed from CCCCCC to FFFFFF — loading complete
[2026-03-13 14:08:24] [DEBUG] Added 39 items to CSV for: D0024 - GROCERY -  IMPULSE > S0001 - IMPULSE CONFECTIONERY > C0003 - CHEWING GUM > F0015
[2026-03-13 14:08:24] [DEBUG] Family group F0015: 39 items added to CSV
[2026-03-13 14:08:26] [DEBUG] Clicked and typed at (712,135): F0016
[2026-03-13 14:08:29] [DEBUG] Poll #5 active window: 'GOLD PRD - \\Remote'
[2026-03-13 14:08:30] [DEBUG] Poll #10 active window: 'GOLD PRD - \\Remote'
[2026-03-13 14:08:31] [DEBUG] Poll #15 active window: 'GOLD PRD - \\Remote'
[2026-03-13 14:08:32] [DEBUG] Poll #20 active window: 'GOLD PRD - \\Remote'
[2026-03-13 14:08:33] [DEBUG] Poll #25 active window: 'GOLD PRD - \\Remote'
[2026-03-13 14:08:34] [DEBUG] Poll #30 active window: 'GOLD PRD - \\Remote'
[2026-03-13 14:08:35] [DEBUG] Poll #35 active window: 'GOLD PRD - \\Remote'
[2026-03-13 14:08:36] [DEBUG] Poll #40 active window: 'GOLD PRD - \\Remote'
[2026-03-13 14:08:36] [DEBUG] Waiting for color CCCCCC to disappear at (623,653)
[2026-03-13 14:08:36] [DEBUG] Color changed from CCCCCC to FFFFFF — loading complete
[2026-03-13 14:08:43] [DEBUG] Added 1 items to CSV for: D0024 - GROCERY -  IMPULSE > S0001 - IMPULSE CONFECTIONERY > C0003 - CHEWING GUM > F0016
[2026-03-13 14:08:43] [DEBUG] Family group F0016: 1 items added to CSV
[2026-03-13 14:08:45] [DEBUG] Clicked and typed at (712,135): F0017
[2026-03-13 14:08:48] [DEBUG] Poll #5 active window: 'GOLD PRD - \\Remote'
[2026-03-13 14:08:49] [DEBUG] Poll #10 active window: 'GOLD PRD - \\Remote'
[2026-03-13 14:08:50] [DEBUG] Poll #15 active window: 'GOLD PRD - \\Remote'
[2026-03-13 14:08:51] [DEBUG] Poll #20 active window: 'GOLD PRD - \\Remote'
[2026-03-13 14:08:52] [DEBUG] Poll #25 active window: 'GOLD PRD - \\Remote'
[2026-03-13 14:08:53] [DEBUG] Poll #30 active window: 'GOLD PRD - \\Remote'
[2026-03-13 14:08:54] [DEBUG] Poll #35 active window: 'GOLD PRD - \\Remote'
[2026-03-13 14:08:55] [DEBUG] Poll #40 active window: 'GOLD PRD - \\Remote'
[2026-03-13 14:08:55] [DEBUG] Waiting for color CCCCCC to disappear at (623,653)
[2026-03-13 14:09:02] [DEBUG] Color changed from CCCCCC to FFFFFF — loading complete
[2026-03-13 14:09:10] [DEBUG] Added 13 items to CSV for: D0024 - GROCERY -  IMPULSE > S0001 - IMPULSE CONFECTIONERY > C0004 - MINTS > F0017
[2026-03-13 14:09:10] [DEBUG] Family group F0017: 13 items added to CSV
[2026-03-13 14:09:11] [DEBUG] Clicked and typed at (712,135): F0018
[2026-03-13 14:09:14] [DEBUG] Poll #5 active window: 'GOLD PRD - \\Remote'
[2026-03-13 14:09:15] [DEBUG] Poll #10 active window: 'GOLD PRD - \\Remote'
[2026-03-13 14:09:16] [DEBUG] Poll #15 active window: 'GOLD PRD - \\Remote'
[2026-03-13 14:09:17] [DEBUG] Poll #20 active window: 'GOLD PRD - \\Remote'
[2026-03-13 14:09:18] [DEBUG] Poll #25 active window: 'GOLD PRD - \\Remote'
[2026-03-13 14:09:19] [DEBUG] Poll #30 active window: 'GOLD PRD - \\Remote'
[2026-03-13 14:09:21] [DEBUG] Poll #35 active window: 'GOLD PRD - \\Remote'
[2026-03-13 14:09:22] [DEBUG] Poll #40 active window: 'GOLD PRD - \\Remote'
[2026-03-13 14:09:22] [DEBUG] Waiting for color CCCCCC to disappear at (623,653)
[2026-03-13 14:09:22] [DEBUG] Color changed from CCCCCC to E2E8FB — loading complete
[2026-03-13 14:09:29] [DEBUG] No valid items found in clipboard for family group: F0018
[2026-03-13 14:09:29] [DEBUG] Family group F0018: 0 items added to CSV
[2026-03-13 14:09:31] [DEBUG] Clicked and typed at (712,135): F0019
[2026-03-13 14:09:34] [DEBUG] Poll #5 active window: 'GOLD PRD - \\Remote'
[2026-03-13 14:09:35] [DEBUG] Poll #10 active window: 'GOLD PRD - \\Remote'
[2026-03-13 14:09:36] [DEBUG] Poll #15 active window: 'GOLD PRD - \\Remote'
[2026-03-13 14:09:37] [DEBUG] Poll #20 active window: 'GOLD PRD - \\Remote'
[2026-03-13 14:09:38] [DEBUG] Poll #25 active window: 'GOLD PRD - \\Remote'
[2026-03-13 14:09:39] [DEBUG] Poll #30 active window: 'GOLD PRD - \\Remote'
[2026-03-13 14:09:40] [DEBUG] Poll #35 active window: 'GOLD PRD - \\Remote'
[2026-03-13 14:09:41] [DEBUG] Poll #40 active window: 'GOLD PRD - \\Remote'
[2026-03-13 14:09:41] [DEBUG] Waiting for color CCCCCC to disappear at (623,653)
[2026-03-13 14:09:41] [DEBUG] Color changed from CCCCCC to FFFFFF — loading complete
[2026-03-13 14:09:48] [DEBUG] Added 9 items to CSV for: D0024 - GROCERY -  IMPULSE > S0001 - IMPULSE CONFECTIONERY > C0004 - MINTS > F0019
[2026-03-13 14:09:48] [DEBUG] Family group F0019: 9 items added to CSV
[2026-03-13 14:09:50] [DEBUG] Clicked and typed at (712,135): F0020
[2026-03-13 14:09:53] [DEBUG] Poll #5 active window: 'GOLD PRD - \\Remote'
[2026-03-13 14:09:54] [DEBUG] Poll #10 active window: 'GOLD PRD - \\Remote'
[2026-03-13 14:09:55] [DEBUG] Poll #15 active window: 'GOLD PRD - \\Remote'
[2026-03-13 14:09:56] [DEBUG] Poll #20 active window: 'GOLD PRD - \\Remote'
[2026-03-13 14:09:57] [DEBUG] Poll #25 active window: 'GOLD PRD - \\Remote'
[2026-03-13 14:09:58] [DEBUG] Poll #30 active window: 'GOLD PRD - \\Remote'
[2026-03-13 14:09:59] [DEBUG] Poll #35 active window: 'GOLD PRD - \\Remote'
[2026-03-13 14:10:00] [DEBUG] Poll #40 active window: 'GOLD PRD - \\Remote'
[2026-03-13 14:10:00] [DEBUG] Waiting for color CCCCCC to disappear at (623,653)
[2026-03-13 14:10:00] [DEBUG] Color changed from CCCCCC to E2E8FB — loading complete
[2026-03-13 14:10:07] [DEBUG] Added 8 items to CSV for: D0024 - GROCERY -  IMPULSE > S0001 - IMPULSE CONFECTIONERY > C0004 - MINTS > F0020
[2026-03-13 14:10:07] [DEBUG] Family group F0020: 8 items added to CSV
[2026-03-13 14:10:09] [DEBUG] Clicked and typed at (712,135): F0021
[2026-03-13 14:10:12] [DEBUG] Poll #5 active window: 'GOLD PRD - \\Remote'
[2026-03-13 14:10:13] [DEBUG] Poll #10 active window: 'GOLD PRD - \\Remote'
[2026-03-13 14:10:14] [DEBUG] Poll #15 active window: 'GOLD PRD - \\Remote'
[2026-03-13 14:10:15] [DEBUG] Poll #20 active window: 'GOLD PRD - \\Remote'
[2026-03-13 14:10:16] [DEBUG] Poll #25 active window: 'GOLD PRD - \\Remote'
[2026-03-13 14:10:17] [DEBUG] Poll #30 active window: 'GOLD PRD - \\Remote'
[2026-03-13 14:10:18] [DEBUG] Poll #35 active window: 'GOLD PRD - \\Remote'
[2026-03-13 14:10:19] [DEBUG] Poll #40 active window: 'GOLD PRD - \\Remote'
[2026-03-13 14:10:19] [DEBUG] Waiting for color CCCCCC to disappear at (623,653)
[2026-03-13 14:10:24] [DEBUG] Color changed from CCCCCC to FFFFFF — loading complete
[2026-03-13 14:10:31] [DEBUG] Added 15 items to CSV for: D0024 - GROCERY -  IMPULSE > S0001 - IMPULSE CONFECTIONERY > C0005 - MEDICAL CONFECTIONERY > F0021
[2026-03-13 14:10:31] [DEBUG] Family group F0021: 15 items added to CSV
[2026-03-13 14:10:33] [DEBUG] Clicked and typed at (712,135): F0022
[2026-03-13 14:10:36] [DEBUG] Poll #5 active window: 'GOLD PRD - \\Remote'
[2026-03-13 14:10:37] [DEBUG] Poll #10 active window: 'GOLD PRD - \\Remote'
[2026-03-13 14:10:38] [DEBUG] Poll #15 active window: 'GOLD PRD - \\Remote'
[2026-03-13 14:10:39] [DEBUG] Poll #20 active window: 'GOLD PRD - \\Remote'
[2026-03-13 14:10:40] [DEBUG] Poll #25 active window: 'GOLD PRD - \\Remote'
[2026-03-13 14:10:41] [DEBUG] Poll #30 active window: 'GOLD PRD - \\Remote'
[2026-03-13 14:10:42] [DEBUG] Poll #35 active window: 'GOLD PRD - \\Remote'
[2026-03-13 14:10:43] [DEBUG] Poll #40 active window: 'GOLD PRD - \\Remote'
[2026-03-13 14:10:43] [DEBUG] Waiting for color CCCCCC to disappear at (623,653)
[2026-03-13 14:11:08] [DEBUG] Color changed from CCCCCC to FFFFFF — loading complete
[2026-03-13 14:11:15] [DEBUG] Added 50 items to CSV for: D0024 - GROCERY -  IMPULSE > S0001 - IMPULSE CONFECTIONERY > C0006 - KIDS CONFECTIONERY > F0022
[2026-03-13 14:11:15] [DEBUG] Family group F0022: 50 items added to CSV
[2026-03-13 14:11:17] [DEBUG] Clicked and typed at (712,135): F0023
[2026-03-13 14:11:20] [DEBUG] Poll #5 active window: 'GOLD PRD - \\Remote'
[2026-03-13 14:11:21] [DEBUG] Poll #10 active window: 'GOLD PRD - \\Remote'
[2026-03-13 14:11:22] [DEBUG] Poll #15 active window: 'GOLD PRD - \\Remote'
[2026-03-13 14:11:23] [DEBUG] Poll #20 active window: 'GOLD PRD - \\Remote'
[2026-03-13 14:11:24] [DEBUG] Poll #25 active window: 'GOLD PRD - \\Remote'
[2026-03-13 14:11:25] [DEBUG] Poll #30 active window: 'GOLD PRD - \\Remote'
[2026-03-13 14:11:26] [DEBUG] Poll #35 active window: 'GOLD PRD - \\Remote'
[2026-03-13 14:11:27] [DEBUG] Poll #40 active window: 'GOLD PRD - \\Remote'
[2026-03-13 14:11:27] [DEBUG] Waiting for color CCCCCC to disappear at (623,653)
[2026-03-13 14:11:40] [DEBUG] Color changed from CCCCCC to FFFFFF — loading complete
[2026-03-13 14:11:47] [DEBUG] Added 24 items to CSV for: D0024 - GROCERY -  IMPULSE > S0001 - IMPULSE CONFECTIONERY > C0006 - KIDS CONFECTIONERY > F0023
[2026-03-13 14:11:47] [DEBUG] Family group F0023: 24 items added to CSV
[2026-03-13 14:11:49] [DEBUG] Clicked and typed at (712,135): F0024
[2026-03-13 14:11:52] [DEBUG] Poll #5 active window: 'GOLD PRD - \\Remote'
[2026-03-13 14:11:53] [DEBUG] Poll #10 active window: 'GOLD PRD - \\Remote'
[2026-03-13 14:11:54] [DEBUG] Poll #15 active window: 'GOLD PRD - \\Remote'
[2026-03-13 14:11:55] [DEBUG] Poll #20 active window: 'GOLD PRD - \\Remote'
[2026-03-13 14:11:56] [DEBUG] Poll #25 active window: 'GOLD PRD - \\Remote'
[2026-03-13 14:11:57] [DEBUG] Poll #30 active window: 'GOLD PRD - \\Remote'
[2026-03-13 14:11:58] [DEBUG] Poll #35 active window: 'GOLD PRD - \\Remote'
[2026-03-13 14:11:59] [DEBUG] Poll #40 active window: 'GOLD PRD - \\Remote'
[2026-03-13 14:11:59] [DEBUG] Waiting for color CCCCCC to disappear at (623,653)
[2026-03-13 14:12:11] [DEBUG] Color changed from CCCCCC to FFFFFF — loading complete
[2026-03-13 14:12:18] [DEBUG] Added 19 items to CSV for: D0024 - GROCERY -  IMPULSE > S0001 - IMPULSE CONFECTIONERY > C0006 - KIDS CONFECTIONERY > F0024
[2026-03-13 14:12:18] [DEBUG] Family group F0024: 19 items added to CSV
[2026-03-13 14:12:20] [DEBUG] Clicked and typed at (712,135): F0025
[2026-03-13 14:12:23] [DEBUG] Poll #5 active window: 'GOLD PRD - \\Remote'
[2026-03-13 14:12:24] [DEBUG] Poll #10 active window: 'GOLD PRD - \\Remote'
[2026-03-13 14:12:25] [DEBUG] Poll #15 active window: 'GOLD PRD - \\Remote'
[2026-03-13 14:12:26] [DEBUG] Poll #20 active window: 'GOLD PRD - \\Remote'
[2026-03-13 14:12:27] [DEBUG] Poll #25 active window: 'GOLD PRD - \\Remote'
[2026-03-13 14:12:28] [DEBUG] Poll #30 active window: 'GOLD PRD - \\Remote'
[2026-03-13 14:12:29] [DEBUG] Poll #35 active window: 'GOLD PRD - \\Remote'
[2026-03-13 14:12:30] [DEBUG] Poll #40 active window: 'GOLD PRD - \\Remote'
[2026-03-13 14:12:30] [DEBUG] Waiting for color CCCCCC to disappear at (623,653)
[2026-03-13 14:12:30] [DEBUG] Color changed from CCCCCC to FFFFFF — loading complete
[2026-03-13 14:12:37] [DEBUG] Added 7 items to CSV for: D0024 - GROCERY -  IMPULSE > S0001 - IMPULSE CONFECTIONERY > C0006 - KIDS CONFECTIONERY > F0025
[2026-03-13 14:12:37] [DEBUG] Family group F0025: 7 items added to CSV
[2026-03-13 14:12:39] [DEBUG] Clicked and typed at (712,135): F0026
[2026-03-13 14:12:42] [DEBUG] Poll #5 active window: 'GOLD PRD - \\Remote'
[2026-03-13 14:12:43] [DEBUG] Poll #10 active window: 'GOLD PRD - \\Remote'
[2026-03-13 14:12:44] [DEBUG] Poll #15 active window: 'GOLD PRD - \\Remote'
[2026-03-13 14:12:45] [DEBUG] Poll #20 active window: 'GOLD PRD - \\Remote'
[2026-03-13 14:12:46] [DEBUG] Poll #25 active window: 'GOLD PRD - \\Remote'
[2026-03-13 14:12:47] [DEBUG] Poll #30 active window: 'GOLD PRD - \\Remote'
[2026-03-13 14:12:48] [DEBUG] Poll #35 active window: 'GOLD PRD - \\Remote'
[2026-03-13 14:12:49] [DEBUG] Poll #40 active window: 'GOLD PRD - \\Remote'
[2026-03-13 14:12:49] [DEBUG] Waiting for color CCCCCC to disappear at (623,653)
[2026-03-13 14:13:46] [DEBUG] Color changed from CCCCCC to FFFFFF — loading complete
[2026-03-13 14:13:53] [DEBUG] Added 97 items to CSV for: D0024 - GROCERY -  IMPULSE > S0001 - IMPULSE CONFECTIONERY > C0006 - KIDS CONFECTIONERY > F0026
[2026-03-13 14:13:53] [DEBUG] Family group F0026: 97 items added to CSV
[2026-03-13 14:13:55] [DEBUG] Clicked and typed at (712,135): F0027
[2026-03-13 14:13:58] [DEBUG] Poll #5 active window: 'GOLD PRD - \\Remote'
[2026-03-13 14:13:59] [DEBUG] Poll #10 active window: 'GOLD PRD - \\Remote'
[2026-03-13 14:14:00] [DEBUG] Poll #15 active window: 'GOLD PRD - \\Remote'
[2026-03-13 14:14:01] [DEBUG] Poll #20 active window: 'GOLD PRD - \\Remote'
[2026-03-13 14:14:02] [DEBUG] Poll #25 active window: 'GOLD PRD - \\Remote'
[2026-03-13 14:14:03] [DEBUG] Poll #30 active window: 'GOLD PRD - \\Remote'
[2026-03-13 14:14:04] [DEBUG] Poll #35 active window: 'GOLD PRD - \\Remote'
[2026-03-13 14:14:05] [DEBUG] Poll #40 active window: 'GOLD PRD - \\Remote'
[2026-03-13 14:14:05] [DEBUG] Waiting for color CCCCCC to disappear at (623,653)
[2026-03-13 14:14:26] [DEBUG] Color changed from CCCCCC to FFFFFF — loading complete
[2026-03-13 14:14:33] [DEBUG] Added 31 items to CSV for: D0024 - GROCERY -  IMPULSE > S0001 - IMPULSE CONFECTIONERY > C0006 - KIDS CONFECTIONERY > F0027
[2026-03-13 14:14:33] [DEBUG] Family group F0027: 31 items added to CSV
[2026-03-13 14:14:34] [DEBUG] Clicked and typed at (712,135): F0028
[2026-03-13 14:14:38] [DEBUG] Poll #5 active window: 'GOLD PRD - \\Remote'
[2026-03-13 14:14:39] [DEBUG] Poll #10 active window: 'GOLD PRD - \\Remote'
[2026-03-13 14:14:40] [DEBUG] Poll #15 active window: 'GOLD PRD - \\Remote'
[2026-03-13 14:14:41] [DEBUG] Poll #20 active window: 'GOLD PRD - \\Remote'
[2026-03-13 14:14:42] [DEBUG] Poll #25 active window: 'GOLD PRD - \\Remote'
[2026-03-13 14:14:43] [DEBUG] Poll #30 active window: 'GOLD PRD - \\Remote'
[2026-03-13 14:14:44] [DEBUG] Poll #35 active window: 'GOLD PRD - \\Remote'
[2026-03-13 14:14:45] [DEBUG] Poll #40 active window: 'GOLD PRD - \\Remote'
[2026-03-13 14:14:45] [DEBUG] Waiting for color CCCCCC to disappear at (623,653)
[2026-03-13 14:14:45] [DEBUG] Color changed from CCCCCC to E2E8FB — loading complete
[2026-03-13 14:14:52] [DEBUG] Added 1 items to CSV for: D0024 - GROCERY -  IMPULSE > S0001 - IMPULSE CONFECTIONERY > C0007 - PICK & MIX > F0028
[2026-03-13 14:14:52] [DEBUG] Family group F0028: 1 items added to CSV
[2026-03-13 14:14:54] [DEBUG] Clicked and typed at (712,135): F0029
[2026-03-13 14:14:57] [DEBUG] Poll #5 active window: 'GOLD PRD - \\Remote'
[2026-03-13 14:14:58] [DEBUG] Poll #10 active window: 'GOLD PRD - \\Remote'
[2026-03-13 14:14:59] [DEBUG] Poll #15 active window: 'GOLD PRD - \\Remote'
[2026-03-13 14:15:00] [DEBUG] Poll #20 active window: 'GOLD PRD - \\Remote'
[2026-03-13 14:15:01] [DEBUG] Poll #25 active window: 'GOLD PRD - \\Remote'
[2026-03-13 14:15:02] [DEBUG] Poll #30 active window: 'GOLD PRD - \\Remote'
[2026-03-13 14:15:03] [DEBUG] Poll #35 active window: 'GOLD PRD - \\Remote'
[2026-03-13 14:15:04] [DEBUG] Poll #40 active window: 'GOLD PRD - \\Remote'
[2026-03-13 14:15:04] [DEBUG] Waiting for color CCCCCC to disappear at (623,653)
[2026-03-13 14:15:04] [DEBUG] Color changed from CCCCCC to E2E8FB — loading complete
[2026-03-13 14:15:11] [DEBUG] Added 1 items to CSV for: D0024 - GROCERY -  IMPULSE > S0001 - IMPULSE CONFECTIONERY > C0007 - PICK & MIX > F0029
[2026-03-13 14:15:11] [DEBUG] Family group F0029: 1 items added to CSV
[2026-03-13 14:15:13] [DEBUG] Clicked and typed at (712,135): F0030
[2026-03-13 14:15:16] [DEBUG] Poll #5 active window: 'GOLD PRD - \\Remote'
[2026-03-13 14:15:17] [DEBUG] Poll #10 active window: 'GOLD PRD - \\Remote'
[2026-03-13 14:15:18] [DEBUG] Poll #15 active window: 'GOLD PRD - \\Remote'
[2026-03-13 14:15:19] [DEBUG] Poll #20 active window: 'GOLD PRD - \\Remote'
[2026-03-13 14:15:20] [DEBUG] Poll #25 active window: 'GOLD PRD - \\Remote'
[2026-03-13 14:15:21] [DEBUG] Poll #30 active window: 'GOLD PRD - \\Remote'
[2026-03-13 14:15:22] [DEBUG] Poll #35 active window: 'GOLD PRD - \\Remote'
[2026-03-13 14:15:23] [DEBUG] Poll #40 active window: 'GOLD PRD - \\Remote'
[2026-03-13 14:15:23] [DEBUG] Waiting for color CCCCCC to disappear at (623,653)
[2026-03-13 14:15:29] [DEBUG] Color changed from CCCCCC to FFFFFF — loading complete
[2026-03-13 14:15:36] [DEBUG] Added 23 items to CSV for: D0024 - GROCERY -  IMPULSE > S0001 - IMPULSE CONFECTIONERY > C0007 - PICK & MIX > F0030
[2026-03-13 14:15:36] [DEBUG] Family group F0030: 23 items added to CSV
[2026-03-13 14:15:38] [DEBUG] Clicked and typed at (712,135): F3511
[2026-03-13 14:15:41] [DEBUG] Poll #5 active window: 'GOLD PRD - \\Remote'
[2026-03-13 14:15:42] [DEBUG] Poll #10 active window: 'GOLD PRD - \\Remote'
[2026-03-13 14:15:43] [DEBUG] Poll #15 active window: 'GOLD PRD - \\Remote'
[2026-03-13 14:15:44] [DEBUG] Poll #20 active window: 'GOLD PRD - \\Remote'
[2026-03-13 14:15:45] [DEBUG] Poll #25 active window: 'GOLD PRD - \\Remote'
[2026-03-13 14:15:46] [DEBUG] Poll #30 active window: 'GOLD PRD - \\Remote'
[2026-03-13 14:15:47] [DEBUG] Poll #35 active window: 'GOLD PRD - \\Remote'
[2026-03-13 14:15:48] [DEBUG] Poll #40 active window: 'GOLD PRD - \\Remote'
[2026-03-13 14:15:48] [DEBUG] Waiting for color CCCCCC to disappear at (623,653)
[2026-03-13 14:16:03] [DEBUG] Color changed from CCCCCC to FFFFFF — loading complete
[2026-03-13 14:16:10] [DEBUG] Added 51 items to CSV for: D0024 - GROCERY -  IMPULSE > S0001 - IMPULSE CONFECTIONERY > C0700 - SNACKING CONFECTIONARY > F3511
[2026-03-13 14:16:10] [DEBUG] Family group F3511: 51 items added to CSV
[2026-03-13 14:16:12] [DEBUG] Clicked and typed at (712,135): F0032
[2026-03-13 14:16:15] [DEBUG] Poll #5 active window: 'GOLD PRD - \\Remote'
[2026-03-13 14:16:16] [DEBUG] Poll #10 active window: 'GOLD PRD - \\Remote'
[2026-03-13 14:16:17] [DEBUG] Poll #15 active window: 'GOLD PRD - \\Remote'
[2026-03-13 14:16:18] [DEBUG] Poll #20 active window: 'GOLD PRD - \\Remote'
[2026-03-13 14:16:19] [DEBUG] Poll #25 active window: 'GOLD PRD - \\Remote'
[2026-03-13 14:16:20] [DEBUG] Poll #30 active window: 'GOLD PRD - \\Remote'
[2026-03-13 14:16:21] [DEBUG] Poll #35 active window: 'GOLD PRD - \\Remote'
[2026-03-13 14:16:22] [DEBUG] Poll #40 active window: 'GOLD PRD - \\Remote'
[2026-03-13 14:16:22] [DEBUG] Waiting for color CCCCCC to disappear at (623,653)
[2026-03-13 14:16:22] [DEBUG] Color changed from CCCCCC to E2E8FB — loading complete
[2026-03-13 14:16:29] [DEBUG] Added 2 items to CSV for: D0024 - GROCERY -  IMPULSE > S0002 - IMPULSE CRISPS AND SNACKS > C0008 - IMPULSE CRISPS > F0032
[2026-03-13 14:16:29] [DEBUG] Family group F0032: 2 items added to CSV
[2026-03-13 14:16:31] [DEBUG] Clicked and typed at (712,135): F0033
[2026-03-13 14:16:34] [DEBUG] Poll #5 active window: 'GOLD PRD - \\Remote'
[2026-03-13 14:16:35] [DEBUG] Poll #10 active window: 'GOLD PRD - \\Remote'
[2026-03-13 14:16:36] [DEBUG] Poll #15 active window: 'GOLD PRD - \\Remote'
[2026-03-13 14:16:37] [DEBUG] Poll #20 active window: 'GOLD PRD - \\Remote'
[2026-03-13 14:16:38] [DEBUG] Poll #25 active window: 'GOLD PRD - \\Remote'
[2026-03-13 14:16:39] [DEBUG] Poll #30 active window: 'GOLD PRD - \\Remote'
[2026-03-13 14:16:40] [DEBUG] Poll #35 active window: 'GOLD PRD - \\Remote'
[2026-03-13 14:16:41] [DEBUG] Poll #40 active window: 'GOLD PRD - \\Remote'
[2026-03-13 14:16:41] [DEBUG] Waiting for color CCCCCC to disappear at (623,653)
[2026-03-13 14:17:27] [DEBUG] Color changed from CCCCCC to FFFFFF — loading complete
[2026-03-13 14:17:34] [DEBUG] Added 74 items to CSV for: D0024 - GROCERY -  IMPULSE > S0002 - IMPULSE CRISPS AND SNACKS > C0008 - IMPULSE CRISPS > F0033
[2026-03-13 14:17:34] [DEBUG] Family group F0033: 74 items added to CSV
[2026-03-13 14:17:36] [DEBUG] Clicked and typed at (712,135): F0034
[2026-03-13 14:17:39] [DEBUG] Poll #5 active window: 'GOLD PRD - \\Remote'
[2026-03-13 14:17:40] [DEBUG] Poll #10 active window: 'GOLD PRD - \\Remote'
[2026-03-13 14:17:41] [DEBUG] Poll #15 active window: 'GOLD PRD - \\Remote'
[2026-03-13 14:17:42] [DEBUG] Poll #20 active window: 'GOLD PRD - \\Remote'
[2026-03-13 14:17:43] [DEBUG] Poll #25 active window: 'GOLD PRD - \\Remote'
[2026-03-13 14:17:44] [DEBUG] Poll #30 active window: 'GOLD PRD - \\Remote'
[2026-03-13 14:17:45] [DEBUG] Poll #35 active window: 'GOLD PRD - \\Remote'
[2026-03-13 14:17:46] [DEBUG] Poll #40 active window: 'GOLD PRD - \\Remote'
[2026-03-13 14:17:46] [DEBUG] Waiting for color CCCCCC to disappear at (623,653)
[2026-03-13 14:17:46] [DEBUG] Color changed from CCCCCC to E2E8FB — loading complete
[2026-03-13 14:17:53] [DEBUG] Added 3 items to CSV for: D0024 - GROCERY -  IMPULSE > S0002 - IMPULSE CRISPS AND SNACKS > C0008 - IMPULSE CRISPS > F0034
[2026-03-13 14:17:53] [DEBUG] Family group F0034: 3 items added to CSV
[2026-03-13 14:17:55] [DEBUG] Clicked and typed at (712,135): F0035
[2026-03-13 14:17:58] [DEBUG] Poll #5 active window: 'GOLD PRD - \\Remote'
[2026-03-13 14:17:59] [DEBUG] Poll #10 active window: 'GOLD PRD - \\Remote'
[2026-03-13 14:18:00] [DEBUG] Poll #15 active window: 'GOLD PRD - \\Remote'
[2026-03-13 14:18:01] [DEBUG] Poll #20 active window: 'GOLD PRD - \\Remote'
[2026-03-13 14:18:02] [DEBUG] Poll #25 active window: 'GOLD PRD - \\Remote'
[2026-03-13 14:18:03] [DEBUG] Poll #30 active window: 'GOLD PRD - \\Remote'
[2026-03-13 14:18:04] [DEBUG] Poll #35 active window: 'GOLD PRD - \\Remote'
[2026-03-13 14:18:05] [DEBUG] Poll #40 active window: 'GOLD PRD - \\Remote'
[2026-03-13 14:18:05] [DEBUG] Waiting for color CCCCCC to disappear at (623,653)
[2026-03-13 14:18:05] [DEBUG] Color changed from CCCCCC to E2E8FB — loading complete
[2026-03-13 14:18:12] [DEBUG] Added 4 items to CSV for: D0024 - GROCERY -  IMPULSE > S0002 - IMPULSE CRISPS AND SNACKS > C0008 - IMPULSE CRISPS > F0035
[2026-03-13 14:18:12] [DEBUG] Family group F0035: 4 items added to CSV
[2026-03-13 14:18:14] [DEBUG] Clicked and typed at (712,135): F0036
[2026-03-13 14:18:17] [DEBUG] Poll #5 active window: 'GOLD PRD - \\Remote'
[2026-03-13 14:18:18] [DEBUG] Poll #10 active window: 'GOLD PRD - \\Remote'
[2026-03-13 14:18:19] [DEBUG] Poll #15 active window: 'GOLD PRD - \\Remote'
[2026-03-13 14:18:20] [DEBUG] Poll #20 active window: 'GOLD PRD - \\Remote'
[2026-03-13 14:18:21] [DEBUG] Poll #25 active window: 'GOLD PRD - \\Remote'
[2026-03-13 14:18:22] [DEBUG] Poll #30 active window: 'GOLD PRD - \\Remote'
[2026-03-13 14:18:23] [DEBUG] Poll #35 active window: 'GOLD PRD - \\Remote'
[2026-03-13 14:18:24] [DEBUG] Poll #40 active window: 'GOLD PRD - \\Remote'
[2026-03-13 14:18:24] [DEBUG] Waiting for color CCCCCC to disappear at (623,653)
[2026-03-13 14:18:32] [DEBUG] Color changed from CCCCCC to FFFFFF — loading complete
[2026-03-13 14:18:39] [DEBUG] Added 7 items to CSV for: D0024 - GROCERY -  IMPULSE > S0002 - IMPULSE CRISPS AND SNACKS > C0009 - IMPULSE SNACK > F0036
[2026-03-13 14:18:39] [DEBUG] Family group F0036: 7 items added to CSV
[2026-03-13 14:18:41] [DEBUG] Clicked and typed at (712,135): F0037
[2026-03-13 14:18:44] [DEBUG] Poll #5 active window: 'GOLD PRD - \\Remote'
[2026-03-13 14:18:45] [DEBUG] Poll #10 active window: 'GOLD PRD - \\Remote'
[2026-03-13 14:18:46] [DEBUG] Poll #15 active window: 'GOLD PRD - \\Remote'
[2026-03-13 14:18:47] [DEBUG] Poll #20 active window: 'GOLD PRD - \\Remote'
[2026-03-13 14:18:48] [DEBUG] Poll #25 active window: 'GOLD PRD - \\Remote'
[2026-03-13 14:18:49] [DEBUG] Poll #30 active window: 'GOLD PRD - \\Remote'
[2026-03-13 14:18:50] [DEBUG] Poll #35 active window: 'GOLD PRD - \\Remote'
[2026-03-13 14:18:51] [DEBUG] Poll #40 active window: 'GOLD PRD - \\Remote'
[2026-03-13 14:18:51] [DEBUG] Waiting for color CCCCCC to disappear at (623,653)
[2026-03-13 14:18:59] [DEBUG] Color changed from CCCCCC to FFFFFF — loading complete
[2026-03-13 14:19:06] [DEBUG] Added 33 items to CSV for: D0024 - GROCERY -  IMPULSE > S0002 - IMPULSE CRISPS AND SNACKS > C0009 - IMPULSE SNACK > F0037
[2026-03-13 14:19:06] [DEBUG] Family group F0037: 33 items added to CSV
[2026-03-13 14:19:08] [DEBUG] Clicked and typed at (712,135): F0038
[2026-03-13 14:19:11] [DEBUG] Poll #5 active window: 'GOLD PRD - \\Remote'
[2026-03-13 14:19:12] [DEBUG] Poll #10 active window: 'GOLD PRD - \\Remote'
[2026-03-13 14:19:13] [DEBUG] Poll #15 active window: 'GOLD PRD - \\Remote'
[2026-03-13 14:19:14] [DEBUG] Poll #20 active window: 'GOLD PRD - \\Remote'
[2026-03-13 14:19:15] [DEBUG] Poll #25 active window: 'GOLD PRD - \\Remote'
[2026-03-13 14:19:16] [DEBUG] Poll #30 active window: 'GOLD PRD - \\Remote'
[2026-03-13 14:19:17] [DEBUG] Poll #35 active window: 'GOLD PRD - \\Remote'
[2026-03-13 14:19:18] [DEBUG] Poll #40 active window: 'GOLD PRD - \\Remote'
[2026-03-13 14:19:18] [DEBUG] Waiting for color CCCCCC to disappear at (623,653)
[2026-03-13 14:19:33] [DEBUG] Color changed from CCCCCC to FFFFFF — loading complete
[2026-03-13 14:19:40] [DEBUG] Added 42 items to CSV for: D0024 - GROCERY -  IMPULSE > S0002 - IMPULSE CRISPS AND SNACKS > C0009 - IMPULSE SNACK > F0038
[2026-03-13 14:19:40] [DEBUG] Family group F0038: 42 items added to CSV
[2026-03-13 14:19:42] [DEBUG] Clicked and typed at (712,135): F0039
[2026-03-13 14:19:45] [DEBUG] Poll #5 active window: 'GOLD PRD - \\Remote'
[2026-03-13 14:19:46] [DEBUG] Poll #10 active window: 'GOLD PRD - \\Remote'
[2026-03-13 14:19:47] [DEBUG] Poll #15 active window: 'GOLD PRD - \\Remote'
[2026-03-13 14:19:48] [DEBUG] Poll #20 active window: 'GOLD PRD - \\Remote'
[2026-03-13 14:19:49] [DEBUG] Poll #25 active window: 'GOLD PRD - \\Remote'
[2026-03-13 14:19:50] [DEBUG] Poll #30 active window: 'GOLD PRD - \\Remote'
[2026-03-13 14:19:51] [DEBUG] Poll #35 active window: 'GOLD PRD - \\Remote'
[2026-03-13 14:19:52] [DEBUG] Poll #40 active window: 'GOLD PRD - \\Remote'
[2026-03-13 14:19:52] [DEBUG] Waiting for color CCCCCC to disappear at (623,653)
[2026-03-13 14:19:52] [DEBUG] Color changed from CCCCCC to E2E8FB — loading complete
[2026-03-13 14:19:59] [DEBUG] Added 4 items to CSV for: D0024 - GROCERY -  IMPULSE > S0002 - IMPULSE CRISPS AND SNACKS > C0009 - IMPULSE SNACK > F0039
[2026-03-13 14:19:59] [DEBUG] Family group F0039: 4 items added to CSV
[2026-03-13 14:20:01] [DEBUG] Clicked and typed at (712,135): F0041
[2026-03-13 14:20:04] [DEBUG] Poll #5 active window: 'GOLD PRD - \\Remote'
[2026-03-13 14:20:05] [DEBUG] Poll #10 active window: 'GOLD PRD - \\Remote'
[2026-03-13 14:20:06] [DEBUG] Poll #15 active window: 'GOLD PRD - \\Remote'
[2026-03-13 14:20:07] [DEBUG] Poll #20 active window: 'GOLD PRD - \\Remote'
[2026-03-13 14:20:08] [DEBUG] Poll #25 active window: 'GOLD PRD - \\Remote'
[2026-03-13 14:20:09] [DEBUG] Poll #30 active window: 'GOLD PRD - \\Remote'
[2026-03-13 14:20:10] [DEBUG] Poll #35 active window: 'GOLD PRD - \\Remote'
[2026-03-13 14:20:11] [DEBUG] Poll #40 active window: 'GOLD PRD - \\Remote'
[2026-03-13 14:20:11] [DEBUG] Waiting for color CCCCCC to disappear at (623,653)
[2026-03-13 14:20:11] [DEBUG] Color changed from CCCCCC to E2E8FB — loading complete
[2026-03-13 14:20:18] [DEBUG] Added 1 items to CSV for: D0024 - GROCERY -  IMPULSE > S0002 - IMPULSE CRISPS AND SNACKS > C0010 - IMPULSE POPCORN > F0041
[2026-03-13 14:20:18] [DEBUG] Family group F0041: 1 items added to CSV
[2026-03-13 14:20:20] [DEBUG] Clicked and typed at (712,135): F0043
[2026-03-13 14:20:23] [DEBUG] Poll #5 active window: 'GOLD PRD - \\Remote'
[2026-03-13 14:20:24] [DEBUG] Poll #10 active window: 'GOLD PRD - \\Remote'
[2026-03-13 14:20:25] [DEBUG] Poll #15 active window: 'GOLD PRD - \\Remote'
[2026-03-13 14:20:26] [DEBUG] Poll #20 active window: 'GOLD PRD - \\Remote'
[2026-03-13 14:20:27] [DEBUG] Poll #25 active window: 'GOLD PRD - \\Remote'
[2026-03-13 14:20:28] [DEBUG] Poll #30 active window: 'GOLD PRD - \\Remote'
[2026-03-13 14:20:29] [DEBUG] Poll #35 active window: 'GOLD PRD - \\Remote'
[2026-03-13 14:20:30] [DEBUG] Poll #40 active window: 'GOLD PRD - \\Remote'
[2026-03-13 14:20:30] [DEBUG] Waiting for color CCCCCC to disappear at (623,653)
[2026-03-13 14:20:30] [DEBUG] Color changed from CCCCCC to E2E8FB — loading complete
[2026-03-13 14:20:37] [DEBUG] Added 2 items to CSV for: D0024 - GROCERY -  IMPULSE > S0002 - IMPULSE CRISPS AND SNACKS > C0010 - IMPULSE POPCORN > F0043
[2026-03-13 14:20:37] [DEBUG] Family group F0043: 2 items added to CSV
[2026-03-13 14:20:39] [DEBUG] Clicked and typed at (712,135): F0044
[2026-03-13 14:20:42] [DEBUG] Poll #5 active window: 'GOLD PRD - \\Remote'
[2026-03-13 14:20:43] [DEBUG] Poll #10 active window: 'GOLD PRD - \\Remote'
[2026-03-13 14:20:44] [DEBUG] Poll #15 active window: 'GOLD PRD - \\Remote'
[2026-03-13 14:20:45] [DEBUG] Poll #20 active window: 'GOLD PRD - \\Remote'
[2026-03-13 14:20:46] [DEBUG] Poll #25 active window: 'GOLD PRD - \\Remote'
[2026-03-13 14:20:47] [DEBUG] Poll #30 active window: 'GOLD PRD - \\Remote'
[2026-03-13 14:20:48] [DEBUG] Poll #35 active window: 'GOLD PRD - \\Remote'
[2026-03-13 14:20:49] [DEBUG] Poll #40 active window: 'GOLD PRD - \\Remote'
[2026-03-13 14:20:49] [DEBUG] Waiting for color CCCCCC to disappear at (623,653)
[2026-03-13 14:20:51] [DEBUG] Color changed from CCCCCC to E2E8FB — loading complete
[2026-03-13 14:20:58] [DEBUG] Added 4 items to CSV for: D0024 - GROCERY -  IMPULSE > S0002 - IMPULSE CRISPS AND SNACKS > C0010 - IMPULSE POPCORN > F0044
[2026-03-13 14:20:58] [DEBUG] Family group F0044: 4 items added to CSV
[2026-03-13 14:21:00] [DEBUG] Clicked and typed at (712,135): F0045
[2026-03-13 14:21:03] [DEBUG] Poll #5 active window: 'GOLD PRD - \\Remote'
[2026-03-13 14:21:04] [DEBUG] Poll #10 active window: 'GOLD PRD - \\Remote'
[2026-03-13 14:21:05] [DEBUG] Poll #15 active window: 'GOLD PRD - \\Remote'
[2026-03-13 14:21:06] [DEBUG] Poll #20 active window: 'GOLD PRD - \\Remote'
[2026-03-13 14:21:07] [DEBUG] Poll #25 active window: 'GOLD PRD - \\Remote'
[2026-03-13 14:21:08] [DEBUG] Poll #30 active window: 'GOLD PRD - \\Remote'
[2026-03-13 14:21:09] [DEBUG] Poll #35 active window: 'GOLD PRD - \\Remote'
[2026-03-13 14:21:10] [DEBUG] Poll #40 active window: 'GOLD PRD - \\Remote'
[2026-03-13 14:21:10] [DEBUG] Waiting for color CCCCCC to disappear at (623,653)
[2026-03-13 14:21:10] [DEBUG] Color changed from CCCCCC to E2E8FB — loading complete
[2026-03-13 14:21:17] [DEBUG] No valid items found in clipboard for family group: F0045
[2026-03-13 14:21:17] [DEBUG] Family group F0045: 0 items added to CSV
[2026-03-13 14:21:19] [DEBUG] Clicked and typed at (712,135): F0046
[2026-03-13 14:21:22] [DEBUG] Poll #5 active window: 'GOLD PRD - \\Remote'
[2026-03-13 14:21:23] [DEBUG] Poll #10 active window: 'GOLD PRD - \\Remote'
[2026-03-13 14:21:24] [DEBUG] Poll #15 active window: 'GOLD PRD - \\Remote'
[2026-03-13 14:21:25] [DEBUG] Poll #20 active window: 'GOLD PRD - \\Remote'
[2026-03-13 14:21:26] [DEBUG] Poll #25 active window: 'GOLD PRD - \\Remote'
[2026-03-13 14:21:27] [DEBUG] Poll #30 active window: 'GOLD PRD - \\Remote'
[2026-03-13 14:21:28] [DEBUG] Poll #35 active window: 'GOLD PRD - \\Remote'
[2026-03-13 14:21:29] [DEBUG] Poll #40 active window: 'GOLD PRD - \\Remote'
[2026-03-13 14:21:29] [DEBUG] Waiting for color CCCCCC to disappear at (623,653)
[2026-03-13 14:21:29] [DEBUG] Color changed from CCCCCC to E2E8FB — loading complete
[2026-03-13 14:21:37] [DEBUG] Added 6 items to CSV for: D0024 - GROCERY -  IMPULSE > S0002 - IMPULSE CRISPS AND SNACKS > C0011 - IMPULSE NUTS > F0046
[2026-03-13 14:21:37] [DEBUG] Family group F0046: 6 items added to CSV
[2026-03-13 14:21:38] [DEBUG] Clicked and typed at (712,135): F0047
[2026-03-13 14:21:41] [DEBUG] Poll #5 active window: 'GOLD PRD - \\Remote'
[2026-03-13 14:21:42] [DEBUG] Poll #10 active window: 'GOLD PRD - \\Remote'
[2026-03-13 14:21:43] [DEBUG] Poll #15 active window: 'GOLD PRD - \\Remote'
[2026-03-13 14:21:44] [DEBUG] Poll #20 active window: 'GOLD PRD - \\Remote'
[2026-03-13 14:21:45] [DEBUG] Poll #25 active window: 'GOLD PRD - \\Remote'
[2026-03-13 14:21:47] [DEBUG] Poll #30 active window: 'GOLD PRD - \\Remote'
[2026-03-13 14:21:48] [DEBUG] Poll #35 active window: 'GOLD PRD - \\Remote'
[2026-03-13 14:21:49] [DEBUG] Poll #40 active window: 'GOLD PRD - \\Remote'
[2026-03-13 14:21:49] [DEBUG] Waiting for color CCCCCC to disappear at (623,653)
[2026-03-13 14:21:49] [DEBUG] Color changed from CCCCCC to E2E8FB — loading complete
[2026-03-13 14:21:56] [DEBUG] Added 1 items to CSV for: D0024 - GROCERY -  IMPULSE > S0002 - IMPULSE CRISPS AND SNACKS > C0011 - IMPULSE NUTS > F0047
[2026-03-13 14:21:56] [DEBUG] Family group F0047: 1 items added to CSV
[2026-03-13 14:21:58] [DEBUG] Clicked and typed at (712,135): F0048
[2026-03-13 14:22:01] [DEBUG] Poll #5 active window: 'GOLD PRD - \\Remote'
[2026-03-13 14:22:02] [DEBUG] Poll #10 active window: 'GOLD PRD - \\Remote'
[2026-03-13 14:22:03] [DEBUG] Poll #15 active window: 'GOLD PRD - \\Remote'
[2026-03-13 14:22:04] [DEBUG] Poll #20 active window: 'GOLD PRD - \\Remote'
[2026-03-13 14:22:05] [DEBUG] Poll #25 active window: 'GOLD PRD - \\Remote'
[2026-03-13 14:22:06] [DEBUG] Poll #30 active window: 'GOLD PRD - \\Remote'
[2026-03-13 14:22:07] [DEBUG] Poll #35 active window: 'GOLD PRD - \\Remote'
[2026-03-13 14:22:08] [DEBUG] Poll #40 active window: 'GOLD PRD - \\Remote'
[2026-03-13 14:22:08] [DEBUG] Waiting for color CCCCCC to disappear at (623,653)
[2026-03-13 14:22:10] [DEBUG] Color changed from CCCCCC to FFFFFF — loading complete
[2026-03-13 14:22:17] [DEBUG] Added 14 items to CSV for: D0024 - GROCERY -  IMPULSE > S0002 - IMPULSE CRISPS AND SNACKS > C0011 - IMPULSE NUTS > F0048
[2026-03-13 14:22:17] [DEBUG] Family group F0048: 14 items added to CSV
[2026-03-13 14:22:19] [DEBUG] Clicked and typed at (712,135): F0049
[2026-03-13 14:22:22] [DEBUG] Poll #5 active window: 'GOLD PRD - \\Remote'
[2026-03-13 14:22:23] [DEBUG] Poll #10 active window: 'GOLD PRD - \\Remote'
[2026-03-13 14:22:24] [DEBUG] Poll #15 active window: 'GOLD PRD - \\Remote'
[2026-03-13 14:22:25] [DEBUG] Poll #20 active window: 'GOLD PRD - \\Remote'
[2026-03-13 14:22:26] [DEBUG] Poll #25 active window: 'GOLD PRD - \\Remote'
[2026-03-13 14:22:27] [DEBUG] Poll #30 active window: 'GOLD PRD - \\Remote'
[2026-03-13 14:22:28] [DEBUG] Poll #35 active window: 'GOLD PRD - \\Remote'
[2026-03-13 14:22:29] [DEBUG] Poll #40 active window: 'GOLD PRD - \\Remote'
[2026-03-13 14:22:29] [DEBUG] Waiting for color CCCCCC to disappear at (623,653)
[2026-03-13 14:23:06] [DEBUG] Color changed from CCCCCC to FFFFFF — loading complete
[2026-03-13 14:23:13] [DEBUG] Added 93 items to CSV for: D0024 - GROCERY -  IMPULSE > S0002 - IMPULSE CRISPS AND SNACKS > C0011 - IMPULSE NUTS > F0049
[2026-03-13 14:23:13] [DEBUG] Family group F0049: 93 items added to CSV
[2026-03-13 14:23:15] [DEBUG] Clicked and typed at (712,135): F0050
[2026-03-13 14:23:18] [DEBUG] Poll #5 active window: 'GOLD PRD - \\Remote'
[2026-03-13 14:23:19] [DEBUG] Poll #10 active window: 'GOLD PRD - \\Remote'
[2026-03-13 14:23:20] [DEBUG] Poll #15 active window: 'GOLD PRD - \\Remote'
[2026-03-13 14:23:21] [DEBUG] Poll #20 active window: 'GOLD PRD - \\Remote'
[2026-03-13 14:23:22] [DEBUG] Poll #25 active window: 'GOLD PRD - \\Remote'
[2026-03-13 14:23:23] [DEBUG] Poll #30 active window: 'GOLD PRD - \\Remote'
[2026-03-13 14:23:24] [DEBUG] Poll #35 active window: 'GOLD PRD - \\Remote'
[2026-03-13 14:23:25] [DEBUG] Poll #40 active window: 'GOLD PRD - \\Remote'
[2026-03-13 14:23:25] [DEBUG] Waiting for color CCCCCC to disappear at (623,653)
[2026-03-13 14:23:27] [DEBUG] Color changed from CCCCCC to FFFFFF — loading complete
[2026-03-13 14:23:34] [DEBUG] Added 24 items to CSV for: D0024 - GROCERY -  IMPULSE > S0002 - IMPULSE CRISPS AND SNACKS > C0011 - IMPULSE NUTS > F0050
[2026-03-13 14:23:34] [DEBUG] Family group F0050: 24 items added to CSV
[2026-03-13 14:23:36] [DEBUG] Clicked and typed at (712,135): F0051
[2026-03-13 14:23:39] [DEBUG] Poll #5 active window: 'GOLD PRD - \\Remote'
[2026-03-13 14:23:40] [DEBUG] Poll #10 active window: 'GOLD PRD - \\Remote'
[2026-03-13 14:23:41] [DEBUG] Poll #15 active window: 'GOLD PRD - \\Remote'
[2026-03-13 14:23:42] [DEBUG] Poll #20 active window: 'GOLD PRD - \\Remote'
[2026-03-13 14:23:43] [DEBUG] Poll #25 active window: 'GOLD PRD - \\Remote'
[2026-03-13 14:23:44] [DEBUG] Poll #30 active window: 'GOLD PRD - \\Remote'
[2026-03-13 14:23:45] [DEBUG] Poll #35 active window: 'GOLD PRD - \\Remote'
[2026-03-13 14:23:46] [DEBUG] Poll #40 active window: 'GOLD PRD - \\Remote'
[2026-03-13 14:23:46] [DEBUG] Waiting for color CCCCCC to disappear at (623,653)
[2026-03-13 14:23:46] [DEBUG] Color changed from CCCCCC to E2E8FB — loading complete
[2026-03-13 14:23:53] [DEBUG] Added 4 items to CSV for: D0024 - GROCERY -  IMPULSE > S0002 - IMPULSE CRISPS AND SNACKS > C0011 - IMPULSE NUTS > F0051
[2026-03-13 14:23:53] [DEBUG] Family group F0051: 4 items added to CSV
[2026-03-13 14:23:55] [DEBUG] Clicked and typed at (712,135): F0052
[2026-03-13 14:23:58] [DEBUG] Poll #5 active window: 'GOLD PRD - \\Remote'
[2026-03-13 14:23:59] [DEBUG] Poll #10 active window: 'GOLD PRD - \\Remote'
[2026-03-13 14:24:00] [DEBUG] Poll #15 active window: 'GOLD PRD - \\Remote'
[2026-03-13 14:24:01] [DEBUG] Poll #20 active window: 'GOLD PRD - \\Remote'
[2026-03-13 14:24:02] [DEBUG] Poll #25 active window: 'GOLD PRD - \\Remote'
[2026-03-13 14:24:03] [DEBUG] Poll #30 active window: 'GOLD PRD - \\Remote'
[2026-03-13 14:24:04] [DEBUG] Poll #35 active window: 'GOLD PRD - \\Remote'
[2026-03-13 14:24:05] [DEBUG] Poll #40 active window: 'GOLD PRD - \\Remote'
[2026-03-13 14:24:05] [DEBUG] Waiting for color CCCCCC to disappear at (623,653)
[2026-03-13 14:24:07] [DEBUG] Color changed from CCCCCC to FFFFFF — loading complete
[2026-03-13 14:24:14] [DEBUG] Added 19 items to CSV for: D0024 - GROCERY -  IMPULSE > S0002 - IMPULSE CRISPS AND SNACKS > C0012 - IMPULSE DRIED FRUIT > F0052
[2026-03-13 14:24:14] [DEBUG] Family group F0052: 19 items added to CSV
[2026-03-13 14:24:16] [DEBUG] Clicked and typed at (712,135): F0053
[2026-03-13 14:24:19] [DEBUG] Poll #5 active window: 'GOLD PRD - \\Remote'
[2026-03-13 14:24:20] [DEBUG] Poll #10 active window: 'GOLD PRD - \\Remote'
[2026-03-13 14:24:21] [DEBUG] Poll #15 active window: 'GOLD PRD - \\Remote'
[2026-03-13 14:24:22] [DEBUG] Poll #20 active window: 'GOLD PRD - \\Remote'
[2026-03-13 14:24:23] [DEBUG] Poll #25 active window: 'GOLD PRD - \\Remote'
[2026-03-13 14:24:24] [DEBUG] Poll #30 active window: 'GOLD PRD - \\Remote'
[2026-03-13 14:24:25] [DEBUG] Poll #35 active window: 'GOLD PRD - \\Remote'
[2026-03-13 14:24:26] [DEBUG] Poll #40 active window: 'GOLD PRD - \\Remote'
[2026-03-13 14:24:26] [DEBUG] Waiting for color CCCCCC to disappear at (623,653)
[2026-03-13 14:24:27] [DEBUG] Color changed from CCCCCC to FFFFFF — loading complete
[2026-03-13 14:24:34] [DEBUG] Added 16 items to CSV for: D0024 - GROCERY -  IMPULSE > S0003 - IMPULSE SOFT DRINKS > C0013 - IMPULSE CARBONATES > F0053
[2026-03-13 14:24:34] [DEBUG] Family group F0053: 16 items added to CSV
[2026-03-13 14:24:36] [DEBUG] Clicked and typed at (712,135): F0054
[2026-03-13 14:24:39] [DEBUG] Poll #5 active window: 'GOLD PRD - \\Remote'
[2026-03-13 14:24:40] [DEBUG] Poll #10 active window: 'GOLD PRD - \\Remote'
[2026-03-13 14:24:41] [DEBUG] Poll #15 active window: 'GOLD PRD - \\Remote'
[2026-03-13 14:24:42] [DEBUG] Poll #20 active window: 'GOLD PRD - \\Remote'
[2026-03-13 14:24:43] [DEBUG] Poll #25 active window: 'GOLD PRD - \\Remote'
[2026-03-13 14:24:44] [DEBUG] Poll #30 active window: 'GOLD PRD - \\Remote'
[2026-03-13 14:24:45] [DEBUG] Poll #35 active window: 'GOLD PRD - \\Remote'
[2026-03-13 14:24:46] [DEBUG] Poll #40 active window: 'GOLD PRD - \\Remote'
[2026-03-13 14:24:46] [DEBUG] Waiting for color CCCCCC to disappear at (623,653)
[2026-03-13 14:24:52] [DEBUG] Color changed from CCCCCC to FFFFFF — loading complete
[2026-03-13 14:24:59] [DEBUG] Added 18 items to CSV for: D0024 - GROCERY -  IMPULSE > S0003 - IMPULSE SOFT DRINKS > C0013 - IMPULSE CARBONATES > F0054
[2026-03-13 14:24:59] [DEBUG] Family group F0054: 18 items added to CSV
[2026-03-13 14:25:01] [DEBUG] Clicked and typed at (712,135): F0055
[2026-03-13 14:25:04] [DEBUG] Poll #5 active window: 'GOLD PRD - \\Remote'
[2026-03-13 14:25:05] [DEBUG] Poll #10 active window: 'GOLD PRD - \\Remote'
[2026-03-13 14:25:06] [DEBUG] Poll #15 active window: 'GOLD PRD - \\Remote'
[2026-03-13 14:25:07] [DEBUG] Poll #20 active window: 'GOLD PRD - \\Remote'
[2026-03-13 14:25:08] [DEBUG] Poll #25 active window: 'GOLD PRD - \\Remote'
[2026-03-13 14:25:09] [DEBUG] Poll #30 active window: 'GOLD PRD - \\Remote'
[2026-03-13 14:25:10] [DEBUG] Poll #35 active window: 'GOLD PRD - \\Remote'
[2026-03-13 14:25:11] [DEBUG] Poll #40 active window: 'GOLD PRD - \\Remote'
[2026-03-13 14:25:11] [DEBUG] Waiting for color CCCCCC to disappear at (623,653)
[2026-03-13 14:25:11] [DEBUG] Color changed from CCCCCC to E2E8FB — loading complete
[2026-03-13 14:25:19] [DEBUG] Added 5 items to CSV for: D0024 - GROCERY -  IMPULSE > S0003 - IMPULSE SOFT DRINKS > C0013 - IMPULSE CARBONATES > F0055
[2026-03-13 14:25:19] [DEBUG] Family group F0055: 5 items added to CSV
[2026-03-13 14:25:20] [DEBUG] Clicked and typed at (712,135): F0056
[2026-03-13 14:25:23] [DEBUG] Poll #5 active window: 'GOLD PRD - \\Remote'
[2026-03-13 14:25:24] [DEBUG] Poll #10 active window: 'GOLD PRD - \\Remote'
[2026-03-13 14:25:25] [DEBUG] Poll #15 active window: 'GOLD PRD - \\Remote'
[2026-03-13 14:25:26] [DEBUG] Poll #20 active window: 'GOLD PRD - \\Remote'
[2026-03-13 14:25:27] [DEBUG] Poll #25 active window: 'GOLD PRD - \\Remote'
[2026-03-13 14:25:28] [DEBUG] Poll #30 active window: 'GOLD PRD - \\Remote'
[2026-03-13 14:25:29] [DEBUG] Poll #35 active window: 'GOLD PRD - \\Remote'
[2026-03-13 14:25:30] [DEBUG] Poll #40 active window: 'GOLD PRD - \\Remote'
[2026-03-13 14:25:30] [DEBUG] Waiting for color CCCCCC to disappear at (623,653)
[2026-03-13 14:25:30] [DEBUG] Color changed from CCCCCC to E2E8FB — loading complete
[2026-03-13 14:25:38] [DEBUG] Added 9 items to CSV for: D0024 - GROCERY -  IMPULSE > S0003 - IMPULSE SOFT DRINKS > C0013 - IMPULSE CARBONATES > F0056
[2026-03-13 14:25:38] [DEBUG] Family group F0056: 9 items added to CSV
[2026-03-13 14:25:39] [DEBUG] Clicked and typed at (712,135): F0057
[2026-03-13 14:25:42] [DEBUG] Poll #5 active window: 'GOLD PRD - \\Remote'
[2026-03-13 14:25:43] [DEBUG] Poll #10 active window: 'GOLD PRD - \\Remote'
[2026-03-13 14:25:44] [DEBUG] Poll #15 active window: 'GOLD PRD - \\Remote'
[2026-03-13 14:25:45] [DEBUG] Poll #20 active window: 'GOLD PRD - \\Remote'
[2026-03-13 14:25:46] [DEBUG] Poll #25 active window: 'GOLD PRD - \\Remote'
[2026-03-13 14:25:47] [DEBUG] Poll #30 active window: 'GOLD PRD - \\Remote'
[2026-03-13 14:25:49] [DEBUG] Poll #35 active window: 'GOLD PRD - \\Remote'
[2026-03-13 14:25:50] [DEBUG] Poll #40 active window: 'GOLD PRD - \\Remote'
[2026-03-13 14:25:50] [DEBUG] Waiting for color CCCCCC to disappear at (623,653)
[2026-03-13 14:25:50] [DEBUG] Color changed from CCCCCC to E2E8FB — loading complete
[2026-03-13 14:25:57] [DEBUG] Added 3 items to CSV for: D0024 - GROCERY -  IMPULSE > S0003 - IMPULSE SOFT DRINKS > C0013 - IMPULSE CARBONATES > F0057
[2026-03-13 14:25:57] [DEBUG] Family group F0057: 3 items added to CSV
[2026-03-13 14:25:59] [DEBUG] Clicked and typed at (712,135): F0058
[2026-03-13 14:26:02] [DEBUG] Poll #5 active window: 'GOLD PRD - \\Remote'
[2026-03-13 14:26:03] [DEBUG] Poll #10 active window: 'GOLD PRD - \\Remote'
[2026-03-13 14:26:04] [DEBUG] Poll #15 active window: 'GOLD PRD - \\Remote'
[2026-03-13 14:26:05] [DEBUG] Poll #20 active window: 'GOLD PRD - \\Remote'
[2026-03-13 14:26:06] [DEBUG] Poll #25 active window: 'GOLD PRD - \\Remote'
[2026-03-13 14:26:07] [DEBUG] Poll #30 active window: 'GOLD PRD - \\Remote'
[2026-03-13 14:26:08] [DEBUG] Poll #35 active window: 'GOLD PRD - \\Remote'
[2026-03-13 14:26:09] [DEBUG] Poll #40 active window: 'GOLD PRD - \\Remote'
[2026-03-13 14:26:09] [DEBUG] Waiting for color CCCCCC to disappear at (623,653)
[2026-03-13 14:26:09] [DEBUG] Color changed from CCCCCC to FFFFFF — loading complete
[2026-03-13 14:26:16] [DEBUG] Added 7 items to CSV for: D0024 - GROCERY -  IMPULSE > S0003 - IMPULSE SOFT DRINKS > C0013 - IMPULSE CARBONATES > F0058
[2026-03-13 14:26:16] [DEBUG] Family group F0058: 7 items added to CSV
[2026-03-13 14:26:18] [DEBUG] Clicked and typed at (712,135): F0059
[2026-03-13 14:26:21] [DEBUG] Poll #5 active window: 'GOLD PRD - \\Remote'
[2026-03-13 14:26:22] [DEBUG] Poll #10 active window: 'GOLD PRD - \\Remote'
[2026-03-13 14:26:23] [DEBUG] Poll #15 active window: 'GOLD PRD - \\Remote'
[2026-03-13 14:26:24] [DEBUG] Poll #20 active window: 'GOLD PRD - \\Remote'
[2026-03-13 14:26:25] [DEBUG] Poll #25 active window: 'GOLD PRD - \\Remote'
[2026-03-13 14:26:26] [DEBUG] Poll #30 active window: 'GOLD PRD - \\Remote'
[2026-03-13 14:26:27] [DEBUG] Poll #35 active window: 'GOLD PRD - \\Remote'
[2026-03-13 14:26:28] [DEBUG] Poll #40 active window: 'GOLD PRD - \\Remote'
[2026-03-13 14:26:28] [DEBUG] Waiting for color CCCCCC to disappear at (623,653)
[2026-03-13 14:26:34] [DEBUG] Color changed from CCCCCC to FFFFFF — loading complete
[2026-03-13 14:26:42] [DEBUG] Added 18 items to CSV for: D0024 - GROCERY -  IMPULSE > S0003 - IMPULSE SOFT DRINKS > C0013 - IMPULSE CARBONATES > F0059
[2026-03-13 14:26:42] [DEBUG] Family group F0059: 18 items added to CSV
[2026-03-13 14:26:43] [DEBUG] Clicked and typed at (712,135): F0060
[2026-03-13 14:26:46] [DEBUG] Poll #5 active window: 'GOLD PRD - \\Remote'
[2026-03-13 14:26:47] [DEBUG] Poll #10 active window: 'GOLD PRD - \\Remote'
[2026-03-13 14:26:48] [DEBUG] Poll #15 active window: 'GOLD PRD - \\Remote'
[2026-03-13 14:26:49] [DEBUG] Poll #20 active window: 'GOLD PRD - \\Remote'
[2026-03-13 14:26:50] [DEBUG] Poll #25 active window: 'GOLD PRD - \\Remote'
[2026-03-13 14:26:51] [DEBUG] Poll #30 active window: 'GOLD PRD - \\Remote'
[2026-03-13 14:26:52] [DEBUG] Poll #35 active window: 'GOLD PRD - \\Remote'
[2026-03-13 14:26:54] [DEBUG] Poll #40 active window: 'GOLD PRD - \\Remote'
[2026-03-13 14:26:54] [DEBUG] Waiting for color CCCCCC to disappear at (623,653)
[2026-03-13 14:27:03] [DEBUG] Color changed from CCCCCC to FFFFFF — loading complete
[2026-03-13 14:27:11] [DEBUG] Added 33 items to CSV for: D0024 - GROCERY -  IMPULSE > S0003 - IMPULSE SOFT DRINKS > C0013 - IMPULSE CARBONATES > F0060
[2026-03-13 14:27:11] [DEBUG] Family group F0060: 33 items added to CSV
[2026-03-13 14:27:12] [DEBUG] Clicked and typed at (712,135): F5286
[2026-03-13 14:27:15] [DEBUG] Poll #5 active window: 'GOLD PRD - \\Remote'
[2026-03-13 14:27:16] [DEBUG] Poll #10 active window: 'GOLD PRD - \\Remote'
[2026-03-13 14:27:17] [DEBUG] Poll #15 active window: 'GOLD PRD - \\Remote'
[2026-03-13 14:27:18] [DEBUG] Poll #20 active window: 'GOLD PRD - \\Remote'
[2026-03-13 14:27:19] [DEBUG] Poll #25 active window: 'GOLD PRD - \\Remote'
[2026-03-13 14:27:20] [DEBUG] Poll #30 active window: 'GOLD PRD - \\Remote'
[2026-03-13 14:27:21] [DEBUG] Poll #35 active window: 'GOLD PRD - \\Remote'
[2026-03-13 14:27:22] [DEBUG] Poll #40 active window: 'GOLD PRD - \\Remote'
[2026-03-13 14:27:22] [DEBUG] Waiting for color CCCCCC to disappear at (623,653)
[2026-03-13 14:27:23] [DEBUG] Color changed from CCCCCC to E2E8FB — loading complete
[2026-03-13 14:27:30] [DEBUG] Added 2 items to CSV for: D0024 - GROCERY -  IMPULSE > S0003 - IMPULSE SOFT DRINKS > C0013 - IMPULSE CARBONATES > F5286
[2026-03-13 14:27:30] [DEBUG] Family group F5286: 2 items added to CSV
[2026-03-13 14:27:31] [DEBUG] Clicked and typed at (712,135): F0061
[2026-03-13 14:27:35] [DEBUG] Poll #5 active window: 'GOLD PRD - \\Remote'
[2026-03-13 14:27:36] [DEBUG] Poll #10 active window: 'GOLD PRD - \\Remote'
[2026-03-13 14:27:37] [DEBUG] Poll #15 active window: 'GOLD PRD - \\Remote'
[2026-03-13 14:27:38] [DEBUG] Poll #20 active window: 'GOLD PRD - \\Remote'
[2026-03-13 14:27:39] [DEBUG] Poll #25 active window: 'GOLD PRD - \\Remote'
[2026-03-13 14:27:40] [DEBUG] Poll #30 active window: 'GOLD PRD - \\Remote'
[2026-03-13 14:27:41] [DEBUG] Poll #35 active window: 'GOLD PRD - \\Remote'
[2026-03-13 14:27:42] [DEBUG] Poll #40 active window: 'GOLD PRD - \\Remote'
[2026-03-13 14:27:42] [DEBUG] Waiting for color CCCCCC to disappear at (623,653)
[2026-03-13 14:28:22] [DEBUG] Color changed from CCCCCC to FFFFFF — loading complete
[2026-03-13 14:28:30] [DEBUG] Added 73 items to CSV for: D0024 - GROCERY -  IMPULSE > S0003 - IMPULSE SOFT DRINKS > C0014 - IMPULSE ENERGY DRINKS > F0061
[2026-03-13 14:28:30] [DEBUG] Family group F0061: 73 items added to CSV
[2026-03-13 14:28:31] [DEBUG] Clicked and typed at (712,135): F0062
[2026-03-13 14:28:34] [DEBUG] Poll #5 active window: 'GOLD PRD - \\Remote'
[2026-03-13 14:28:35] [DEBUG] Poll #10 active window: 'GOLD PRD - \\Remote'
[2026-03-13 14:28:36] [DEBUG] Poll #15 active window: 'GOLD PRD - \\Remote'
[2026-03-13 14:28:37] [DEBUG] Poll #20 active window: 'GOLD PRD - \\Remote'
[2026-03-13 14:28:38] [DEBUG] Poll #25 active window: 'GOLD PRD - \\Remote'
[2026-03-13 14:28:39] [DEBUG] Poll #30 active window: 'GOLD PRD - \\Remote'
[2026-03-13 14:28:40] [DEBUG] Poll #35 active window: 'GOLD PRD - \\Remote'
[2026-03-13 14:28:41] [DEBUG] Poll #40 active window: 'GOLD PRD - \\Remote'
[2026-03-13 14:28:41] [DEBUG] Waiting for color CCCCCC to disappear at (623,653)
[2026-03-13 14:29:21] [DEBUG] Color changed from CCCCCC to FFFFFF — loading complete
[2026-03-13 14:29:28] [DEBUG] Added 95 items to CSV for: D0024 - GROCERY -  IMPULSE > S0003 - IMPULSE SOFT DRINKS > C0014 - IMPULSE ENERGY DRINKS > F0062
[2026-03-13 14:29:28] [DEBUG] Family group F0062: 95 items added to CSV
[2026-03-13 14:29:30] [DEBUG] Clicked and typed at (712,135): F0063
[2026-03-13 14:29:33] [DEBUG] Poll #5 active window: 'GOLD PRD - \\Remote'
[2026-03-13 14:29:34] [DEBUG] Poll #10 active window: 'GOLD PRD - \\Remote'
[2026-03-13 14:29:35] [DEBUG] Poll #15 active window: 'GOLD PRD - \\Remote'
[2026-03-13 14:29:36] [DEBUG] Poll #20 active window: 'GOLD PRD - \\Remote'
[2026-03-13 14:29:37] [DEBUG] Poll #25 active window: 'GOLD PRD - \\Remote'
[2026-03-13 14:29:38] [DEBUG] Poll #30 active window: 'GOLD PRD - \\Remote'
[2026-03-13 14:29:39] [DEBUG] Poll #35 active window: 'GOLD PRD - \\Remote'
[2026-03-13 14:29:40] [DEBUG] Poll #40 active window: 'GOLD PRD - \\Remote'
[2026-03-13 14:29:40] [DEBUG] Waiting for color CCCCCC to disappear at (623,653)
[2026-03-13 14:29:40] [DEBUG] Color changed from CCCCCC to E2E8FB — loading complete
[2026-03-13 14:29:47] [DEBUG] Added 5 items to CSV for: D0024 - GROCERY -  IMPULSE > S0003 - IMPULSE SOFT DRINKS > C0014 - IMPULSE ENERGY DRINKS > F0063
[2026-03-13 14:29:47] [DEBUG] Family group F0063: 5 items added to CSV
[2026-03-13 14:29:49] [DEBUG] Clicked and typed at (712,135): F0065
[2026-03-13 14:29:52] [DEBUG] Poll #5 active window: 'GOLD PRD - \\Remote'
[2026-03-13 14:29:53] [DEBUG] Poll #10 active window: 'GOLD PRD - \\Remote'
[2026-03-13 14:29:54] [DEBUG] Poll #15 active window: 'GOLD PRD - \\Remote'
[2026-03-13 14:29:55] [DEBUG] Poll #20 active window: 'GOLD PRD - \\Remote'
[2026-03-13 14:29:56] [DEBUG] Poll #25 active window: 'GOLD PRD - \\Remote'
[2026-03-13 14:29:57] [DEBUG] Poll #30 active window: 'GOLD PRD - \\Remote'
[2026-03-13 14:29:58] [DEBUG] Poll #35 active window: 'GOLD PRD - \\Remote'
[2026-03-13 14:29:59] [DEBUG] Poll #40 active window: 'GOLD PRD - \\Remote'
[2026-03-13 14:29:59] [DEBUG] Waiting for color CCCCCC to disappear at (623,653)
[2026-03-13 14:30:12] [DEBUG] Color changed from CCCCCC to FFFFFF — loading complete
[2026-03-13 14:30:20] [DEBUG] Added 40 items to CSV for: D0024 - GROCERY -  IMPULSE > S0003 - IMPULSE SOFT DRINKS > C0015 - IMPULSE READY TO DRINK > F0065
[2026-03-13 14:30:20] [DEBUG] Family group F0065: 40 items added to CSV
[2026-03-13 14:30:21] [DEBUG] Clicked and typed at (712,135): F0066
[2026-03-13 14:30:24] [DEBUG] Poll #5 active window: 'GOLD PRD - \\Remote'
[2026-03-13 14:30:25] [DEBUG] Poll #10 active window: 'GOLD PRD - \\Remote'
[2026-03-13 14:30:27] [DEBUG] Poll #15 active window: 'GOLD PRD - \\Remote'
[2026-03-13 14:30:28] [DEBUG] Poll #20 active window: 'GOLD PRD - \\Remote'
[2026-03-13 14:30:29] [DEBUG] Poll #25 active window: 'GOLD PRD - \\Remote'
[2026-03-13 14:30:30] [DEBUG] Poll #30 active window: 'GOLD PRD - \\Remote'
[2026-03-13 14:30:31] [DEBUG] Poll #35 active window: 'GOLD PRD - \\Remote'
[2026-03-13 14:30:32] [DEBUG] Poll #40 active window: 'GOLD PRD - \\Remote'
[2026-03-13 14:30:32] [DEBUG] Waiting for color CCCCCC to disappear at (623,653)
[2026-03-13 14:30:32] [DEBUG] Color changed from CCCCCC to E2E8FB — loading complete
[2026-03-13 14:30:39] [DEBUG] Added 8 items to CSV for: D0024 - GROCERY -  IMPULSE > S0003 - IMPULSE SOFT DRINKS > C0015 - IMPULSE READY TO DRINK > F0066
[2026-03-13 14:30:39] [DEBUG] Family group F0066: 8 items added to CSV
[2026-03-13 14:30:41] [DEBUG] Clicked and typed at (712,135): F0067
[2026-03-13 14:30:44] [DEBUG] Poll #5 active window: 'GOLD PRD - \\Remote'
[2026-03-13 14:30:45] [DEBUG] Poll #10 active window: 'GOLD PRD - \\Remote'
[2026-03-13 14:30:46] [DEBUG] Poll #15 active window: 'GOLD PRD - \\Remote'
[2026-03-13 14:30:47] [DEBUG] Poll #20 active window: 'GOLD PRD - \\Remote'
[2026-03-13 14:30:48] [DEBUG] Poll #25 active window: 'GOLD PRD - \\Remote'
[2026-03-13 14:30:49] [DEBUG] Poll #30 active window: 'GOLD PRD - \\Remote'
[2026-03-13 14:30:50] [DEBUG] Poll #35 active window: 'GOLD PRD - \\Remote'
[2026-03-13 14:30:51] [DEBUG] Poll #40 active window: 'GOLD PRD - \\Remote'
[2026-03-13 14:30:51] [DEBUG] Waiting for color CCCCCC to disappear at (623,653)
[2026-03-13 14:30:51] [DEBUG] Color changed from CCCCCC to E2E8FB — loading complete
[2026-03-13 14:30:58] [DEBUG] Added 11 items to CSV for: D0024 - GROCERY -  IMPULSE > S0003 - IMPULSE SOFT DRINKS > C0015 - IMPULSE READY TO DRINK > F0067
[2026-03-13 14:30:58] [DEBUG] Family group F0067: 11 items added to CSV
[2026-03-13 14:31:00] [DEBUG] Clicked and typed at (712,135): F0069
[2026-03-13 14:31:03] [DEBUG] Poll #5 active window: 'GOLD PRD - \\Remote'
[2026-03-13 14:31:04] [DEBUG] Poll #10 active window: 'GOLD PRD - \\Remote'
[2026-03-13 14:31:05] [DEBUG] Poll #15 active window: 'GOLD PRD - \\Remote'
[2026-03-13 14:31:06] [DEBUG] Poll #20 active window: 'GOLD PRD - \\Remote'
[2026-03-13 14:31:07] [DEBUG] Poll #25 active window: 'GOLD PRD - \\Remote'
[2026-03-13 14:31:08] [DEBUG] Poll #30 active window: 'GOLD PRD - \\Remote'
[2026-03-13 14:31:09] [DEBUG] Poll #35 active window: 'GOLD PRD - \\Remote'
[2026-03-13 14:31:10] [DEBUG] Poll #40 active window: 'GOLD PRD - \\Remote'
[2026-03-13 14:31:10] [DEBUG] Waiting for color CCCCCC to disappear at (623,653)
[2026-03-13 14:31:10] [DEBUG] Color changed from CCCCCC to FFFFFF — loading complete
[2026-03-13 14:31:18] [DEBUG] Added 12 items to CSV for: D0024 - GROCERY -  IMPULSE > S0003 - IMPULSE SOFT DRINKS > C0016 - IMPULSE WATER > F0069
[2026-03-13 14:31:18] [DEBUG] Family group F0069: 12 items added to CSV
[2026-03-13 14:31:19] [DEBUG] Clicked and typed at (712,135): F0070
[2026-03-13 14:31:22] [DEBUG] Poll #5 active window: 'GOLD PRD - \\Remote'
[2026-03-13 14:31:23] [DEBUG] Poll #10 active window: 'GOLD PRD - \\Remote'
[2026-03-13 14:31:25] [DEBUG] Poll #15 active window: 'GOLD PRD - \\Remote'
[2026-03-13 14:31:26] [DEBUG] Poll #20 active window: 'GOLD PRD - \\Remote'
[2026-03-13 14:31:27] [DEBUG] Poll #25 active window: 'GOLD PRD - \\Remote'
[2026-03-13 14:31:28] [DEBUG] Poll #30 active window: 'GOLD PRD - \\Remote'
[2026-03-13 14:31:29] [DEBUG] Poll #35 active window: 'GOLD PRD - \\Remote'
[2026-03-13 14:31:30] [DEBUG] Poll #40 active window: 'GOLD PRD - \\Remote'
[2026-03-13 14:31:30] [DEBUG] Waiting for color CCCCCC to disappear at (623,653)
[2026-03-13 14:31:36] [DEBUG] Color changed from CCCCCC to FFFFFF — loading complete
[2026-03-13 14:31:43] [DEBUG] Added 17 items to CSV for: D0024 - GROCERY -  IMPULSE > S0003 - IMPULSE SOFT DRINKS > C0016 - IMPULSE WATER > F0070
[2026-03-13 14:31:43] [DEBUG] Family group F0070: 17 items added to CSV
[2026-03-13 14:31:45] [DEBUG] Clicked and typed at (712,135): F0071
[2026-03-13 14:31:48] [DEBUG] Poll #5 active window: 'GOLD PRD - \\Remote'
[2026-03-13 14:31:49] [DEBUG] Poll #10 active window: 'GOLD PRD - \\Remote'
[2026-03-13 14:31:50] [DEBUG] Poll #15 active window: 'GOLD PRD - \\Remote'
[2026-03-13 14:31:51] [DEBUG] Poll #20 active window: 'GOLD PRD - \\Remote'
[2026-03-13 14:31:52] [DEBUG] Poll #25 active window: 'GOLD PRD - \\Remote'
[2026-03-13 14:31:53] [DEBUG] Poll #30 active window: 'GOLD PRD - \\Remote'
[2026-03-13 14:31:54] [DEBUG] Poll #35 active window: 'GOLD PRD - \\Remote'
[2026-03-13 14:31:55] [DEBUG] Poll #40 active window: 'GOLD PRD - \\Remote'
[2026-03-13 14:31:55] [DEBUG] Waiting for color CCCCCC to disappear at (623,653)
[2026-03-13 14:31:55] [DEBUG] Color changed from CCCCCC to FFFFFF — loading complete
[2026-03-13 14:32:02] [DEBUG] Added 5 items to CSV for: D0024 - GROCERY -  IMPULSE > S0003 - IMPULSE SOFT DRINKS > C0016 - IMPULSE WATER > F0071
[2026-03-13 14:32:02] [DEBUG] Family group F0071: 5 items added to CSV
[2026-03-13 14:32:04] [DEBUG] Clicked and typed at (712,135): F0072
[2026-03-13 14:32:07] [DEBUG] Poll #5 active window: 'GOLD PRD - \\Remote'
[2026-03-13 14:32:08] [DEBUG] Poll #10 active window: 'GOLD PRD - \\Remote'
[2026-03-13 14:32:09] [DEBUG] Poll #15 active window: 'GOLD PRD - \\Remote'
[2026-03-13 14:32:10] [DEBUG] Poll #20 active window: 'GOLD PRD - \\Remote'
[2026-03-13 14:32:11] [DEBUG] Poll #25 active window: 'GOLD PRD - \\Remote'
[2026-03-13 14:32:12] [DEBUG] Poll #30 active window: 'GOLD PRD - \\Remote'
[2026-03-13 14:32:13] [DEBUG] Poll #35 active window: 'GOLD PRD - \\Remote'
[2026-03-13 14:32:14] [DEBUG] Poll #40 active window: 'GOLD PRD - \\Remote'
[2026-03-13 14:32:14] [DEBUG] Waiting for color CCCCCC to disappear at (623,653)
[2026-03-13 14:32:14] [DEBUG] Color changed from CCCCCC to E2E8FB — loading complete
[2026-03-13 14:32:21] [DEBUG] Added 5 items to CSV for: D0024 - GROCERY -  IMPULSE > S0003 - IMPULSE SOFT DRINKS > C0016 - IMPULSE WATER > F0072
[2026-03-13 14:32:21] [DEBUG] Family group F0072: 5 items added to CSV
[2026-03-13 14:32:23] [DEBUG] Clicked and typed at (712,135): F0073
[2026-03-13 14:32:26] [DEBUG] Poll #5 active window: 'GOLD PRD - \\Remote'
[2026-03-13 14:32:27] [DEBUG] Poll #10 active window: 'GOLD PRD - \\Remote'
[2026-03-13 14:32:28] [DEBUG] Poll #15 active window: 'GOLD PRD - \\Remote'
[2026-03-13 14:32:29] [DEBUG] Poll #20 active window: 'GOLD PRD - \\Remote'
[2026-03-13 14:32:30] [DEBUG] Poll #25 active window: 'GOLD PRD - \\Remote'
[2026-03-13 14:32:31] [DEBUG] Poll #30 active window: 'GOLD PRD - \\Remote'
[2026-03-13 14:32:32] [DEBUG] Poll #35 active window: 'GOLD PRD - \\Remote'
[2026-03-13 14:32:33] [DEBUG] Poll #40 active window: 'GOLD PRD - \\Remote'
[2026-03-13 14:32:33] [DEBUG] Waiting for color CCCCCC to disappear at (623,653)
[2026-03-13 14:32:42] [DEBUG] Color changed from CCCCCC to FFFFFF — loading complete
[2026-03-13 14:32:49] [DEBUG] Added 23 items to CSV for: D0024 - GROCERY -  IMPULSE > S0003 - IMPULSE SOFT DRINKS > C0016 - IMPULSE WATER > F0073
[2026-03-13 14:32:49] [DEBUG] Family group F0073: 23 items added to CSV
[2026-03-13 14:32:51] [DEBUG] Clicked and typed at (712,135): F5287
[2026-03-13 14:32:54] [DEBUG] Poll #5 active window: 'GOLD PRD - \\Remote'
[2026-03-13 14:32:55] [DEBUG] Poll #10 active window: 'GOLD PRD - \\Remote'
[2026-03-13 14:32:56] [DEBUG] Poll #15 active window: 'GOLD PRD - \\Remote'
[2026-03-13 14:32:57] [DEBUG] Poll #20 active window: 'GOLD PRD - \\Remote'
[2026-03-13 14:32:58] [DEBUG] Poll #25 active window: 'GOLD PRD - \\Remote'
[2026-03-13 14:32:59] [DEBUG] Poll #30 active window: 'GOLD PRD - \\Remote'
[2026-03-13 14:33:00] [DEBUG] Poll #35 active window: 'GOLD PRD - \\Remote'
[2026-03-13 14:33:01] [DEBUG] Poll #40 active window: 'GOLD PRD - \\Remote'
[2026-03-13 14:33:01] [DEBUG] Waiting for color CCCCCC to disappear at (623,653)
[2026-03-13 14:33:01] [DEBUG] Color changed from CCCCCC to E2E8FB — loading complete
[2026-03-13 14:33:08] [DEBUG] Added 8 items to CSV for: D0024 - GROCERY -  IMPULSE > S0003 - IMPULSE SOFT DRINKS > C0016 - IMPULSE WATER > F5287
[2026-03-13 14:33:08] [DEBUG] Family group F5287: 8 items added to CSV
[2026-03-13 14:33:10] [DEBUG] Clicked and typed at (712,135): F5289
[2026-03-13 14:33:13] [DEBUG] Poll #5 active window: 'GOLD PRD - \\Remote'
[2026-03-13 14:33:14] [DEBUG] Poll #10 active window: 'GOLD PRD - \\Remote'
[2026-03-13 14:33:15] [DEBUG] Poll #15 active window: 'GOLD PRD - \\Remote'
[2026-03-13 14:33:16] [DEBUG] Poll #20 active window: 'GOLD PRD - \\Remote'
[2026-03-13 14:33:17] [DEBUG] Poll #25 active window: 'GOLD PRD - \\Remote'
[2026-03-13 14:33:18] [DEBUG] Poll #30 active window: 'GOLD PRD - \\Remote'
[2026-03-13 14:33:19] [DEBUG] Poll #35 active window: 'GOLD PRD - \\Remote'
[2026-03-13 14:33:20] [DEBUG] Poll #40 active window: 'GOLD PRD - \\Remote'
[2026-03-13 14:33:20] [DEBUG] Waiting for color CCCCCC to disappear at (623,653)
[2026-03-13 14:33:20] [DEBUG] Color changed from CCCCCC to E2E8FB — loading complete
[2026-03-13 14:33:27] [DEBUG] Added 9 items to CSV for: D0024 - GROCERY -  IMPULSE > S0003 - IMPULSE SOFT DRINKS > C0016 - IMPULSE WATER > F5289
[2026-03-13 14:33:27] [DEBUG] Family group F5289: 9 items added to CSV
[2026-03-13 14:33:29] [DEBUG] Clicked and typed at (712,135): F5290
[2026-03-13 14:33:32] [DEBUG] Poll #5 active window: 'GOLD PRD - \\Remote'
[2026-03-13 14:33:33] [DEBUG] Poll #10 active window: 'GOLD PRD - \\Remote'
[2026-03-13 14:33:34] [DEBUG] Poll #15 active window: 'GOLD PRD - \\Remote'
[2026-03-13 14:33:35] [DEBUG] Poll #20 active window: 'GOLD PRD - \\Remote'
[2026-03-13 14:33:36] [DEBUG] Poll #25 active window: 'GOLD PRD - \\Remote'
[2026-03-13 14:33:37] [DEBUG] Poll #30 active window: 'GOLD PRD - \\Remote'
[2026-03-13 14:33:38] [DEBUG] Poll #35 active window: 'GOLD PRD - \\Remote'
[2026-03-13 14:33:39] [DEBUG] Poll #40 active window: 'GOLD PRD - \\Remote'
[2026-03-13 14:33:39] [DEBUG] Waiting for color CCCCCC to disappear at (623,653)
[2026-03-13 14:33:39] [DEBUG] Color changed from CCCCCC to E2E8FB — loading complete
[2026-03-13 14:33:46] [DEBUG] Added 5 items to CSV for: D0024 - GROCERY -  IMPULSE > S0003 - IMPULSE SOFT DRINKS > C0016 - IMPULSE WATER > F5290
[2026-03-13 14:33:46] [DEBUG] Family group F5290: 5 items added to CSV
[2026-03-13 14:33:48] [DEBUG] Clicked and typed at (712,135): F5291
[2026-03-13 14:33:51] [DEBUG] Poll #5 active window: 'GOLD PRD - \\Remote'
[2026-03-13 14:33:52] [DEBUG] Poll #10 active window: 'GOLD PRD - \\Remote'
[2026-03-13 14:33:53] [DEBUG] Poll #15 active window: 'GOLD PRD - \\Remote'
[2026-03-13 14:33:54] [DEBUG] Poll #20 active window: 'GOLD PRD - \\Remote'
[2026-03-13 14:33:55] [DEBUG] Poll #25 active window: 'GOLD PRD - \\Remote'
[2026-03-13 14:33:56] [DEBUG] Poll #30 active window: 'GOLD PRD - \\Remote'
[2026-03-13 14:33:57] [DEBUG] Poll #35 active window: 'GOLD PRD - \\Remote'
[2026-03-13 14:33:58] [DEBUG] Poll #40 active window: 'GOLD PRD - \\Remote'
[2026-03-13 14:33:58] [DEBUG] Waiting for color CCCCCC to disappear at (623,653)
[2026-03-13 14:33:58] [DEBUG] Color changed from CCCCCC to E2E8FB — loading complete
[2026-03-13 14:34:05] [DEBUG] No valid items found in clipboard for family group: F5291
[2026-03-13 14:34:05] [DEBUG] Family group F5291: 0 items added to CSV
[2026-03-13 14:34:07] [DEBUG] Clicked and typed at (712,135): F5356
[2026-03-13 14:34:10] [DEBUG] Poll #5 active window: 'GOLD PRD - \\Remote'
[2026-03-13 14:34:11] [DEBUG] Poll #10 active window: 'GOLD PRD - \\Remote'
[2026-03-13 14:34:12] [DEBUG] Poll #15 active window: 'GOLD PRD - \\Remote'
[2026-03-13 14:34:13] [DEBUG] Poll #20 active window: 'GOLD PRD - \\Remote'
[2026-03-13 14:34:14] [DEBUG] Poll #25 active window: 'GOLD PRD - \\Remote'
[2026-03-13 14:34:15] [DEBUG] Poll #30 active window: 'GOLD PRD - \\Remote'
[2026-03-13 14:34:16] [DEBUG] Poll #35 active window: 'GOLD PRD - \\Remote'
[2026-03-13 14:34:17] [DEBUG] Poll #40 active window: 'GOLD PRD - \\Remote'
[2026-03-13 14:34:17] [DEBUG] Waiting for color CCCCCC to disappear at (623,653)
[2026-03-13 14:34:17] [DEBUG] Color changed from CCCCCC to E2E8FB — loading complete
[2026-03-13 14:34:25] [DEBUG] Added 2 items to CSV for: D0024 - GROCERY -  IMPULSE > S0003 - IMPULSE SOFT DRINKS > C0016 - IMPULSE WATER > F5356
[2026-03-13 14:34:25] [DEBUG] Family group F5356: 2 items added to CSV
[2026-03-13 14:34:26] [DEBUG] Clicked and typed at (712,135): F0074
[2026-03-13 14:34:29] [DEBUG] Poll #5 active window: 'GOLD PRD - \\Remote'
[2026-03-13 14:34:30] [DEBUG] Poll #10 active window: 'GOLD PRD - \\Remote'
[2026-03-13 14:34:31] [DEBUG] Poll #15 active window: 'GOLD PRD - \\Remote'
[2026-03-13 14:34:32] [DEBUG] Poll #20 active window: 'GOLD PRD - \\Remote'
[2026-03-13 14:34:33] [DEBUG] Poll #25 active window: 'GOLD PRD - \\Remote'
[2026-03-13 14:34:34] [DEBUG] Poll #30 active window: 'GOLD PRD - \\Remote'
[2026-03-13 14:34:35] [DEBUG] Poll #35 active window: 'GOLD PRD - \\Remote'
[2026-03-13 14:34:37] [DEBUG] Poll #40 active window: 'GOLD PRD - \\Remote'
[2026-03-13 14:34:37] [DEBUG] Waiting for color CCCCCC to disappear at (623,653)
[2026-03-13 14:34:37] [DEBUG] Color changed from CCCCCC to E2E8FB — loading complete
[2026-03-13 14:34:44] [DEBUG] Added 2 items to CSV for: D0024 - GROCERY -  IMPULSE > S0003 - IMPULSE SOFT DRINKS > C0017 - IMPULSE ADULT DRINKS > F0074
[2026-03-13 14:34:44] [DEBUG] Family group F0074: 2 items added to CSV
[2026-03-13 14:34:46] [DEBUG] Clicked and typed at (712,135): F0075
[2026-03-13 14:34:49] [DEBUG] Poll #5 active window: 'GOLD PRD - \\Remote'
[2026-03-13 14:34:50] [DEBUG] Poll #10 active window: 'GOLD PRD - \\Remote'
[2026-03-13 14:34:51] [DEBUG] Poll #15 active window: 'GOLD PRD - \\Remote'
[2026-03-13 14:34:52] [DEBUG] Poll #20 active window: 'GOLD PRD - \\Remote'
[2026-03-13 14:34:53] [DEBUG] Poll #25 active window: 'GOLD PRD - \\Remote'
[2026-03-13 14:34:54] [DEBUG] Poll #30 active window: 'GOLD PRD - \\Remote'
[2026-03-13 14:34:55] [DEBUG] Poll #35 active window: 'GOLD PRD - \\Remote'
[2026-03-13 14:34:56] [DEBUG] Poll #40 active window: 'GOLD PRD - \\Remote'
[2026-03-13 14:34:56] [DEBUG] Waiting for color CCCCCC to disappear at (623,653)
[2026-03-13 14:34:56] [DEBUG] Color changed from CCCCCC to E2E8FB — loading complete
[2026-03-13 14:35:03] [DEBUG] Added 12 items to CSV for: D0024 - GROCERY -  IMPULSE > S0003 - IMPULSE SOFT DRINKS > C0017 - IMPULSE ADULT DRINKS > F0075
[2026-03-13 14:35:03] [DEBUG] Family group F0075: 12 items added to CSV
[2026-03-13 14:35:05] [DEBUG] Clicked and typed at (712,135): F0076
[2026-03-13 14:35:08] [DEBUG] Poll #5 active window: 'GOLD PRD - \\Remote'
[2026-03-13 14:35:09] [DEBUG] Poll #10 active window: 'GOLD PRD - \\Remote'
[2026-03-13 14:35:10] [DEBUG] Poll #15 active window: 'GOLD PRD - \\Remote'
[2026-03-13 14:35:11] [DEBUG] Poll #20 active window: 'GOLD PRD - \\Remote'
[2026-03-13 14:35:12] [DEBUG] Poll #25 active window: 'GOLD PRD - \\Remote'
[2026-03-13 14:35:13] [DEBUG] Poll #30 active window: 'GOLD PRD - \\Remote'
[2026-03-13 14:35:14] [DEBUG] Poll #35 active window: 'GOLD PRD - \\Remote'
[2026-03-13 14:35:15] [DEBUG] Poll #40 active window: 'GOLD PRD - \\Remote'
[2026-03-13 14:35:15] [DEBUG] Waiting for color CCCCCC to disappear at (623,653)
[2026-03-13 14:35:32] [DEBUG] Color changed from CCCCCC to FFFFFF — loading complete
[2026-03-13 14:35:39] [DEBUG] Added 38 items to CSV for: D0024 - GROCERY -  IMPULSE > S0003 - IMPULSE SOFT DRINKS > C0017 - IMPULSE ADULT DRINKS > F0076
[2026-03-13 14:35:39] [DEBUG] Family group F0076: 38 items added to CSV
[2026-03-13 14:35:41] [DEBUG] Clicked and typed at (712,135): F5296
[2026-03-13 14:35:44] [DEBUG] Poll #5 active window: 'GOLD PRD - \\Remote'
[2026-03-13 14:35:45] [DEBUG] Poll #10 active window: 'GOLD PRD - \\Remote'
[2026-03-13 14:35:46] [DEBUG] Poll #15 active window: 'GOLD PRD - \\Remote'
[2026-03-13 14:35:47] [DEBUG] Poll #20 active window: 'GOLD PRD - \\Remote'
[2026-03-13 14:35:48] [DEBUG] Poll #25 active window: 'GOLD PRD - \\Remote'
[2026-03-13 14:35:49] [DEBUG] Poll #30 active window: 'GOLD PRD - \\Remote'
[2026-03-13 14:35:50] [DEBUG] Poll #35 active window: 'GOLD PRD - \\Remote'
[2026-03-13 14:35:51] [DEBUG] Poll #40 active window: 'GOLD PRD - \\Remote'
[2026-03-13 14:35:51] [DEBUG] Waiting for color CCCCCC to disappear at (623,653)
[2026-03-13 14:35:51] [DEBUG] Color changed from CCCCCC to E2E8FB — loading complete
[2026-03-13 14:35:58] [DEBUG] Added 4 items to CSV for: D0024 - GROCERY -  IMPULSE > S0003 - IMPULSE SOFT DRINKS > C0017 - IMPULSE ADULT DRINKS > F5296
[2026-03-13 14:35:58] [DEBUG] Family group F5296: 4 items added to CSV
[2026-03-13 14:36:00] [DEBUG] Clicked and typed at (712,135): F5297
[2026-03-13 14:36:03] [DEBUG] Poll #5 active window: 'GOLD PRD - \\Remote'
[2026-03-13 14:36:04] [DEBUG] Poll #10 active window: 'GOLD PRD - \\Remote'
[2026-03-13 14:36:05] [DEBUG] Poll #15 active window: 'GOLD PRD - \\Remote'
[2026-03-13 14:36:06] [DEBUG] Poll #20 active window: 'GOLD PRD - \\Remote'
[2026-03-13 14:36:07] [DEBUG] Poll #25 active window: 'GOLD PRD - \\Remote'
[2026-03-13 14:36:08] [DEBUG] Poll #30 active window: 'GOLD PRD - \\Remote'
[2026-03-13 14:36:09] [DEBUG] Poll #35 active window: 'GOLD PRD - \\Remote'
[2026-03-13 14:36:10] [DEBUG] Poll #40 active window: 'GOLD PRD - \\Remote'
[2026-03-13 14:36:10] [DEBUG] Waiting for color CCCCCC to disappear at (623,653)
[2026-03-13 14:36:10] [DEBUG] Color changed from CCCCCC to FFFFFF — loading complete
[2026-03-13 14:36:17] [DEBUG] Added 22 items to CSV for: D0024 - GROCERY -  IMPULSE > S0003 - IMPULSE SOFT DRINKS > C0017 - IMPULSE ADULT DRINKS > F5297
[2026-03-13 14:36:17] [DEBUG] Family group F5297: 22 items added to CSV
[2026-03-13 14:36:19] [DEBUG] Clicked and typed at (712,135): F5353
[2026-03-13 14:36:22] [DEBUG] Poll #5 active window: 'GOLD PRD - \\Remote'
[2026-03-13 14:36:23] [DEBUG] Poll #10 active window: 'GOLD PRD - \\Remote'
[2026-03-13 14:36:24] [DEBUG] Poll #15 active window: 'GOLD PRD - \\Remote'
[2026-03-13 14:36:25] [DEBUG] Poll #20 active window: 'GOLD PRD - \\Remote'
[2026-03-13 14:36:26] [DEBUG] Poll #25 active window: 'GOLD PRD - \\Remote'
[2026-03-13 14:36:27] [DEBUG] Poll #30 active window: 'GOLD PRD - \\Remote'
[2026-03-13 14:36:28] [DEBUG] Poll #35 active window: 'GOLD PRD - \\Remote'
[2026-03-13 14:36:29] [DEBUG] Poll #40 active window: 'GOLD PRD - \\Remote'
[2026-03-13 14:36:29] [DEBUG] Waiting for color CCCCCC to disappear at (623,653)
[2026-03-13 14:36:29] [DEBUG] Color changed from CCCCCC to E2E8FB — loading complete
[2026-03-13 14:36:36] [DEBUG] Added 1 items to CSV for: D0024 - GROCERY -  IMPULSE > S0003 - IMPULSE SOFT DRINKS > C0017 - IMPULSE ADULT DRINKS > F5353
[2026-03-13 14:36:36] [DEBUG] Family group F5353: 1 items added to CSV
[2026-03-13 14:36:38] [DEBUG] Clicked and typed at (712,135): F0077
[2026-03-13 14:36:41] [DEBUG] Poll #5 active window: 'GOLD PRD - \\Remote'
[2026-03-13 14:36:42] [DEBUG] Poll #10 active window: 'GOLD PRD - \\Remote'
[2026-03-13 14:36:43] [DEBUG] Poll #15 active window: 'GOLD PRD - \\Remote'
[2026-03-13 14:36:44] [DEBUG] Poll #20 active window: 'GOLD PRD - \\Remote'
[2026-03-13 14:36:45] [DEBUG] Poll #25 active window: 'GOLD PRD - \\Remote'
[2026-03-13 14:36:46] [DEBUG] Poll #30 active window: 'GOLD PRD - \\Remote'
[2026-03-13 14:36:47] [DEBUG] Poll #35 active window: 'GOLD PRD - \\Remote'
[2026-03-13 14:36:48] [DEBUG] Poll #40 active window: 'GOLD PRD - \\Remote'
[2026-03-13 14:36:48] [DEBUG] Waiting for color CCCCCC to disappear at (623,653)
[2026-03-13 14:36:53] [DEBUG] Color changed from CCCCCC to FFFFFF — loading complete
[2026-03-13 14:37:00] [DEBUG] Added 7 items to CSV for: D0024 - GROCERY -  IMPULSE > S0003 - IMPULSE SOFT DRINKS > C0018 - IMPULSE JUICE & SMOOTHIES > F0077
[2026-03-13 14:37:00] [DEBUG] Family group F0077: 7 items added to CSV
[2026-03-13 14:37:02] [DEBUG] Clicked and typed at (712,135): F0078
[2026-03-13 14:37:05] [DEBUG] Poll #5 active window: 'GOLD PRD - \\Remote'
[2026-03-13 14:37:06] [DEBUG] Poll #10 active window: 'GOLD PRD - \\Remote'
[2026-03-13 14:37:07] [DEBUG] Poll #15 active window: 'GOLD PRD - \\Remote'
[2026-03-13 14:37:08] [DEBUG] Poll #20 active window: 'GOLD PRD - \\Remote'
[2026-03-13 14:37:09] [DEBUG] Poll #25 active window: 'GOLD PRD - \\Remote'
[2026-03-13 14:37:10] [DEBUG] Poll #30 active window: 'GOLD PRD - \\Remote'
[2026-03-13 14:37:11] [DEBUG] Poll #35 active window: 'GOLD PRD - \\Remote'
[2026-03-13 14:37:12] [DEBUG] Poll #40 active window: 'GOLD PRD - \\Remote'
[2026-03-13 14:37:12] [DEBUG] Waiting for color CCCCCC to disappear at (623,653)
[2026-03-13 14:37:12] [DEBUG] Color changed from CCCCCC to E2E8FB — loading complete
[2026-03-13 14:37:19] [DEBUG] Added 2 items to CSV for: D0024 - GROCERY -  IMPULSE > S0003 - IMPULSE SOFT DRINKS > C0018 - IMPULSE JUICE & SMOOTHIES > F0078
[2026-03-13 14:37:19] [DEBUG] Family group F0078: 2 items added to CSV
[2026-03-13 14:37:21] [DEBUG] Clicked and typed at (712,135): F0080
[2026-03-13 14:37:24] [DEBUG] Poll #5 active window: 'GOLD PRD - \\Remote'
[2026-03-13 14:37:25] [DEBUG] Poll #10 active window: 'GOLD PRD - \\Remote'
[2026-03-13 14:37:26] [DEBUG] Poll #15 active window: 'GOLD PRD - \\Remote'
[2026-03-13 14:37:27] [DEBUG] Poll #20 active window: 'GOLD PRD - \\Remote'
[2026-03-13 14:37:28] [DEBUG] Poll #25 active window: 'GOLD PRD - \\Remote'
[2026-03-13 14:37:29] [DEBUG] Poll #30 active window: 'GOLD PRD - \\Remote'
[2026-03-13 14:37:30] [DEBUG] Poll #35 active window: 'GOLD PRD - \\Remote'
[2026-03-13 14:37:31] [DEBUG] Poll #40 active window: 'GOLD PRD - \\Remote'
[2026-03-13 14:37:31] [DEBUG] Waiting for color CCCCCC to disappear at (623,653)
[2026-03-13 14:37:31] [DEBUG] Color changed from CCCCCC to E2E8FB — loading complete
[2026-03-13 14:37:38] [DEBUG] Added 2 items to CSV for: D0024 - GROCERY -  IMPULSE > S0003 - IMPULSE SOFT DRINKS > C0018 - IMPULSE JUICE & SMOOTHIES > F0080
[2026-03-13 14:37:38] [DEBUG] Family group F0080: 2 items added to CSV
[2026-03-13 14:37:40] [DEBUG] Clicked and typed at (712,135): F0081
[2026-03-13 14:37:43] [DEBUG] Poll #5 active window: 'GOLD PRD - \\Remote'
[2026-03-13 14:37:44] [DEBUG] Poll #10 active window: 'GOLD PRD - \\Remote'
[2026-03-13 14:37:45] [DEBUG] Poll #15 active window: 'GOLD PRD - \\Remote'
[2026-03-13 14:37:46] [DEBUG] Poll #20 active window: 'GOLD PRD - \\Remote'
[2026-03-13 14:37:47] [DEBUG] Poll #25 active window: 'GOLD PRD - \\Remote'
[2026-03-13 14:37:48] [DEBUG] Poll #30 active window: 'GOLD PRD - \\Remote'
[2026-03-13 14:37:49] [DEBUG] Poll #35 active window: 'GOLD PRD - \\Remote'
[2026-03-13 14:37:50] [DEBUG] Poll #40 active window: 'GOLD PRD - \\Remote'
[2026-03-13 14:37:50] [DEBUG] Waiting for color CCCCCC to disappear at (623,653)
[2026-03-13 14:37:50] [DEBUG] Color changed from CCCCCC to E2E8FB — loading complete
[2026-03-13 14:37:57] [DEBUG] No valid items found in clipboard for family group: F0081
[2026-03-13 14:37:57] [DEBUG] Family group F0081: 0 items added to CSV
[2026-03-13 14:37:59] [DEBUG] Clicked and typed at (712,135): F5043
[2026-03-13 14:38:02] [DEBUG] Poll #5 active window: 'GOLD PRD - \\Remote'
[2026-03-13 14:38:03] [DEBUG] Poll #10 active window: 'GOLD PRD - \\Remote'
[2026-03-13 14:38:04] [DEBUG] Poll #15 active window: 'GOLD PRD - \\Remote'
[2026-03-13 14:38:05] [DEBUG] Poll #20 active window: 'GOLD PRD - \\Remote'
[2026-03-13 14:38:06] [DEBUG] Poll #25 active window: 'GOLD PRD - \\Remote'
[2026-03-13 14:38:07] [DEBUG] Poll #30 active window: 'GOLD PRD - \\Remote'
[2026-03-13 14:38:08] [DEBUG] Poll #35 active window: 'GOLD PRD - \\Remote'
[2026-03-13 14:38:09] [DEBUG] Poll #40 active window: 'GOLD PRD - \\Remote'
[2026-03-13 14:38:09] [DEBUG] Waiting for color CCCCCC to disappear at (623,653)
[2026-03-13 14:38:13] [DEBUG] Color changed from CCCCCC to FFFFFF — loading complete
[2026-03-13 14:38:21] [DEBUG] Added 31 items to CSV for: D0024 - GROCERY -  IMPULSE > S0003 - IMPULSE SOFT DRINKS > C0018 - IMPULSE JUICE & SMOOTHIES > F5043
[2026-03-13 14:38:21] [DEBUG] Family group F5043: 31 items added to CSV
[2026-03-13 14:38:22] [DEBUG] Clicked and typed at (712,135): F5298
[2026-03-13 14:38:25] [DEBUG] Poll #5 active window: 'GOLD PRD - \\Remote'
[2026-03-13 14:38:26] [DEBUG] Poll #10 active window: 'GOLD PRD - \\Remote'
[2026-03-13 14:38:27] [DEBUG] Poll #15 active window: 'GOLD PRD - \\Remote'
[2026-03-13 14:38:28] [DEBUG] Poll #20 active window: 'GOLD PRD - \\Remote'
[2026-03-13 14:38:29] [DEBUG] Poll #25 active window: 'GOLD PRD - \\Remote'
[2026-03-13 14:38:30] [DEBUG] Poll #30 active window: 'GOLD PRD - \\Remote'
[2026-03-13 14:38:31] [DEBUG] Poll #35 active window: 'GOLD PRD - \\Remote'
[2026-03-13 14:38:32] [DEBUG] Poll #40 active window: 'GOLD PRD - \\Remote'
[2026-03-13 14:38:32] [DEBUG] Waiting for color CCCCCC to disappear at (623,653)
[2026-03-13 14:38:32] [DEBUG] Color changed from CCCCCC to E2E8FB — loading complete
[2026-03-13 14:38:40] [DEBUG] Added 12 items to CSV for: D0024 - GROCERY -  IMPULSE > S0003 - IMPULSE SOFT DRINKS > C0018 - IMPULSE JUICE & SMOOTHIES > F5298
[2026-03-13 14:38:40] [DEBUG] Family group F5298: 12 items added to CSV
[2026-03-13 14:38:41] [DEBUG] Clicked and typed at (712,135): F0083
[2026-03-13 14:38:45] [DEBUG] Poll #5 active window: 'GOLD PRD - \\Remote'
[2026-03-13 14:38:46] [DEBUG] Poll #10 active window: 'GOLD PRD - \\Remote'
[2026-03-13 14:38:47] [DEBUG] Poll #15 active window: 'GOLD PRD - \\Remote'
[2026-03-13 14:38:48] [DEBUG] Poll #20 active window: 'GOLD PRD - \\Remote'
[2026-03-13 14:38:49] [DEBUG] Poll #25 active window: 'GOLD PRD - \\Remote'
[2026-03-13 14:38:50] [DEBUG] Poll #30 active window: 'GOLD PRD - \\Remote'
[2026-03-13 14:38:51] [DEBUG] Poll #35 active window: 'GOLD PRD - \\Remote'
[2026-03-13 14:38:52] [DEBUG] Poll #40 active window: 'GOLD PRD - \\Remote'
[2026-03-13 14:38:52] [DEBUG] Waiting for color CCCCCC to disappear at (623,653)
[2026-03-13 14:39:23] [DEBUG] Color changed from CCCCCC to FFFFFF — loading complete
[2026-03-13 14:39:30] [DEBUG] Added 59 items to CSV for: D0024 - GROCERY -  IMPULSE > S0004 - MULTIPACK CRISPS & SNACKS > C0019 - MULTIPACK CRISPS > F0083
[2026-03-13 14:39:30] [DEBUG] Family group F0083: 59 items added to CSV
[2026-03-13 14:39:32] [DEBUG] Clicked and typed at (712,135): F0084
[2026-03-13 14:39:35] [DEBUG] Poll #5 active window: 'GOLD PRD - \\Remote'
[2026-03-13 14:39:36] [DEBUG] Poll #10 active window: 'GOLD PRD - \\Remote'
[2026-03-13 14:39:37] [DEBUG] Poll #15 active window: 'GOLD PRD - \\Remote'
[2026-03-13 14:39:38] [DEBUG] Poll #20 active window: 'GOLD PRD - \\Remote'
[2026-03-13 14:39:39] [DEBUG] Poll #25 active window: 'GOLD PRD - \\Remote'
[2026-03-13 14:39:40] [DEBUG] Poll #30 active window: 'GOLD PRD - \\Remote'
[2026-03-13 14:39:41] [DEBUG] Poll #35 active window: 'GOLD PRD - \\Remote'
[2026-03-13 14:39:42] [DEBUG] Poll #40 active window: 'GOLD PRD - \\Remote'
[2026-03-13 14:39:42] [DEBUG] Waiting for color CCCCCC to disappear at (623,653)
[2026-03-13 14:39:42] [DEBUG] Color changed from CCCCCC to FFFFFF — loading complete
[2026-03-13 14:39:49] [DEBUG] Added 11 items to CSV for: D0024 - GROCERY -  IMPULSE > S0004 - MULTIPACK CRISPS & SNACKS > C0019 - MULTIPACK CRISPS > F0084
[2026-03-13 14:39:49] [DEBUG] Family group F0084: 11 items added to CSV
[2026-03-13 14:39:51] [DEBUG] Clicked and typed at (712,135): F0085
[2026-03-13 14:39:54] [DEBUG] Poll #5 active window: 'GOLD PRD - \\Remote'
[2026-03-13 14:39:55] [DEBUG] Poll #10 active window: 'GOLD PRD - \\Remote'
[2026-03-13 14:39:56] [DEBUG] Poll #15 active window: 'GOLD PRD - \\Remote'
[2026-03-13 14:39:57] [DEBUG] Poll #20 active window: 'GOLD PRD - \\Remote'
[2026-03-13 14:39:58] [DEBUG] Poll #25 active window: 'GOLD PRD - \\Remote'
[2026-03-13 14:39:59] [DEBUG] Poll #30 active window: 'GOLD PRD - \\Remote'
[2026-03-13 14:40:00] [DEBUG] Poll #35 active window: 'GOLD PRD - \\Remote'
[2026-03-13 14:40:01] [DEBUG] Poll #40 active window: 'GOLD PRD - \\Remote'
[2026-03-13 14:40:01] [DEBUG] Waiting for color CCCCCC to disappear at (623,653)
[2026-03-13 14:40:01] [DEBUG] Color changed from CCCCCC to E2E8FB — loading complete
[2026-03-13 14:40:09] [DEBUG] No valid items found in clipboard for family group: F0085
[2026-03-13 14:40:09] [DEBUG] Family group F0085: 0 items added to CSV
[2026-03-13 14:40:10] [DEBUG] Clicked and typed at (712,135): F0086
[2026-03-13 14:40:13] [DEBUG] Poll #5 active window: 'GOLD PRD - \\Remote'
[2026-03-13 14:40:14] [DEBUG] Poll #10 active window: 'GOLD PRD - \\Remote'
[2026-03-13 14:40:15] [DEBUG] Poll #15 active window: 'GOLD PRD - \\Remote'
[2026-03-13 14:40:16] [DEBUG] Poll #20 active window: 'GOLD PRD - \\Remote'
[2026-03-13 14:40:17] [DEBUG] Poll #25 active window: 'GOLD PRD - \\Remote'
[2026-03-13 14:40:18] [DEBUG] Poll #30 active window: 'GOLD PRD - \\Remote'
[2026-03-13 14:40:19] [DEBUG] Poll #35 active window: 'GOLD PRD - \\Remote'
[2026-03-13 14:40:20] [DEBUG] Poll #40 active window: 'GOLD PRD - \\Remote'
[2026-03-13 14:40:20] [DEBUG] Waiting for color CCCCCC to disappear at (623,653)
[2026-03-13 14:40:21] [DEBUG] Color changed from CCCCCC to E2E8FB — loading complete
[2026-03-13 14:40:28] [DEBUG] Added 4 items to CSV for: D0024 - GROCERY -  IMPULSE > S0004 - MULTIPACK CRISPS & SNACKS > C0019 - MULTIPACK CRISPS > F0086
[2026-03-13 14:40:28] [DEBUG] Family group F0086: 4 items added to CSV
[2026-03-13 14:40:30] [DEBUG] Clicked and typed at (712,135): F0087
[2026-03-13 14:40:33] [DEBUG] Poll #5 active window: 'GOLD PRD - \\Remote'
[2026-03-13 14:40:34] [DEBUG] Poll #10 active window: 'GOLD PRD - \\Remote'
[2026-03-13 14:40:35] [DEBUG] Poll #15 active window: 'GOLD PRD - \\Remote'
[2026-03-13 14:40:36] [DEBUG] Poll #20 active window: 'GOLD PRD - \\Remote'
[2026-03-13 14:40:37] [DEBUG] Poll #25 active window: 'GOLD PRD - \\Remote'
[2026-03-13 14:40:38] [DEBUG] Poll #30 active window: 'GOLD PRD - \\Remote'
[2026-03-13 14:40:39] [DEBUG] Poll #35 active window: 'GOLD PRD - \\Remote'
[2026-03-13 14:40:40] [DEBUG] Poll #40 active window: 'GOLD PRD - \\Remote'
[2026-03-13 14:40:40] [DEBUG] Waiting for color CCCCCC to disappear at (623,653)
[2026-03-13 14:40:40] [DEBUG] Color changed from CCCCCC to E2E8FB — loading complete
[2026-03-13 14:40:47] [DEBUG] No valid items found in clipboard for family group: F0087
[2026-03-13 14:40:47] [DEBUG] Family group F0087: 0 items added to CSV
[2026-03-13 14:40:49] [DEBUG] Clicked and typed at (712,135): F0088
[2026-03-13 14:40:52] [DEBUG] Poll #5 active window: 'GOLD PRD - \\Remote'
[2026-03-13 14:40:53] [DEBUG] Poll #10 active window: 'GOLD PRD - \\Remote'
[2026-03-13 14:40:54] [DEBUG] Poll #15 active window: 'GOLD PRD - \\Remote'
[2026-03-13 14:40:55] [DEBUG] Poll #20 active window: 'GOLD PRD - \\Remote'
[2026-03-13 14:40:56] [DEBUG] Poll #25 active window: 'GOLD PRD - \\Remote'
[2026-03-13 14:40:57] [DEBUG] Poll #30 active window: 'GOLD PRD - \\Remote'
[2026-03-13 14:40:58] [DEBUG] Poll #35 active window: 'GOLD PRD - \\Remote'
[2026-03-13 14:40:59] [DEBUG] Poll #40 active window: 'GOLD PRD - \\Remote'
[2026-03-13 14:40:59] [DEBUG] Waiting for color CCCCCC to disappear at (623,653)
[2026-03-13 14:41:08] [DEBUG] Color changed from CCCCCC to FFFFFF — loading complete
[2026-03-13 14:41:15] [DEBUG] Added 20 items to CSV for: D0024 - GROCERY -  IMPULSE > S0004 - MULTIPACK CRISPS & SNACKS > C0020 - MULTIPACK SNACKS > F0088
[2026-03-13 14:41:15] [DEBUG] Family group F0088: 20 items added to CSV
[2026-03-13 14:41:17] [DEBUG] Clicked and typed at (712,135): F0089
[2026-03-13 14:41:20] [DEBUG] Poll #5 active window: 'GOLD PRD - \\Remote'
[2026-03-13 14:41:21] [DEBUG] Poll #10 active window: 'GOLD PRD - \\Remote'
[2026-03-13 14:41:22] [DEBUG] Poll #15 active window: 'GOLD PRD - \\Remote'
[2026-03-13 14:41:23] [DEBUG] Poll #20 active window: 'GOLD PRD - \\Remote'
[2026-03-13 14:41:24] [DEBUG] Poll #25 active window: 'GOLD PRD - \\Remote'
[2026-03-13 14:41:25] [DEBUG] Poll #30 active window: 'GOLD PRD - \\Remote'
[2026-03-13 14:41:26] [DEBUG] Poll #35 active window: 'GOLD PRD - \\Remote'
[2026-03-13 14:41:27] [DEBUG] Poll #40 active window: 'GOLD PRD - \\Remote'
[2026-03-13 14:41:27] [DEBUG] Waiting for color CCCCCC to disappear at (623,653)
[2026-03-13 14:41:27] [DEBUG] Color changed from CCCCCC to E2E8FB — loading complete
[2026-03-13 14:41:35] [DEBUG] Added 2 items to CSV for: D0024 - GROCERY -  IMPULSE > S0004 - MULTIPACK CRISPS & SNACKS > C0020 - MULTIPACK SNACKS > F0089
[2026-03-13 14:41:35] [DEBUG] Family group F0089: 2 items added to CSV
[2026-03-13 14:41:36] [DEBUG] Clicked and typed at (712,135): F0091
[2026-03-13 14:41:39] [DEBUG] Poll #5 active window: 'GOLD PRD - \\Remote'
[2026-03-13 14:41:40] [DEBUG] Poll #10 active window: 'GOLD PRD - \\Remote'
[2026-03-13 14:41:41] [DEBUG] Poll #15 active window: 'GOLD PRD - \\Remote'
[2026-03-13 14:41:42] [DEBUG] Poll #20 active window: 'GOLD PRD - \\Remote'
[2026-03-13 14:41:43] [DEBUG] Poll #25 active window: 'GOLD PRD - \\Remote'
[2026-03-13 14:41:44] [DEBUG] Poll #30 active window: 'GOLD PRD - \\Remote'
[2026-03-13 14:41:45] [DEBUG] Poll #35 active window: 'GOLD PRD - \\Remote'
[2026-03-13 14:41:46] [DEBUG] Poll #40 active window: 'GOLD PRD - \\Remote'
[2026-03-13 14:41:46] [DEBUG] Waiting for color CCCCCC to disappear at (623,653)
[2026-03-13 14:41:46] [DEBUG] Color changed from CCCCCC to E2E8FB — loading complete
[2026-03-13 14:41:54] [DEBUG] No valid items found in clipboard for family group: F0091
[2026-03-13 14:41:54] [DEBUG] Family group F0091: 0 items added to CSV
[2026-03-13 14:41:55] [DEBUG] Clicked and typed at (712,135): F0092
[2026-03-13 14:41:58] [DEBUG] Poll #5 active window: 'GOLD PRD - \\Remote'
[2026-03-13 14:41:59] [DEBUG] Poll #10 active window: 'GOLD PRD - \\Remote'
[2026-03-13 14:42:00] [DEBUG] Poll #15 active window: 'GOLD PRD - \\Remote'
[2026-03-13 14:42:02] [DEBUG] Poll #20 active window: 'GOLD PRD - \\Remote'
[2026-03-13 14:42:03] [DEBUG] Poll #25 active window: 'GOLD PRD - \\Remote'
[2026-03-13 14:42:04] [DEBUG] Poll #30 active window: 'GOLD PRD - \\Remote'
[2026-03-13 14:42:05] [DEBUG] Poll #35 active window: 'GOLD PRD - \\Remote'
[2026-03-13 14:42:06] [DEBUG] Poll #40 active window: 'GOLD PRD - \\Remote'
[2026-03-13 14:42:06] [DEBUG] Waiting for color CCCCCC to disappear at (623,653)
[2026-03-13 14:42:06] [DEBUG] Color changed from CCCCCC to FFFFFF — loading complete
[2026-03-13 14:42:14] [DEBUG] Added 11 items to CSV for: D0024 - GROCERY -  IMPULSE > S0004 - MULTIPACK CRISPS & SNACKS > C0021 - MULTIPACK POPCORN > F0092
[2026-03-13 14:42:14] [DEBUG] Family group F0092: 11 items added to CSV
[2026-03-13 14:42:15] [DEBUG] Clicked and typed at (712,135): F0093
[2026-03-13 14:42:18] [DEBUG] Poll #5 active window: 'GOLD PRD - \\Remote'
[2026-03-13 14:42:19] [DEBUG] Poll #10 active window: 'GOLD PRD - \\Remote'
[2026-03-13 14:42:20] [DEBUG] Poll #15 active window: 'GOLD PRD - \\Remote'
[2026-03-13 14:42:21] [DEBUG] Poll #20 active window: 'GOLD PRD - \\Remote'
[2026-03-13 14:42:22] [DEBUG] Poll #25 active window: 'GOLD PRD - \\Remote'
[2026-03-13 14:42:23] [DEBUG] Poll #30 active window: 'GOLD PRD - \\Remote'
[2026-03-13 14:42:24] [DEBUG] Poll #35 active window: 'GOLD PRD - \\Remote'
[2026-03-13 14:42:25] [DEBUG] Poll #40 active window: 'GOLD PRD - \\Remote'
[2026-03-13 14:42:25] [DEBUG] Waiting for color CCCCCC to disappear at (623,653)
[2026-03-13 14:42:26] [DEBUG] Color changed from CCCCCC to E2E8FB — loading complete
[2026-03-13 14:42:33] [DEBUG] Added 6 items to CSV for: D0024 - GROCERY -  IMPULSE > S0004 - MULTIPACK CRISPS & SNACKS > C0021 - MULTIPACK POPCORN > F0093
[2026-03-13 14:42:33] [DEBUG] Family group F0093: 6 items added to CSV
[2026-03-13 14:42:35] [DEBUG] Clicked and typed at (712,135): F0100
[2026-03-13 14:42:38] [DEBUG] Poll #5 active window: 'GOLD PRD - \\Remote'
[2026-03-13 14:42:39] [DEBUG] Poll #10 active window: 'GOLD PRD - \\Remote'
[2026-03-13 14:42:40] [DEBUG] Poll #15 active window: 'GOLD PRD - \\Remote'
[2026-03-13 14:42:41] [DEBUG] Poll #20 active window: 'GOLD PRD - \\Remote'
[2026-03-13 14:42:42] [DEBUG] Poll #25 active window: 'GOLD PRD - \\Remote'
[2026-03-13 14:42:43] [DEBUG] Poll #30 active window: 'GOLD PRD - \\Remote'
[2026-03-13 14:42:44] [DEBUG] Poll #35 active window: 'GOLD PRD - \\Remote'
[2026-03-13 14:42:45] [DEBUG] Poll #40 active window: 'GOLD PRD - \\Remote'
[2026-03-13 14:42:45] [DEBUG] Waiting for color CCCCCC to disappear at (623,653)
[2026-03-13 14:42:45] [DEBUG] Color changed from CCCCCC to E2E8FB — loading complete
[2026-03-13 14:42:52] [DEBUG] No valid items found in clipboard for family group: F0100
[2026-03-13 14:42:52] [DEBUG] Family group F0100: 0 items added to CSV
[2026-03-13 14:42:54] [DEBUG] Clicked and typed at (712,135): F0102
[2026-03-13 14:42:57] [DEBUG] Poll #5 active window: 'GOLD PRD - \\Remote'
[2026-03-13 14:42:58] [DEBUG] Poll #10 active window: 'GOLD PRD - \\Remote'
[2026-03-13 14:42:59] [DEBUG] Poll #15 active window: 'GOLD PRD - \\Remote'
[2026-03-13 14:43:00] [DEBUG] Poll #20 active window: 'GOLD PRD - \\Remote'
[2026-03-13 14:43:01] [DEBUG] Poll #25 active window: 'GOLD PRD - \\Remote'
[2026-03-13 14:43:02] [DEBUG] Poll #30 active window: 'GOLD PRD - \\Remote'
[2026-03-13 14:43:03] [DEBUG] Poll #35 active window: 'GOLD PRD - \\Remote'
[2026-03-13 14:43:04] [DEBUG] Poll #40 active window: 'GOLD PRD - \\Remote'
[2026-03-13 14:43:04] [DEBUG] Waiting for color CCCCCC to disappear at (623,653)
[2026-03-13 14:43:04] [DEBUG] Color changed from CCCCCC to E2E8FB — loading complete
[2026-03-13 14:43:11] [DEBUG] Added 4 items to CSV for: D0024 - GROCERY -  IMPULSE > S0004 - MULTIPACK CRISPS & SNACKS > C0023 - SEASONAL CRISPS AND NUTS > F0102
[2026-03-13 14:43:11] [DEBUG] Family group F0102: 4 items added to CSV
[2026-03-13 14:43:13] [DEBUG] Clicked and typed at (712,135): F0103
[2026-03-13 14:43:16] [DEBUG] Poll #5 active window: 'GOLD PRD - \\Remote'
[2026-03-13 14:43:17] [DEBUG] Poll #10 active window: 'GOLD PRD - \\Remote'
[2026-03-13 14:43:18] [DEBUG] Poll #15 active window: 'GOLD PRD - \\Remote'
[2026-03-13 14:43:19] [DEBUG] Poll #20 active window: 'GOLD PRD - \\Remote'
[2026-03-13 14:43:20] [DEBUG] Poll #25 active window: 'GOLD PRD - \\Remote'
[2026-03-13 14:43:21] [DEBUG] Poll #30 active window: 'GOLD PRD - \\Remote'
[2026-03-13 14:43:22] [DEBUG] Poll #35 active window: 'GOLD PRD - \\Remote'
[2026-03-13 14:43:23] [DEBUG] Poll #40 active window: 'GOLD PRD - \\Remote'
[2026-03-13 14:43:23] [DEBUG] Waiting for color CCCCCC to disappear at (623,653)
[2026-03-13 14:43:23] [DEBUG] Color changed from CCCCCC to E2E8FB — loading complete
[2026-03-13 14:43:30] [DEBUG] No valid items found in clipboard for family group: F0103
[2026-03-13 14:43:30] [DEBUG] Family group F0103: 0 items added to CSV
[2026-03-13 14:43:32] [DEBUG] Clicked and typed at (712,135): F0104
[2026-03-13 14:43:35] [DEBUG] Poll #5 active window: 'GOLD PRD - \\Remote'
[2026-03-13 14:43:36] [DEBUG] Poll #10 active window: 'GOLD PRD - \\Remote'
[2026-03-13 14:43:37] [DEBUG] Poll #15 active window: 'GOLD PRD - \\Remote'
[2026-03-13 14:43:38] [DEBUG] Poll #20 active window: 'GOLD PRD - \\Remote'
[2026-03-13 14:43:39] [DEBUG] Poll #25 active window: 'GOLD PRD - \\Remote'
[2026-03-13 14:43:40] [DEBUG] Poll #30 active window: 'GOLD PRD - \\Remote'
[2026-03-13 14:43:41] [DEBUG] Poll #35 active window: 'GOLD PRD - \\Remote'
[2026-03-13 14:43:42] [DEBUG] Poll #40 active window: 'GOLD PRD - \\Remote'
[2026-03-13 14:43:42] [DEBUG] Waiting for color CCCCCC to disappear at (623,653)
[2026-03-13 14:43:42] [DEBUG] Color changed from CCCCCC to E2E8FB — loading complete
[2026-03-13 14:43:50] [DEBUG] No valid items found in clipboard for family group: F0104
[2026-03-13 14:43:50] [DEBUG] Family group F0104: 0 items added to CSV
[2026-03-13 14:43:51] [DEBUG] Clicked and typed at (712,135): F0105
[2026-03-13 14:43:54] [DEBUG] Poll #5 active window: 'GOLD PRD - \\Remote'
[2026-03-13 14:43:55] [DEBUG] Poll #10 active window: 'GOLD PRD - \\Remote'
[2026-03-13 14:43:56] [DEBUG] Poll #15 active window: 'GOLD PRD - \\Remote'
[2026-03-13 14:43:57] [DEBUG] Poll #20 active window: 'GOLD PRD - \\Remote'
[2026-03-13 14:43:58] [DEBUG] Poll #25 active window: 'GOLD PRD - \\Remote'
[2026-03-13 14:44:00] [DEBUG] Poll #30 active window: 'GOLD PRD - \\Remote'
[2026-03-13 14:44:01] [DEBUG] Poll #35 active window: 'GOLD PRD - \\Remote'
[2026-03-13 14:44:02] [DEBUG] Poll #40 active window: 'GOLD PRD - \\Remote'
[2026-03-13 14:44:02] [DEBUG] Waiting for color CCCCCC to disappear at (623,653)
[2026-03-13 14:44:02] [DEBUG] Color changed from CCCCCC to E2E8FB — loading complete
[2026-03-13 14:44:09] [DEBUG] No valid items found in clipboard for family group: F0105
[2026-03-13 14:44:09] [DEBUG] Family group F0105: 0 items added to CSV
[2026-03-13 14:44:11] [DEBUG] Clicked and typed at (712,135): F0106
[2026-03-13 14:44:14] [DEBUG] Poll #5 active window: 'GOLD PRD - \\Remote'
[2026-03-13 14:44:15] [DEBUG] Poll #10 active window: 'GOLD PRD - \\Remote'
[2026-03-13 14:44:16] [DEBUG] Poll #15 active window: 'GOLD PRD - \\Remote'
[2026-03-13 14:44:17] [DEBUG] Poll #20 active window: 'GOLD PRD - \\Remote'
[2026-03-13 14:44:18] [DEBUG] Poll #25 active window: 'GOLD PRD - \\Remote'
[2026-03-13 14:44:19] [DEBUG] Poll #30 active window: 'GOLD PRD - \\Remote'
[2026-03-13 14:44:20] [DEBUG] Poll #35 active window: 'GOLD PRD - \\Remote'
[2026-03-13 14:44:21] [DEBUG] Poll #40 active window: 'GOLD PRD - \\Remote'
[2026-03-13 14:44:21] [DEBUG] Waiting for color CCCCCC to disappear at (623,653)
[2026-03-13 14:44:21] [DEBUG] Color changed from CCCCCC to E2E8FB — loading complete
[2026-03-13 14:44:28] [DEBUG] Added 1 items to CSV for: D0024 - GROCERY -  IMPULSE > S0004 - MULTIPACK CRISPS & SNACKS > C0023 - SEASONAL CRISPS AND NUTS > F0106
[2026-03-13 14:44:28] [DEBUG] Family group F0106: 1 items added to CSV
[2026-03-13 14:44:30] [DEBUG] Clicked and typed at (712,135): F0107
[2026-03-13 14:44:33] [DEBUG] Poll #5 active window: 'GOLD PRD - \\Remote'
[2026-03-13 14:44:34] [DEBUG] Poll #10 active window: 'GOLD PRD - \\Remote'
[2026-03-13 14:44:35] [DEBUG] Poll #15 active window: 'GOLD PRD - \\Remote'
[2026-03-13 14:44:36] [DEBUG] Poll #20 active window: 'GOLD PRD - \\Remote'
[2026-03-13 14:44:37] [DEBUG] Poll #25 active window: 'GOLD PRD - \\Remote'
[2026-03-13 14:44:38] [DEBUG] Poll #30 active window: 'GOLD PRD - \\Remote'
[2026-03-13 14:44:39] [DEBUG] Poll #35 active window: 'GOLD PRD - \\Remote'
[2026-03-13 14:44:40] [DEBUG] Poll #40 active window: 'GOLD PRD - \\Remote'
[2026-03-13 14:44:40] [DEBUG] Waiting for color CCCCCC to disappear at (623,653)
[2026-03-13 14:45:43] [DEBUG] Color changed from CCCCCC to FFFFFF — loading complete
[2026-03-13 14:45:51] [DEBUG] Added 144 items to CSV for: D0024 - GROCERY -  IMPULSE > S0005 - SHARING CRISPS AND SNACKS > C0024 - SHARING CRISPS > F0107
[2026-03-13 14:45:51] [DEBUG] Family group F0107: 144 items added to CSV
[2026-03-13 14:45:52] [DEBUG] Clicked and typed at (712,135): F0108
[2026-03-13 14:45:55] [DEBUG] Poll #5 active window: 'GOLD PRD - \\Remote'
[2026-03-13 14:45:56] [DEBUG] Poll #10 active window: 'GOLD PRD - \\Remote'
[2026-03-13 14:45:58] [DEBUG] Poll #15 active window: 'GOLD PRD - \\Remote'
[2026-03-13 14:45:59] [DEBUG] Poll #20 active window: 'GOLD PRD - \\Remote'
[2026-03-13 14:46:00] [DEBUG] Poll #25 active window: 'GOLD PRD - \\Remote'
[2026-03-13 14:46:01] [DEBUG] Poll #30 active window: 'GOLD PRD - \\Remote'
[2026-03-13 14:46:02] [DEBUG] Poll #35 active window: 'GOLD PRD - \\Remote'
[2026-03-13 14:46:03] [DEBUG] Poll #40 active window: 'GOLD PRD - \\Remote'
[2026-03-13 14:46:03] [DEBUG] Waiting for color CCCCCC to disappear at (623,653)
[2026-03-13 14:46:16] [DEBUG] Color changed from CCCCCC to FFFFFF — loading complete
[2026-03-13 14:46:23] [DEBUG] Added 15 items to CSV for: D0024 - GROCERY -  IMPULSE > S0005 - SHARING CRISPS AND SNACKS > C0024 - SHARING CRISPS > F0108
[2026-03-13 14:46:23] [DEBUG] Family group F0108: 15 items added to CSV
[2026-03-13 14:46:25] [DEBUG] Clicked and typed at (712,135): F0109
[2026-03-13 14:46:28] [DEBUG] Poll #5 active window: 'GOLD PRD - \\Remote'
[2026-03-13 14:46:29] [DEBUG] Poll #10 active window: 'GOLD PRD - \\Remote'
[2026-03-13 14:46:30] [DEBUG] Poll #15 active window: 'GOLD PRD - \\Remote'
[2026-03-13 14:46:31] [DEBUG] Poll #20 active window: 'GOLD PRD - \\Remote'
[2026-03-13 14:46:32] [DEBUG] Poll #25 active window: 'GOLD PRD - \\Remote'
[2026-03-13 14:46:33] [DEBUG] Poll #30 active window: 'GOLD PRD - \\Remote'
[2026-03-13 14:46:34] [DEBUG] Poll #35 active window: 'GOLD PRD - \\Remote'
[2026-03-13 14:46:35] [DEBUG] Poll #40 active window: 'GOLD PRD - \\Remote'
[2026-03-13 14:46:35] [DEBUG] Waiting for color CCCCCC to disappear at (623,653)
[2026-03-13 14:46:35] [DEBUG] Color changed from CCCCCC to E2E8FB — loading complete
[2026-03-13 14:46:43] [DEBUG] Added 7 items to CSV for: D0024 - GROCERY -  IMPULSE > S0005 - SHARING CRISPS AND SNACKS > C0024 - SHARING CRISPS > F0109
[2026-03-13 14:46:43] [DEBUG] Family group F0109: 7 items added to CSV
[2026-03-13 14:46:44] [DEBUG] Clicked and typed at (712,135): F0110
[2026-03-13 14:46:47] [DEBUG] Poll #5 active window: 'GOLD PRD - \\Remote'
[2026-03-13 14:46:48] [DEBUG] Poll #10 active window: 'GOLD PRD - \\Remote'
[2026-03-13 14:46:49] [DEBUG] Poll #15 active window: 'GOLD PRD - \\Remote'
[2026-03-13 14:46:50] [DEBUG] Poll #20 active window: 'GOLD PRD - \\Remote'
[2026-03-13 14:46:51] [DEBUG] Poll #25 active window: 'GOLD PRD - \\Remote'
[2026-03-13 14:46:52] [DEBUG] Poll #30 active window: 'GOLD PRD - \\Remote'
[2026-03-13 14:46:53] [DEBUG] Poll #35 active window: 'GOLD PRD - \\Remote'
[2026-03-13 14:46:54] [DEBUG] Poll #40 active window: 'GOLD PRD - \\Remote'
[2026-03-13 14:46:54] [DEBUG] Waiting for color CCCCCC to disappear at (623,653)
[2026-03-13 14:46:54] [DEBUG] Color changed from CCCCCC to E2E8FB — loading complete
[2026-03-13 14:47:02] [DEBUG] No valid items found in clipboard for family group: F0110
[2026-03-13 14:47:02] [DEBUG] Family group F0110: 0 items added to CSV
[2026-03-13 14:47:03] [DEBUG] Clicked and typed at (712,135): F0111
[2026-03-13 14:47:06] [DEBUG] Poll #5 active window: 'GOLD PRD - \\Remote'
[2026-03-13 14:47:08] [DEBUG] Poll #10 active window: 'GOLD PRD - \\Remote'
[2026-03-13 14:47:09] [DEBUG] Poll #15 active window: 'GOLD PRD - \\Remote'
[2026-03-13 14:47:10] [DEBUG] Poll #20 active window: 'GOLD PRD - \\Remote'
[2026-03-13 14:47:11] [DEBUG] Poll #25 active window: 'GOLD PRD - \\Remote'
[2026-03-13 14:47:12] [DEBUG] Poll #30 active window: 'GOLD PRD - \\Remote'
[2026-03-13 14:47:13] [DEBUG] Poll #35 active window: 'GOLD PRD - \\Remote'
[2026-03-13 14:47:14] [DEBUG] Poll #40 active window: 'GOLD PRD - \\Remote'
[2026-03-13 14:47:14] [DEBUG] Waiting for color CCCCCC to disappear at (623,653)
[2026-03-13 14:47:19] [DEBUG] Color changed from CCCCCC to FFFFFF — loading complete
[2026-03-13 14:47:26] [DEBUG] Added 14 items to CSV for: D0024 - GROCERY -  IMPULSE > S0005 - SHARING CRISPS AND SNACKS > C0025 - SHARING SNACKS > F0111
[2026-03-13 14:47:26] [DEBUG] Family group F0111: 14 items added to CSV
[2026-03-13 14:47:28] [DEBUG] Clicked and typed at (712,135): F0112
[2026-03-13 14:47:31] [DEBUG] Poll #5 active window: 'GOLD PRD - \\Remote'
[2026-03-13 14:47:32] [DEBUG] Poll #10 active window: 'GOLD PRD - \\Remote'
[2026-03-13 14:47:33] [DEBUG] Poll #15 active window: 'GOLD PRD - \\Remote'
[2026-03-13 14:47:34] [DEBUG] Poll #20 active window: 'GOLD PRD - \\Remote'
[2026-03-13 14:47:35] [DEBUG] Poll #25 active window: 'GOLD PRD - \\Remote'
[2026-03-13 14:47:36] [DEBUG] Poll #30 active window: 'GOLD PRD - \\Remote'
[2026-03-13 14:47:37] [DEBUG] Poll #35 active window: 'GOLD PRD - \\Remote'
[2026-03-13 14:47:38] [DEBUG] Poll #40 active window: 'GOLD PRD - \\Remote'
[2026-03-13 14:47:38] [DEBUG] Waiting for color CCCCCC to disappear at (623,653)
[2026-03-13 14:47:49] [DEBUG] Color changed from CCCCCC to FFFFFF — loading complete
[2026-03-13 14:47:57] [DEBUG] Added 32 items to CSV for: D0024 - GROCERY -  IMPULSE > S0005 - SHARING CRISPS AND SNACKS > C0025 - SHARING SNACKS > F0112
[2026-03-13 14:47:57] [DEBUG] Family group F0112: 32 items added to CSV
[2026-03-13 14:47:58] [DEBUG] Clicked and typed at (712,135): F0113
[2026-03-13 14:48:01] [DEBUG] Poll #5 active window: 'GOLD PRD - \\Remote'
[2026-03-13 14:48:02] [DEBUG] Poll #10 active window: 'GOLD PRD - \\Remote'
[2026-03-13 14:48:03] [DEBUG] Poll #15 active window: 'GOLD PRD - \\Remote'
[2026-03-13 14:48:04] [DEBUG] Poll #20 active window: 'GOLD PRD - \\Remote'
[2026-03-13 14:48:05] [DEBUG] Poll #25 active window: 'GOLD PRD - \\Remote'
[2026-03-13 14:48:06] [DEBUG] Poll #30 active window: 'GOLD PRD - \\Remote'
[2026-03-13 14:48:07] [DEBUG] Poll #35 active window: 'GOLD PRD - \\Remote'
[2026-03-13 14:48:09] [DEBUG] Poll #40 active window: 'GOLD PRD - \\Remote'
[2026-03-13 14:48:09] [DEBUG] Waiting for color CCCCCC to disappear at (623,653)
[2026-03-13 14:48:10] [DEBUG] Color changed from CCCCCC to FFFFFF — loading complete
[2026-03-13 14:48:17] [DEBUG] Added 10 items to CSV for: D0024 - GROCERY -  IMPULSE > S0005 - SHARING CRISPS AND SNACKS > C0025 - SHARING SNACKS > F0113
[2026-03-13 14:48:17] [DEBUG] Family group F0113: 10 items added to CSV
[2026-03-13 14:48:19] [DEBUG] Clicked and typed at (712,135): F0116
[2026-03-13 14:48:22] [DEBUG] Poll #5 active window: 'GOLD PRD - \\Remote'
[2026-03-13 14:48:23] [DEBUG] Poll #10 active window: 'GOLD PRD - \\Remote'
[2026-03-13 14:48:24] [DEBUG] Poll #15 active window: 'GOLD PRD - \\Remote'
[2026-03-13 14:48:25] [DEBUG] Poll #20 active window: 'GOLD PRD - \\Remote'
[2026-03-13 14:48:26] [DEBUG] Poll #25 active window: 'GOLD PRD - \\Remote'
[2026-03-13 14:48:27] [DEBUG] Poll #30 active window: 'GOLD PRD - \\Remote'
[2026-03-13 14:48:28] [DEBUG] Poll #35 active window: 'GOLD PRD - \\Remote'
[2026-03-13 14:48:29] [DEBUG] Poll #40 active window: 'GOLD PRD - \\Remote'
[2026-03-13 14:48:29] [DEBUG] Waiting for color CCCCCC to disappear at (623,653)
[2026-03-13 14:48:29] [DEBUG] Color changed from CCCCCC to E2E8FB — loading complete
[2026-03-13 14:48:36] [DEBUG] Added 3 items to CSV for: D0024 - GROCERY -  IMPULSE > S0005 - SHARING CRISPS AND SNACKS > C0026 - SHARING POPCORN > F0116
[2026-03-13 14:48:36] [DEBUG] Family group F0116: 3 items added to CSV
[2026-03-13 14:48:38] [DEBUG] Clicked and typed at (712,135): F0117
[2026-03-13 14:48:41] [DEBUG] Poll #5 active window: 'GOLD PRD - \\Remote'
[2026-03-13 14:48:42] [DEBUG] Poll #10 active window: 'GOLD PRD - \\Remote'
[2026-03-13 14:48:43] [DEBUG] Poll #15 active window: 'GOLD PRD - \\Remote'
[2026-03-13 14:48:44] [DEBUG] Poll #20 active window: 'GOLD PRD - \\Remote'
[2026-03-13 14:48:45] [DEBUG] Poll #25 active window: 'GOLD PRD - \\Remote'
[2026-03-13 14:48:46] [DEBUG] Poll #30 active window: 'GOLD PRD - \\Remote'
[2026-03-13 14:48:47] [DEBUG] Poll #35 active window: 'GOLD PRD - \\Remote'
[2026-03-13 14:48:48] [DEBUG] Poll #40 active window: 'GOLD PRD - \\Remote'
[2026-03-13 14:48:48] [DEBUG] Waiting for color CCCCCC to disappear at (623,653)
[2026-03-13 14:48:48] [DEBUG] Color changed from CCCCCC to E2E8FB — loading complete
[2026-03-13 14:48:55] [DEBUG] Added 4 items to CSV for: D0024 - GROCERY -  IMPULSE > S0005 - SHARING CRISPS AND SNACKS > C0026 - SHARING POPCORN > F0117
[2026-03-13 14:48:55] [DEBUG] Family group F0117: 4 items added to CSV
[2026-03-13 14:48:57] [DEBUG] Clicked and typed at (712,135): F0118
[2026-03-13 14:49:00] [DEBUG] Poll #5 active window: 'GOLD PRD - \\Remote'
[2026-03-13 14:49:01] [DEBUG] Poll #10 active window: 'GOLD PRD - \\Remote'
[2026-03-13 14:49:02] [DEBUG] Poll #15 active window: 'GOLD PRD - \\Remote'
[2026-03-13 14:49:03] [DEBUG] Poll #20 active window: 'GOLD PRD - \\Remote'
[2026-03-13 14:49:04] [DEBUG] Poll #25 active window: 'GOLD PRD - \\Remote'
[2026-03-13 14:49:05] [DEBUG] Poll #30 active window: 'GOLD PRD - \\Remote'
[2026-03-13 14:49:06] [DEBUG] Poll #35 active window: 'GOLD PRD - \\Remote'
[2026-03-13 14:49:07] [DEBUG] Poll #40 active window: 'GOLD PRD - \\Remote'
[2026-03-13 14:49:07] [DEBUG] Waiting for color CCCCCC to disappear at (623,653)
[2026-03-13 14:49:08] [DEBUG] Color changed from CCCCCC to FFFFFF — loading complete
[2026-03-13 14:49:15] [DEBUG] Added 17 items to CSV for: D0024 - GROCERY -  IMPULSE > S0005 - SHARING CRISPS AND SNACKS > C0026 - SHARING POPCORN > F0118
[2026-03-13 14:49:15] [DEBUG] Family group F0118: 17 items added to CSV
[2026-03-13 14:49:17] [DEBUG] Clicked and typed at (712,135): F0120
[2026-03-13 14:49:20] [DEBUG] Poll #5 active window: 'GOLD PRD - \\Remote'
[2026-03-13 14:49:21] [DEBUG] Poll #10 active window: 'GOLD PRD - \\Remote'
[2026-03-13 14:49:22] [DEBUG] Poll #15 active window: 'GOLD PRD - \\Remote'
[2026-03-13 14:49:23] [DEBUG] Poll #20 active window: 'GOLD PRD - \\Remote'
[2026-03-13 14:49:24] [DEBUG] Poll #25 active window: 'GOLD PRD - \\Remote'
[2026-03-13 14:49:25] [DEBUG] Poll #30 active window: 'GOLD PRD - \\Remote'
[2026-03-13 14:49:26] [DEBUG] Poll #35 active window: 'GOLD PRD - \\Remote'
[2026-03-13 14:49:27] [DEBUG] Poll #40 active window: 'GOLD PRD - \\Remote'
[2026-03-13 14:49:27] [DEBUG] Waiting for color CCCCCC to disappear at (623,653)
[2026-03-13 14:49:27] [DEBUG] Color changed from CCCCCC to E2E8FB — loading complete
[2026-03-13 14:49:34] [DEBUG] Added 1 items to CSV for: D0024 - GROCERY -  IMPULSE > S0005 - SHARING CRISPS AND SNACKS > C0027 - SHARING NUTS > F0120
[2026-03-13 14:49:34] [DEBUG] Family group F0120: 1 items added to CSV
[2026-03-13 14:49:36] [DEBUG] Clicked and typed at (712,135): F0121
[2026-03-13 14:49:39] [DEBUG] Poll #5 active window: 'GOLD PRD - \\Remote'
[2026-03-13 14:49:40] [DEBUG] Poll #10 active window: 'GOLD PRD - \\Remote'
[2026-03-13 14:49:41] [DEBUG] Poll #15 active window: 'GOLD PRD - \\Remote'
[2026-03-13 14:49:42] [DEBUG] Poll #20 active window: 'GOLD PRD - \\Remote'
[2026-03-13 14:49:43] [DEBUG] Poll #25 active window: 'GOLD PRD - \\Remote'
[2026-03-13 14:49:44] [DEBUG] Poll #30 active window: 'GOLD PRD - \\Remote'
[2026-03-13 14:49:45] [DEBUG] Poll #35 active window: 'GOLD PRD - \\Remote'
[2026-03-13 14:49:46] [DEBUG] Poll #40 active window: 'GOLD PRD - \\Remote'
[2026-03-13 14:49:46] [DEBUG] Waiting for color CCCCCC to disappear at (623,653)
[2026-03-13 14:49:46] [DEBUG] Color changed from CCCCCC to E2E8FB — loading complete
[2026-03-13 14:49:54] [DEBUG] Added 3 items to CSV for: D0024 - GROCERY -  IMPULSE > S0005 - SHARING CRISPS AND SNACKS > C0027 - SHARING NUTS > F0121
[2026-03-13 14:49:54] [DEBUG] Family group F0121: 3 items added to CSV
[2026-03-13 14:49:55] [DEBUG] Clicked and typed at (712,135): F0122
[2026-03-13 14:49:58] [DEBUG] Poll #5 active window: 'GOLD PRD - \\Remote'
[2026-03-13 14:49:59] [DEBUG] Poll #10 active window: 'GOLD PRD - \\Remote'
[2026-03-13 14:50:00] [DEBUG] Poll #15 active window: 'GOLD PRD - \\Remote'
[2026-03-13 14:50:01] [DEBUG] Poll #20 active window: 'GOLD PRD - \\Remote'
[2026-03-13 14:50:02] [DEBUG] Poll #25 active window: 'GOLD PRD - \\Remote'
[2026-03-13 14:50:04] [DEBUG] Poll #30 active window: 'GOLD PRD - \\Remote'
[2026-03-13 14:50:05] [DEBUG] Poll #35 active window: 'GOLD PRD - \\Remote'
[2026-03-13 14:50:06] [DEBUG] Poll #40 active window: 'GOLD PRD - \\Remote'
[2026-03-13 14:50:06] [DEBUG] Waiting for color CCCCCC to disappear at (623,653)
[2026-03-13 14:50:06] [DEBUG] Color changed from CCCCCC to E2E8FB — loading complete
[2026-03-13 14:50:13] [DEBUG] Added 2 items to CSV for: D0024 - GROCERY -  IMPULSE > S0005 - SHARING CRISPS AND SNACKS > C0027 - SHARING NUTS > F0122
[2026-03-13 14:50:13] [DEBUG] Family group F0122: 2 items added to CSV
[2026-03-13 14:50:15] [DEBUG] Clicked and typed at (712,135): F0123
[2026-03-13 14:50:18] [DEBUG] Poll #5 active window: 'GOLD PRD - \\Remote'
[2026-03-13 14:50:19] [DEBUG] Poll #10 active window: 'GOLD PRD - \\Remote'
[2026-03-13 14:50:20] [DEBUG] Poll #15 active window: 'GOLD PRD - \\Remote'
[2026-03-13 14:50:21] [DEBUG] Poll #20 active window: 'GOLD PRD - \\Remote'
[2026-03-13 14:50:22] [DEBUG] Poll #25 active window: 'GOLD PRD - \\Remote'
[2026-03-13 14:50:23] [DEBUG] Poll #30 active window: 'GOLD PRD - \\Remote'
[2026-03-13 14:50:24] [DEBUG] Poll #35 active window: 'GOLD PRD - \\Remote'
[2026-03-13 14:50:25] [DEBUG] Poll #40 active window: 'GOLD PRD - \\Remote'
[2026-03-13 14:50:25] [DEBUG] Waiting for color CCCCCC to disappear at (623,653)
[2026-03-13 14:50:34] [DEBUG] Color changed from CCCCCC to FFFFFF — loading complete
[2026-03-13 14:50:41] [DEBUG] Added 29 items to CSV for: D0024 - GROCERY -  IMPULSE > S0005 - SHARING CRISPS AND SNACKS > C0027 - SHARING NUTS > F0123
[2026-03-13 14:50:41] [DEBUG] Family group F0123: 29 items added to CSV
[2026-03-13 14:50:43] [DEBUG] Clicked and typed at (712,135): F0124
[2026-03-13 14:50:46] [DEBUG] Poll #5 active window: 'GOLD PRD - \\Remote'
[2026-03-13 14:50:47] [DEBUG] Poll #10 active window: 'GOLD PRD - \\Remote'
[2026-03-13 14:50:48] [DEBUG] Poll #15 active window: 'GOLD PRD - \\Remote'
[2026-03-13 14:50:49] [DEBUG] Poll #20 active window: 'GOLD PRD - \\Remote'
[2026-03-13 14:50:50] [DEBUG] Poll #25 active window: 'GOLD PRD - \\Remote'
[2026-03-13 14:50:51] [DEBUG] Poll #30 active window: 'GOLD PRD - \\Remote'
[2026-03-13 14:50:52] [DEBUG] Poll #35 active window: 'GOLD PRD - \\Remote'
[2026-03-13 14:50:53] [DEBUG] Poll #40 active window: 'GOLD PRD - \\Remote'
[2026-03-13 14:50:53] [DEBUG] Waiting for color CCCCCC to disappear at (623,653)
[2026-03-13 14:50:53] [DEBUG] Color changed from CCCCCC to FFFFFF — loading complete
[2026-03-13 14:51:00] [DEBUG] Added 16 items to CSV for: D0024 - GROCERY -  IMPULSE > S0005 - SHARING CRISPS AND SNACKS > C0027 - SHARING NUTS > F0124
[2026-03-13 14:51:00] [DEBUG] Family group F0124: 16 items added to CSV
[2026-03-13 14:51:02] [DEBUG] Clicked and typed at (712,135): F0125
[2026-03-13 14:51:05] [DEBUG] Poll #5 active window: 'GOLD PRD - \\Remote'
[2026-03-13 14:51:06] [DEBUG] Poll #10 active window: 'GOLD PRD - \\Remote'
[2026-03-13 14:51:07] [DEBUG] Poll #15 active window: 'GOLD PRD - \\Remote'
[2026-03-13 14:51:08] [DEBUG] Poll #20 active window: 'GOLD PRD - \\Remote'
[2026-03-13 14:51:09] [DEBUG] Poll #25 active window: 'GOLD PRD - \\Remote'
[2026-03-13 14:51:10] [DEBUG] Poll #30 active window: 'GOLD PRD - \\Remote'
[2026-03-13 14:51:11] [DEBUG] Poll #35 active window: 'GOLD PRD - \\Remote'
[2026-03-13 14:51:12] [DEBUG] Poll #40 active window: 'GOLD PRD - \\Remote'
[2026-03-13 14:51:12] [DEBUG] Waiting for color CCCCCC to disappear at (623,653)
[2026-03-13 14:51:12] [DEBUG] Color changed from CCCCCC to E2E8FB — loading complete
[2026-03-13 14:51:19] [DEBUG] Added 2 items to CSV for: D0024 - GROCERY -  IMPULSE > S0005 - SHARING CRISPS AND SNACKS > C0027 - SHARING NUTS > F0125
[2026-03-13 14:51:19] [DEBUG] Family group F0125: 2 items added to CSV
[2026-03-13 14:51:21] [DEBUG] Clicked and typed at (712,135): F0128
[2026-03-13 14:51:24] [DEBUG] Poll #5 active window: 'GOLD PRD - \\Remote'
[2026-03-13 14:51:25] [DEBUG] Poll #10 active window: 'GOLD PRD - \\Remote'
[2026-03-13 14:51:26] [DEBUG] Poll #15 active window: 'GOLD PRD - \\Remote'
[2026-03-13 14:51:27] [DEBUG] Poll #20 active window: 'GOLD PRD - \\Remote'
[2026-03-13 14:51:28] [DEBUG] Poll #25 active window: 'GOLD PRD - \\Remote'
[2026-03-13 14:51:29] [DEBUG] Poll #30 active window: 'GOLD PRD - \\Remote'
[2026-03-13 14:51:30] [DEBUG] Poll #35 active window: 'GOLD PRD - \\Remote'
[2026-03-13 14:51:31] [DEBUG] Poll #40 active window: 'GOLD PRD - \\Remote'
[2026-03-13 14:51:31] [DEBUG] Waiting for color CCCCCC to disappear at (623,653)
[2026-03-13 14:51:31] [DEBUG] Color changed from CCCCCC to E2E8FB — loading complete
[2026-03-13 14:51:38] [DEBUG] Added 6 items to CSV for: D0024 - GROCERY -  IMPULSE > S0005 - SHARING CRISPS AND SNACKS > C0028 - DIPS > F0128
[2026-03-13 14:51:38] [DEBUG] Family group F0128: 6 items added to CSV
[2026-03-13 14:51:40] [DEBUG] Clicked and typed at (712,135): F0129
[2026-03-13 14:51:43] [DEBUG] Poll #5 active window: 'GOLD PRD - \\Remote'
[2026-03-13 14:51:44] [DEBUG] Poll #10 active window: 'GOLD PRD - \\Remote'
[2026-03-13 14:51:45] [DEBUG] Poll #15 active window: 'GOLD PRD - \\Remote'
[2026-03-13 14:51:46] [DEBUG] Poll #20 active window: 'GOLD PRD - \\Remote'
[2026-03-13 14:51:47] [DEBUG] Poll #25 active window: 'GOLD PRD - \\Remote'
[2026-03-13 14:51:48] [DEBUG] Poll #30 active window: 'GOLD PRD - \\Remote'
[2026-03-13 14:51:49] [DEBUG] Poll #35 active window: 'GOLD PRD - \\Remote'
[2026-03-13 14:51:50] [DEBUG] Poll #40 active window: 'GOLD PRD - \\Remote'
[2026-03-13 14:51:50] [DEBUG] Waiting for color CCCCCC to disappear at (623,653)
[2026-03-13 14:51:50] [DEBUG] Color changed from CCCCCC to E2E8FB — loading complete
[2026-03-13 14:51:57] [DEBUG] Added 3 items to CSV for: D0024 - GROCERY -  IMPULSE > S0005 - SHARING CRISPS AND SNACKS > C0028 - DIPS > F0129
[2026-03-13 14:51:57] [DEBUG] Family group F0129: 3 items added to CSV
[2026-03-13 14:51:59] [DEBUG] Clicked and typed at (712,135): F0131
[2026-03-13 14:52:02] [DEBUG] Poll #5 active window: 'GOLD PRD - \\Remote'
[2026-03-13 14:52:03] [DEBUG] Poll #10 active window: 'GOLD PRD - \\Remote'
[2026-03-13 14:52:04] [DEBUG] Poll #15 active window: 'GOLD PRD - \\Remote'
[2026-03-13 14:52:05] [DEBUG] Poll #20 active window: 'GOLD PRD - \\Remote'
[2026-03-13 14:52:06] [DEBUG] Poll #25 active window: 'GOLD PRD - \\Remote'
[2026-03-13 14:52:07] [DEBUG] Poll #30 active window: 'GOLD PRD - \\Remote'
[2026-03-13 14:52:08] [DEBUG] Poll #35 active window: 'GOLD PRD - \\Remote'
[2026-03-13 14:52:09] [DEBUG] Poll #40 active window: 'GOLD PRD - \\Remote'
[2026-03-13 14:52:09] [DEBUG] Waiting for color CCCCCC to disappear at (623,653)
[2026-03-13 14:53:27] [DEBUG] Color changed from CCCCCC to FFFFFF — loading complete
[2026-03-13 14:53:35] [DEBUG] Added 150 items to CSV for: D0024 - GROCERY -  IMPULSE > S0006 - TAKE HOME CONFECTIONERY > C0029 - BOXED CONFECTIONERY > F0131
[2026-03-13 14:53:35] [DEBUG] Family group F0131: 150 items added to CSV
[2026-03-13 14:53:36] [DEBUG] Clicked and typed at (712,135): F0132
[2026-03-13 14:53:39] [DEBUG] Poll #5 active window: 'GOLD PRD - \\Remote'
[2026-03-13 14:53:40] [DEBUG] Poll #10 active window: 'GOLD PRD - \\Remote'
[2026-03-13 14:53:41] [DEBUG] Poll #15 active window: 'GOLD PRD - \\Remote'
[2026-03-13 14:53:42] [DEBUG] Poll #20 active window: 'GOLD PRD - \\Remote'
[2026-03-13 14:53:43] [DEBUG] Poll #25 active window: 'GOLD PRD - \\Remote'
[2026-03-13 14:53:44] [DEBUG] Poll #30 active window: 'GOLD PRD - \\Remote'
[2026-03-13 14:53:45] [DEBUG] Poll #35 active window: 'GOLD PRD - \\Remote'
[2026-03-13 14:53:46] [DEBUG] Poll #40 active window: 'GOLD PRD - \\Remote'
[2026-03-13 14:53:46] [DEBUG] Waiting for color CCCCCC to disappear at (623,653)
[2026-03-13 14:53:46] [DEBUG] Color changed from CCCCCC to E2E8FB — loading complete
[2026-03-13 14:53:54] [DEBUG] No valid items found in clipboard for family group: F0132
[2026-03-13 14:53:54] [DEBUG] Family group F0132: 0 items added to CSV
[2026-03-13 14:53:55] [DEBUG] Clicked and typed at (712,135): F0133
[2026-03-13 14:53:58] [DEBUG] Poll #5 active window: 'GOLD PRD - \\Remote'
[2026-03-13 14:53:59] [DEBUG] Poll #10 active window: 'GOLD PRD - \\Remote'
[2026-03-13 14:54:00] [DEBUG] Poll #15 active window: 'GOLD PRD - \\Remote'
[2026-03-13 14:54:01] [DEBUG] Poll #20 active window: 'GOLD PRD - \\Remote'
[2026-03-13 14:54:03] [DEBUG] Poll #25 active window: 'GOLD PRD - \\Remote'
[2026-03-13 14:54:04] [DEBUG] Poll #30 active window: 'GOLD PRD - \\Remote'
[2026-03-13 14:54:05] [DEBUG] Poll #35 active window: 'GOLD PRD - \\Remote'
[2026-03-13 14:54:06] [DEBUG] Poll #40 active window: 'GOLD PRD - \\Remote'
[2026-03-13 14:54:06] [DEBUG] Waiting for color CCCCCC to disappear at (623,653)
[2026-03-13 14:54:06] [DEBUG] Color changed from CCCCCC to FFFFFF — loading complete
[2026-03-13 14:54:13] [DEBUG] Added 7 items to CSV for: D0024 - GROCERY -  IMPULSE > S0006 - TAKE HOME CONFECTIONERY > C0029 - BOXED CONFECTIONERY > F0133
[2026-03-13 14:54:13] [DEBUG] Family group F0133: 7 items added to CSV
[2026-03-13 14:54:15] [DEBUG] Clicked and typed at (712,135): F0134
[2026-03-13 14:54:18] [DEBUG] Poll #5 active window: 'GOLD PRD - \\Remote'
[2026-03-13 14:54:19] [DEBUG] Poll #10 active window: 'GOLD PRD - \\Remote'
[2026-03-13 14:54:20] [DEBUG] Poll #15 active window: 'GOLD PRD - \\Remote'
[2026-03-13 14:54:21] [DEBUG] Poll #20 active window: 'GOLD PRD - \\Remote'
[2026-03-13 14:54:22] [DEBUG] Poll #25 active window: 'GOLD PRD - \\Remote'
[2026-03-13 14:54:23] [DEBUG] Poll #30 active window: 'GOLD PRD - \\Remote'
[2026-03-13 14:54:24] [DEBUG] Poll #35 active window: 'GOLD PRD - \\Remote'
[2026-03-13 14:54:25] [DEBUG] Poll #40 active window: 'GOLD PRD - \\Remote'
[2026-03-13 14:54:25] [DEBUG] Waiting for color CCCCCC to disappear at (623,653)
[2026-03-13 14:54:25] [DEBUG] Color changed from CCCCCC to E2E8FB — loading complete
[2026-03-13 14:54:32] [DEBUG] Added 2 items to CSV for: D0024 - GROCERY -  IMPULSE > S0006 - TAKE HOME CONFECTIONERY > C0029 - BOXED CONFECTIONERY > F0134
[2026-03-13 14:54:32] [DEBUG] Family group F0134: 2 items added to CSV
[2026-03-13 14:54:34] [DEBUG] Clicked and typed at (712,135): F0135
[2026-03-13 14:54:37] [DEBUG] Poll #5 active window: 'GOLD PRD - \\Remote'
[2026-03-13 14:54:38] [DEBUG] Poll #10 active window: 'GOLD PRD - \\Remote'
[2026-03-13 14:54:39] [DEBUG] Poll #15 active window: 'GOLD PRD - \\Remote'
[2026-03-13 14:54:40] [DEBUG] Poll #20 active window: 'GOLD PRD - \\Remote'
[2026-03-13 14:54:41] [DEBUG] Poll #25 active window: 'GOLD PRD - \\Remote'
[2026-03-13 14:54:42] [DEBUG] Poll #30 active window: 'GOLD PRD - \\Remote'
[2026-03-13 14:54:43] [DEBUG] Poll #35 active window: 'GOLD PRD - \\Remote'
[2026-03-13 14:54:44] [DEBUG] Poll #40 active window: 'GOLD PRD - \\Remote'
[2026-03-13 14:54:44] [DEBUG] Waiting for color CCCCCC to disappear at (623,653)
[2026-03-13 14:54:44] [DEBUG] Color changed from CCCCCC to E2E8FB — loading complete
[2026-03-13 14:54:51] [DEBUG] Added 3 items to CSV for: D0024 - GROCERY -  IMPULSE > S0006 - TAKE HOME CONFECTIONERY > C0029 - BOXED CONFECTIONERY > F0135
[2026-03-13 14:54:51] [DEBUG] Family group F0135: 3 items added to CSV
[2026-03-13 14:54:53] [DEBUG] Clicked and typed at (712,135): F0136
[2026-03-13 14:54:56] [DEBUG] Poll #5 active window: 'GOLD PRD - \\Remote'
[2026-03-13 14:54:57] [DEBUG] Poll #10 active window: 'GOLD PRD - \\Remote'
[2026-03-13 14:54:58] [DEBUG] Poll #15 active window: 'GOLD PRD - \\Remote'
[2026-03-13 14:54:59] [DEBUG] Poll #20 active window: 'GOLD PRD - \\Remote'
[2026-03-13 14:55:00] [DEBUG] Poll #25 active window: 'GOLD PRD - \\Remote'
[2026-03-13 14:55:01] [DEBUG] Poll #30 active window: 'GOLD PRD - \\Remote'
[2026-03-13 14:55:02] [DEBUG] Poll #35 active window: 'GOLD PRD - \\Remote'
[2026-03-13 14:55:03] [DEBUG] Poll #40 active window: 'GOLD PRD - \\Remote'
[2026-03-13 14:55:03] [DEBUG] Waiting for color CCCCCC to disappear at (623,653)
[2026-03-13 14:55:03] [DEBUG] Color changed from CCCCCC to E2E8FB — loading complete
[2026-03-13 14:55:10] [DEBUG] No valid items found in clipboard for family group: F0136
[2026-03-13 14:55:10] [DEBUG] Family group F0136: 0 items added to CSV
[2026-03-13 14:55:12] [DEBUG] Clicked and typed at (712,135): F0137
[2026-03-13 14:55:15] [DEBUG] Poll #5 active window: 'GOLD PRD - \\Remote'
[2026-03-13 14:55:16] [DEBUG] Poll #10 active window: 'GOLD PRD - \\Remote'
[2026-03-13 14:55:17] [DEBUG] Poll #15 active window: 'GOLD PRD - \\Remote'
[2026-03-13 14:55:18] [DEBUG] Poll #20 active window: 'GOLD PRD - \\Remote'
[2026-03-13 14:55:19] [DEBUG] Poll #25 active window: 'GOLD PRD - \\Remote'
[2026-03-13 14:55:20] [DEBUG] Poll #30 active window: 'GOLD PRD - \\Remote'
[2026-03-13 14:55:21] [DEBUG] Poll #35 active window: 'GOLD PRD - \\Remote'
[2026-03-13 14:55:22] [DEBUG] Poll #40 active window: 'GOLD PRD - \\Remote'
[2026-03-13 14:55:22] [DEBUG] Waiting for color CCCCCC to disappear at (623,653)
[2026-03-13 14:55:22] [DEBUG] Color changed from CCCCCC to E2E8FB — loading complete
[2026-03-13 14:55:29] [DEBUG] Added 1 items to CSV for: D0024 - GROCERY -  IMPULSE > S0006 - TAKE HOME CONFECTIONERY > C0029 - BOXED CONFECTIONERY > F0137
[2026-03-13 14:55:29] [DEBUG] Family group F0137: 1 items added to CSV
[2026-03-13 14:55:31] [DEBUG] Clicked and typed at (712,135): F0138
[2026-03-13 14:55:34] [DEBUG] Poll #5 active window: 'GOLD PRD - \\Remote'
[2026-03-13 14:55:35] [DEBUG] Poll #10 active window: 'GOLD PRD - \\Remote'
[2026-03-13 14:55:36] [DEBUG] Poll #15 active window: 'GOLD PRD - \\Remote'
[2026-03-13 14:55:37] [DEBUG] Poll #20 active window: 'GOLD PRD - \\Remote'
[2026-03-13 14:55:38] [DEBUG] Poll #25 active window: 'GOLD PRD - \\Remote'
[2026-03-13 14:55:39] [DEBUG] Poll #30 active window: 'GOLD PRD - \\Remote'
[2026-03-13 14:55:40] [DEBUG] Poll #35 active window: 'GOLD PRD - \\Remote'
[2026-03-13 14:55:41] [DEBUG] Poll #40 active window: 'GOLD PRD - \\Remote'
[2026-03-13 14:55:41] [DEBUG] Waiting for color CCCCCC to disappear at (623,653)
[2026-03-13 14:55:41] [DEBUG] Color changed from CCCCCC to E2E8FB — loading complete
[2026-03-13 14:55:49] [DEBUG] Added 1 items to CSV for: D0024 - GROCERY -  IMPULSE > S0006 - TAKE HOME CONFECTIONERY > C0029 - BOXED CONFECTIONERY > F0138
[2026-03-13 14:55:49] [DEBUG] Family group F0138: 1 items added to CSV
[2026-03-13 14:55:50] [DEBUG] Clicked and typed at (712,135): F0139
[2026-03-13 14:55:53] [DEBUG] Poll #5 active window: 'GOLD PRD - \\Remote'
[2026-03-13 14:55:54] [DEBUG] Poll #10 active window: 'GOLD PRD - \\Remote'
[2026-03-13 14:55:55] [DEBUG] Poll #15 active window: 'GOLD PRD - \\Remote'
[2026-03-13 14:55:56] [DEBUG] Poll #20 active window: 'GOLD PRD - \\Remote'
[2026-03-13 14:55:57] [DEBUG] Poll #25 active window: 'GOLD PRD - \\Remote'
[2026-03-13 14:55:59] [DEBUG] Poll #30 active window: 'GOLD PRD - \\Remote'
[2026-03-13 14:56:00] [DEBUG] Poll #35 active window: 'GOLD PRD - \\Remote'
[2026-03-13 14:56:01] [DEBUG] Poll #40 active window: 'GOLD PRD - \\Remote'
[2026-03-13 14:56:01] [DEBUG] Waiting for color CCCCCC to disappear at (623,653)
[2026-03-13 14:56:07] [DEBUG] Color changed from CCCCCC to FFFFFF — loading complete
[2026-03-13 14:56:14] [DEBUG] Added 12 items to CSV for: D0024 - GROCERY -  IMPULSE > S0006 - TAKE HOME CONFECTIONERY > C0030 - BLOCK CHOCOLATE > F0139
[2026-03-13 14:56:14] [DEBUG] Family group F0139: 12 items added to CSV
[2026-03-13 14:56:16] [DEBUG] Clicked and typed at (712,135): F0140
[2026-03-13 14:56:19] [DEBUG] Poll #5 active window: 'GOLD PRD - \\Remote'
[2026-03-13 14:56:20] [DEBUG] Poll #10 active window: 'GOLD PRD - \\Remote'
[2026-03-13 14:56:21] [DEBUG] Poll #15 active window: 'GOLD PRD - \\Remote'
[2026-03-13 14:56:22] [DEBUG] Poll #20 active window: 'GOLD PRD - \\Remote'
[2026-03-13 14:56:23] [DEBUG] Poll #25 active window: 'GOLD PRD - \\Remote'
[2026-03-13 14:56:24] [DEBUG] Poll #30 active window: 'GOLD PRD - \\Remote'
[2026-03-13 14:56:25] [DEBUG] Poll #35 active window: 'GOLD PRD - \\Remote'
[2026-03-13 14:56:26] [DEBUG] Poll #40 active window: 'GOLD PRD - \\Remote'
[2026-03-13 14:56:26] [DEBUG] Waiting for color CCCCCC to disappear at (623,653)
[2026-03-13 14:56:30] [DEBUG] Color changed from CCCCCC to FFFFFF — loading complete
[2026-03-13 14:56:37] [DEBUG] Added 18 items to CSV for: D0024 - GROCERY -  IMPULSE > S0006 - TAKE HOME CONFECTIONERY > C0030 - BLOCK CHOCOLATE > F0140
[2026-03-13 14:56:37] [DEBUG] Family group F0140: 18 items added to CSV
[2026-03-13 14:56:38] [DEBUG] Clicked and typed at (712,135): F0141
[2026-03-13 14:56:41] [DEBUG] Poll #5 active window: 'GOLD PRD - \\Remote'
[2026-03-13 14:56:43] [DEBUG] Poll #10 active window: 'GOLD PRD - \\Remote'
[2026-03-13 14:56:44] [DEBUG] Poll #15 active window: 'GOLD PRD - \\Remote'
[2026-03-13 14:56:45] [DEBUG] Poll #20 active window: 'GOLD PRD - \\Remote'
[2026-03-13 14:56:46] [DEBUG] Poll #25 active window: 'GOLD PRD - \\Remote'
[2026-03-13 14:56:47] [DEBUG] Poll #30 active window: 'GOLD PRD - \\Remote'
[2026-03-13 14:56:48] [DEBUG] Poll #35 active window: 'GOLD PRD - \\Remote'
[2026-03-13 14:56:49] [DEBUG] Poll #40 active window: 'GOLD PRD - \\Remote'
[2026-03-13 14:56:49] [DEBUG] Waiting for color CCCCCC to disappear at (623,653)
[2026-03-13 14:57:31] [DEBUG] Color changed from CCCCCC to FFFFFF — loading complete
[2026-03-13 14:57:38] [DEBUG] Added 106 items to CSV for: D0024 - GROCERY -  IMPULSE > S0006 - TAKE HOME CONFECTIONERY > C0030 - BLOCK CHOCOLATE > F0141
[2026-03-13 14:57:38] [DEBUG] Family group F0141: 106 items added to CSV
[2026-03-13 14:57:40] [DEBUG] Clicked and typed at (712,135): F0142
[2026-03-13 14:57:43] [DEBUG] Poll #5 active window: 'GOLD PRD - \\Remote'
[2026-03-13 14:57:44] [DEBUG] Poll #10 active window: 'GOLD PRD - \\Remote'
[2026-03-13 14:57:45] [DEBUG] Poll #15 active window: 'GOLD PRD - \\Remote'
[2026-03-13 14:57:46] [DEBUG] Poll #20 active window: 'GOLD PRD - \\Remote'
[2026-03-13 14:57:47] [DEBUG] Poll #25 active window: 'GOLD PRD - \\Remote'
[2026-03-13 14:57:48] [DEBUG] Poll #30 active window: 'GOLD PRD - \\Remote'
[2026-03-13 14:57:49] [DEBUG] Poll #35 active window: 'GOLD PRD - \\Remote'
[2026-03-13 14:57:50] [DEBUG] Poll #40 active window: 'GOLD PRD - \\Remote'
[2026-03-13 14:57:50] [DEBUG] Waiting for color CCCCCC to disappear at (623,653)
[2026-03-13 14:57:50] [DEBUG] Color changed from CCCCCC to FFFFFF — loading complete
[2026-03-13 14:57:57] [DEBUG] Added 6 items to CSV for: D0024 - GROCERY -  IMPULSE > S0006 - TAKE HOME CONFECTIONERY > C0031 - FUNSIZE CONFECTIONERY > F0142
[2026-03-13 14:57:57] [DEBUG] Family group F0142: 6 items added to CSV
[2026-03-13 14:57:59] [DEBUG] Clicked and typed at (712,135): F0143
[2026-03-13 14:58:02] [DEBUG] Poll #5 active window: 'GOLD PRD - \\Remote'
[2026-03-13 14:58:03] [DEBUG] Poll #10 active window: 'GOLD PRD - \\Remote'
[2026-03-13 14:58:04] [DEBUG] Poll #15 active window: 'GOLD PRD - \\Remote'
[2026-03-13 14:58:05] [DEBUG] Poll #20 active window: 'GOLD PRD - \\Remote'
[2026-03-13 14:58:06] [DEBUG] Poll #25 active window: 'GOLD PRD - \\Remote'
[2026-03-13 14:58:07] [DEBUG] Poll #30 active window: 'GOLD PRD - \\Remote'
[2026-03-13 14:58:08] [DEBUG] Poll #35 active window: 'GOLD PRD - \\Remote'
[2026-03-13 14:58:09] [DEBUG] Poll #40 active window: 'GOLD PRD - \\Remote'
[2026-03-13 14:58:09] [DEBUG] Waiting for color CCCCCC to disappear at (623,653)
[2026-03-13 14:58:09] [DEBUG] Color changed from CCCCCC to E2E8FB — loading complete
[2026-03-13 14:58:16] [DEBUG] Added 3 items to CSV for: D0024 - GROCERY -  IMPULSE > S0006 - TAKE HOME CONFECTIONERY > C0031 - FUNSIZE CONFECTIONERY > F0143
[2026-03-13 14:58:16] [DEBUG] Family group F0143: 3 items added to CSV
[2026-03-13 14:58:18] [DEBUG] Clicked and typed at (712,135): F0144
[2026-03-13 14:58:21] [DEBUG] Poll #5 active window: 'GOLD PRD - \\Remote'
[2026-03-13 14:58:22] [DEBUG] Poll #10 active window: 'GOLD PRD - \\Remote'
[2026-03-13 14:58:23] [DEBUG] Poll #15 active window: 'GOLD PRD - \\Remote'
[2026-03-13 14:58:24] [DEBUG] Poll #20 active window: 'GOLD PRD - \\Remote'
[2026-03-13 14:58:25] [DEBUG] Poll #25 active window: 'GOLD PRD - \\Remote'
[2026-03-13 14:58:26] [DEBUG] Poll #30 active window: 'GOLD PRD - \\Remote'
[2026-03-13 14:58:27] [DEBUG] Poll #35 active window: 'GOLD PRD - \\Remote'
[2026-03-13 14:58:28] [DEBUG] Poll #40 active window: 'GOLD PRD - \\Remote'
[2026-03-13 14:58:28] [DEBUG] Waiting for color CCCCCC to disappear at (623,653)
[2026-03-13 14:58:28] [DEBUG] Color changed from CCCCCC to FFFFFF — loading complete
[2026-03-13 14:58:35] [DEBUG] Added 11 items to CSV for: D0024 - GROCERY -  IMPULSE > S0006 - TAKE HOME CONFECTIONERY > C0031 - FUNSIZE CONFECTIONERY > F0144
[2026-03-13 14:58:35] [DEBUG] Family group F0144: 11 items added to CSV
[2026-03-13 14:58:37] [DEBUG] Clicked and typed at (712,135): F0145
[2026-03-13 14:58:40] [DEBUG] Poll #5 active window: 'GOLD PRD - \\Remote'
[2026-03-13 14:58:41] [DEBUG] Poll #10 active window: 'GOLD PRD - \\Remote'
[2026-03-13 14:58:42] [DEBUG] Poll #15 active window: 'GOLD PRD - \\Remote'
[2026-03-13 14:58:43] [DEBUG] Poll #20 active window: 'GOLD PRD - \\Remote'
[2026-03-13 14:58:44] [DEBUG] Poll #25 active window: 'GOLD PRD - \\Remote'
[2026-03-13 14:58:45] [DEBUG] Poll #30 active window: 'GOLD PRD - \\Remote'
[2026-03-13 14:58:46] [DEBUG] Poll #35 active window: 'GOLD PRD - \\Remote'
[2026-03-13 14:58:47] [DEBUG] Poll #40 active window: 'GOLD PRD - \\Remote'
[2026-03-13 14:58:47] [DEBUG] Waiting for color CCCCCC to disappear at (623,653)
[2026-03-13 14:58:47] [DEBUG] Color changed from CCCCCC to E2E8FB — loading complete
[2026-03-13 14:58:55] [DEBUG] No valid items found in clipboard for family group: F0145
[2026-03-13 14:58:55] [DEBUG] Family group F0145: 0 items added to CSV
[2026-03-13 14:58:56] [DEBUG] Clicked and typed at (712,135): F0146
[2026-03-13 14:58:59] [DEBUG] Poll #5 active window: 'GOLD PRD - \\Remote'
[2026-03-13 14:59:00] [DEBUG] Poll #10 active window: 'GOLD PRD - \\Remote'
[2026-03-13 14:59:02] [DEBUG] Poll #15 active window: 'GOLD PRD - \\Remote'
[2026-03-13 14:59:03] [DEBUG] Poll #20 active window: 'GOLD PRD - \\Remote'
[2026-03-13 14:59:04] [DEBUG] Poll #25 active window: 'GOLD PRD - \\Remote'
[2026-03-13 14:59:05] [DEBUG] Poll #30 active window: 'GOLD PRD - \\Remote'
[2026-03-13 14:59:06] [DEBUG] Poll #35 active window: 'GOLD PRD - \\Remote'
[2026-03-13 14:59:07] [DEBUG] Poll #40 active window: 'GOLD PRD - \\Remote'
[2026-03-13 14:59:07] [DEBUG] Waiting for color CCCCCC to disappear at (623,653)
[2026-03-13 14:59:07] [DEBUG] Color changed from CCCCCC to E2E8FB — loading complete
[2026-03-13 14:59:14] [DEBUG] Clipboard retry #1 for F0146
[2026-03-13 14:59:20] [DEBUG] Added 5 items to CSV for: D0024 - GROCERY -  IMPULSE > S0006 - TAKE HOME CONFECTIONERY > C0032 - MULTIPACK CONFECTIONERY > F0146
[2026-03-13 14:59:20] [DEBUG] Family group F0146: 5 items added to CSV
[2026-03-13 14:59:22] [DEBUG] Clicked and typed at (712,135): F0147
[2026-03-13 14:59:25] [DEBUG] Poll #5 active window: 'GOLD PRD - \\Remote'
[2026-03-13 14:59:26] [DEBUG] Poll #10 active window: 'GOLD PRD - \\Remote'
[2026-03-13 14:59:27] [DEBUG] Poll #15 active window: 'GOLD PRD - \\Remote'
[2026-03-13 14:59:28] [DEBUG] Poll #20 active window: 'GOLD PRD - \\Remote'
[2026-03-13 14:59:29] [DEBUG] Poll #25 active window: 'GOLD PRD - \\Remote'
[2026-03-13 14:59:30] [DEBUG] Poll #30 active window: 'GOLD PRD - \\Remote'
[2026-03-13 14:59:31] [DEBUG] Poll #35 active window: 'GOLD PRD - \\Remote'
[2026-03-13 14:59:32] [DEBUG] Poll #40 active window: 'GOLD PRD - \\Remote'
[2026-03-13 14:59:32] [DEBUG] Waiting for color CCCCCC to disappear at (623,653)
[2026-03-13 14:59:58] [DEBUG] Color changed from CCCCCC to FFFFFF — loading complete
[2026-03-13 15:00:05] [DEBUG] Added 58 items to CSV for: D0024 - GROCERY -  IMPULSE > S0006 - TAKE HOME CONFECTIONERY > C0032 - MULTIPACK CONFECTIONERY > F0147
[2026-03-13 15:00:05] [DEBUG] Family group F0147: 58 items added to CSV
[2026-03-13 15:00:07] [DEBUG] Clicked and typed at (712,135): F0148
[2026-03-13 15:00:10] [DEBUG] Poll #5 active window: 'GOLD PRD - \\Remote'
[2026-03-13 15:00:11] [DEBUG] Poll #10 active window: 'GOLD PRD - \\Remote'
[2026-03-13 15:00:12] [DEBUG] Poll #15 active window: 'GOLD PRD - \\Remote'
[2026-03-13 15:00:13] [DEBUG] Poll #20 active window: 'GOLD PRD - \\Remote'
[2026-03-13 15:00:14] [DEBUG] Poll #25 active window: 'GOLD PRD - \\Remote'
[2026-03-13 15:00:15] [DEBUG] Poll #30 active window: 'GOLD PRD - \\Remote'
[2026-03-13 15:00:16] [DEBUG] Poll #35 active window: 'GOLD PRD - \\Remote'
[2026-03-13 15:00:17] [DEBUG] Poll #40 active window: 'GOLD PRD - \\Remote'
[2026-03-13 15:00:17] [DEBUG] Waiting for color CCCCCC to disappear at (623,653)
[2026-03-13 15:00:17] [DEBUG] Color changed from CCCCCC to E2E8FB — loading complete
[2026-03-13 15:00:25] [DEBUG] Added 3 items to CSV for: D0024 - GROCERY -  IMPULSE > S0006 - TAKE HOME CONFECTIONERY > C0032 - MULTIPACK CONFECTIONERY > F0148
[2026-03-13 15:00:25] [DEBUG] Family group F0148: 3 items added to CSV
[2026-03-13 15:00:26] [DEBUG] Clicked and typed at (712,135): F0150
[2026-03-13 15:00:29] [DEBUG] Poll #5 active window: 'GOLD PRD - \\Remote'
[2026-03-13 15:00:30] [DEBUG] Poll #10 active window: 'GOLD PRD - \\Remote'
[2026-03-13 15:00:31] [DEBUG] Poll #15 active window: 'GOLD PRD - \\Remote'
[2026-03-13 15:00:32] [DEBUG] Poll #20 active window: 'GOLD PRD - \\Remote'
[2026-03-13 15:00:33] [DEBUG] Poll #25 active window: 'GOLD PRD - \\Remote'
[2026-03-13 15:00:35] [DEBUG] Poll #30 active window: 'GOLD PRD - \\Remote'
[2026-03-13 15:00:36] [DEBUG] Poll #35 active window: 'GOLD PRD - \\Remote'
[2026-03-13 15:00:37] [DEBUG] Poll #40 active window: 'GOLD PRD - \\Remote'
[2026-03-13 15:00:37] [DEBUG] Waiting for color CCCCCC to disappear at (623,653)
[2026-03-13 15:00:37] [DEBUG] Color changed from CCCCCC to E2E8FB — loading complete
[2026-03-13 15:00:44] [DEBUG] Added 2 items to CSV for: D0024 - GROCERY -  IMPULSE > S0006 - TAKE HOME CONFECTIONERY > C0032 - MULTIPACK CONFECTIONERY > F0150
[2026-03-13 15:00:44] [DEBUG] Family group F0150: 2 items added to CSV
[2026-03-13 15:00:46] [DEBUG] Clicked and typed at (712,135): F0151
[2026-03-13 15:00:49] [DEBUG] Poll #5 active window: 'GOLD PRD - \\Remote'
[2026-03-13 15:00:50] [DEBUG] Poll #10 active window: 'GOLD PRD - \\Remote'
[2026-03-13 15:00:51] [DEBUG] Poll #15 active window: 'GOLD PRD - \\Remote'
[2026-03-13 15:00:52] [DEBUG] Poll #20 active window: 'GOLD PRD - \\Remote'
[2026-03-13 15:00:53] [DEBUG] Poll #25 active window: 'GOLD PRD - \\Remote'
[2026-03-13 15:00:54] [DEBUG] Poll #30 active window: 'GOLD PRD - \\Remote'
[2026-03-13 15:00:55] [DEBUG] Poll #35 active window: 'GOLD PRD - \\Remote'
[2026-03-13 15:00:56] [DEBUG] Poll #40 active window: 'GOLD PRD - \\Remote'
[2026-03-13 15:00:56] [DEBUG] Waiting for color CCCCCC to disappear at (623,653)
[2026-03-13 15:00:56] [DEBUG] Color changed from CCCCCC to E2E8FB — loading complete
[2026-03-13 15:01:03] [DEBUG] Added 3 items to CSV for: D0024 - GROCERY -  IMPULSE > S0006 - TAKE HOME CONFECTIONERY > C0032 - MULTIPACK CONFECTIONERY > F0151
[2026-03-13 15:01:03] [DEBUG] Family group F0151: 3 items added to CSV
[2026-03-13 15:01:05] [DEBUG] Clicked and typed at (712,135): F0152
[2026-03-13 15:01:08] [DEBUG] Poll #5 active window: 'GOLD PRD - \\Remote'
[2026-03-13 15:01:09] [DEBUG] Poll #10 active window: 'GOLD PRD - \\Remote'
[2026-03-13 15:01:10] [DEBUG] Poll #15 active window: 'GOLD PRD - \\Remote'
[2026-03-13 15:01:11] [DEBUG] Poll #20 active window: 'GOLD PRD - \\Remote'
[2026-03-13 15:01:12] [DEBUG] Poll #25 active window: 'GOLD PRD - \\Remote'
[2026-03-13 15:01:13] [DEBUG] Poll #30 active window: 'GOLD PRD - \\Remote'
[2026-03-13 15:01:14] [DEBUG] Poll #35 active window: 'GOLD PRD - \\Remote'
[2026-03-13 15:01:15] [DEBUG] Poll #40 active window: 'GOLD PRD - \\Remote'
[2026-03-13 15:01:15] [DEBUG] Waiting for color CCCCCC to disappear at (623,653)
[2026-03-13 15:01:15] [DEBUG] Color changed from CCCCCC to FFFFFF — loading complete
[2026-03-13 15:01:22] [DEBUG] Added 12 items to CSV for: D0024 - GROCERY -  IMPULSE > S0006 - TAKE HOME CONFECTIONERY > C0032 - MULTIPACK CONFECTIONERY > F0152
[2026-03-13 15:01:22] [DEBUG] Family group F0152: 12 items added to CSV
[2026-03-13 15:01:24] [DEBUG] Clicked and typed at (712,135): F0153
[2026-03-13 15:01:27] [DEBUG] Poll #5 active window: 'GOLD PRD - \\Remote'
[2026-03-13 15:01:28] [DEBUG] Poll #10 active window: 'GOLD PRD - \\Remote'
[2026-03-13 15:01:29] [DEBUG] Poll #15 active window: 'GOLD PRD - \\Remote'
[2026-03-13 15:01:30] [DEBUG] Poll #20 active window: 'GOLD PRD - \\Remote'
[2026-03-13 15:01:31] [DEBUG] Poll #25 active window: 'GOLD PRD - \\Remote'
[2026-03-13 15:01:32] [DEBUG] Poll #30 active window: 'GOLD PRD - \\Remote'
[2026-03-13 15:01:33] [DEBUG] Poll #35 active window: 'GOLD PRD - \\Remote'
[2026-03-13 15:01:34] [DEBUG] Poll #40 active window: 'GOLD PRD - \\Remote'
[2026-03-13 15:01:34] [DEBUG] Waiting for color CCCCCC to disappear at (623,653)
[2026-03-13 15:02:08] [DEBUG] Color changed from CCCCCC to FFFFFF — loading complete
[2026-03-13 15:02:15] [DEBUG] Added 81 items to CSV for: D0024 - GROCERY -  IMPULSE > S0006 - TAKE HOME CONFECTIONERY > C0033 - CONFECTIONERY BAGS > F0153
[2026-03-13 15:02:15] [DEBUG] Family group F0153: 81 items added to CSV
[2026-03-13 15:02:17] [DEBUG] Clicked and typed at (712,135): F0154
[2026-03-13 15:02:20] [DEBUG] Poll #5 active window: 'GOLD PRD - \\Remote'
[2026-03-13 15:02:21] [DEBUG] Poll #10 active window: 'GOLD PRD - \\Remote'
[2026-03-13 15:02:22] [DEBUG] Poll #15 active window: 'GOLD PRD - \\Remote'
[2026-03-13 15:02:23] [DEBUG] Poll #20 active window: 'GOLD PRD - \\Remote'
[2026-03-13 15:02:24] [DEBUG] Poll #25 active window: 'GOLD PRD - \\Remote'
[2026-03-13 15:02:25] [DEBUG] Poll #30 active window: 'GOLD PRD - \\Remote'
[2026-03-13 15:02:26] [DEBUG] Poll #35 active window: 'GOLD PRD - \\Remote'
[2026-03-13 15:02:27] [DEBUG] Poll #40 active window: 'GOLD PRD - \\Remote'
[2026-03-13 15:02:27] [DEBUG] Waiting for color CCCCCC to disappear at (623,653)
[2026-03-13 15:02:27] [DEBUG] Color changed from CCCCCC to E2E8FB — loading complete
[2026-03-13 15:02:34] [DEBUG] Added 7 items to CSV for: D0024 - GROCERY -  IMPULSE > S0006 - TAKE HOME CONFECTIONERY > C0033 - CONFECTIONERY BAGS > F0154
[2026-03-13 15:02:34] [DEBUG] Family group F0154: 7 items added to CSV
[2026-03-13 15:02:36] [DEBUG] Clicked and typed at (712,135): F0157
[2026-03-13 15:02:39] [DEBUG] Poll #5 active window: 'GOLD PRD - \\Remote'
[2026-03-13 15:02:40] [DEBUG] Poll #10 active window: 'GOLD PRD - \\Remote'
[2026-03-13 15:02:41] [DEBUG] Poll #15 active window: 'GOLD PRD - \\Remote'
[2026-03-13 15:02:42] [DEBUG] Poll #20 active window: 'GOLD PRD - \\Remote'
[2026-03-13 15:02:43] [DEBUG] Poll #25 active window: 'GOLD PRD - \\Remote'
[2026-03-13 15:02:44] [DEBUG] Poll #30 active window: 'GOLD PRD - \\Remote'
[2026-03-13 15:02:45] [DEBUG] Poll #35 active window: 'GOLD PRD - \\Remote'
[2026-03-13 15:02:46] [DEBUG] Poll #40 active window: 'GOLD PRD - \\Remote'
[2026-03-13 15:02:46] [DEBUG] Waiting for color CCCCCC to disappear at (623,653)
[2026-03-13 15:03:58] [DEBUG] Color changed from CCCCCC to FFFFFF — loading complete
[2026-03-13 15:04:05] [DEBUG] Added 191 items to CSV for: D0024 - GROCERY -  IMPULSE > S0006 - TAKE HOME CONFECTIONERY > C0033 - CONFECTIONERY BAGS > F0157
[2026-03-13 15:04:05] [DEBUG] Family group F0157: 191 items added to CSV
[2026-03-13 15:04:07] [DEBUG] Clicked and typed at (712,135): F0158
[2026-03-13 15:04:10] [DEBUG] Poll #5 active window: 'GOLD PRD - \\Remote'
[2026-03-13 15:04:11] [DEBUG] Poll #10 active window: 'GOLD PRD - \\Remote'
[2026-03-13 15:04:12] [DEBUG] Poll #15 active window: 'GOLD PRD - \\Remote'
[2026-03-13 15:04:13] [DEBUG] Poll #20 active window: 'GOLD PRD - \\Remote'
[2026-03-13 15:04:14] [DEBUG] Poll #25 active window: 'GOLD PRD - \\Remote'
[2026-03-13 15:04:15] [DEBUG] Poll #30 active window: 'GOLD PRD - \\Remote'
[2026-03-13 15:04:16] [DEBUG] Poll #35 active window: 'GOLD PRD - \\Remote'
[2026-03-13 15:04:17] [DEBUG] Poll #40 active window: 'GOLD PRD - \\Remote'
[2026-03-13 15:04:17] [DEBUG] Waiting for color CCCCCC to disappear at (623,653)
[2026-03-13 15:04:17] [DEBUG] Color changed from CCCCCC to E2E8FB — loading complete
[2026-03-13 15:04:24] [DEBUG] Added 3 items to CSV for: D0024 - GROCERY -  IMPULSE > S0006 - TAKE HOME CONFECTIONERY > C0034 - CHEWING GUM - TAKEHOME > F0158
[2026-03-13 15:04:24] [DEBUG] Family group F0158: 3 items added to CSV
[2026-03-13 15:04:26] [DEBUG] Clicked and typed at (712,135): F0159
[2026-03-13 15:04:29] [DEBUG] Poll #5 active window: 'GOLD PRD - \\Remote'
[2026-03-13 15:04:30] [DEBUG] Poll #10 active window: 'GOLD PRD - \\Remote'
[2026-03-13 15:04:31] [DEBUG] Poll #15 active window: 'GOLD PRD - \\Remote'
[2026-03-13 15:04:32] [DEBUG] Poll #20 active window: 'GOLD PRD - \\Remote'
[2026-03-13 15:04:33] [DEBUG] Poll #25 active window: 'GOLD PRD - \\Remote'
[2026-03-13 15:04:34] [DEBUG] Poll #30 active window: 'GOLD PRD - \\Remote'
[2026-03-13 15:04:35] [DEBUG] Poll #35 active window: 'GOLD PRD - \\Remote'
[2026-03-13 15:04:36] [DEBUG] Poll #40 active window: 'GOLD PRD - \\Remote'
[2026-03-13 15:04:36] [DEBUG] Waiting for color CCCCCC to disappear at (623,653)
[2026-03-13 15:04:36] [DEBUG] Color changed from CCCCCC to FFFFFF — loading complete
[2026-03-13 15:04:43] [DEBUG] Added 1 items to CSV for: D0024 - GROCERY -  IMPULSE > S0006 - TAKE HOME CONFECTIONERY > C0034 - CHEWING GUM - TAKEHOME > F0159
[2026-03-13 15:04:43] [DEBUG] Family group F0159: 1 items added to CSV
[2026-03-13 15:04:45] [DEBUG] Clicked and typed at (712,135): F0160
[2026-03-13 15:04:48] [DEBUG] Poll #5 active window: 'GOLD PRD - \\Remote'
[2026-03-13 15:04:49] [DEBUG] Poll #10 active window: 'GOLD PRD - \\Remote'
[2026-03-13 15:04:50] [DEBUG] Poll #15 active window: 'GOLD PRD - \\Remote'
[2026-03-13 15:04:51] [DEBUG] Poll #20 active window: 'GOLD PRD - \\Remote'
[2026-03-13 15:04:52] [DEBUG] Poll #25 active window: 'GOLD PRD - \\Remote'
[2026-03-13 15:04:53] [DEBUG] Poll #30 active window: 'GOLD PRD - \\Remote'
[2026-03-13 15:04:54] [DEBUG] Poll #35 active window: 'GOLD PRD - \\Remote'
[2026-03-13 15:04:55] [DEBUG] Poll #40 active window: 'GOLD PRD - \\Remote'
[2026-03-13 15:04:55] [DEBUG] Waiting for color CCCCCC to disappear at (623,653)
[2026-03-13 15:05:57] [DEBUG] Color changed from CCCCCC to FFFFFF — loading complete
[2026-03-13 15:06:04] [DEBUG] Added 193 items to CSV for: D0024 - GROCERY -  IMPULSE > S0006 - TAKE HOME CONFECTIONERY > C0035 - SEASONAL CONF - CHRISTMAS > F0160
[2026-03-13 15:06:04] [DEBUG] Family group F0160: 193 items added to CSV
[2026-03-13 15:06:06] [DEBUG] Clicked and typed at (712,135): F0161
[2026-03-13 15:06:09] [DEBUG] Poll #5 active window: 'GOLD PRD - \\Remote'
[2026-03-13 15:06:10] [DEBUG] Poll #10 active window: 'GOLD PRD - \\Remote'
[2026-03-13 15:06:11] [DEBUG] Poll #15 active window: 'GOLD PRD - \\Remote'
[2026-03-13 15:06:12] [DEBUG] Poll #20 active window: 'GOLD PRD - \\Remote'
[2026-03-13 15:06:13] [DEBUG] Poll #25 active window: 'GOLD PRD - \\Remote'
[2026-03-13 15:06:14] [DEBUG] Poll #30 active window: 'GOLD PRD - \\Remote'
[2026-03-13 15:06:15] [DEBUG] Poll #35 active window: 'GOLD PRD - \\Remote'
[2026-03-13 15:06:16] [DEBUG] Poll #40 active window: 'GOLD PRD - \\Remote'
[2026-03-13 15:06:16] [DEBUG] Waiting for color CCCCCC to disappear at (623,653)
[2026-03-13 15:07:14] [DEBUG] Color changed from CCCCCC to FFFFFF — loading complete
[2026-03-13 15:07:22] [DEBUG] Added 36 items to CSV for: D0024 - GROCERY -  IMPULSE > S0006 - TAKE HOME CONFECTIONERY > C0035 - SEASONAL CONF - CHRISTMAS > F0161
[2026-03-13 15:07:22] [DEBUG] Family group F0161: 36 items added to CSV
[2026-03-13 15:07:23] [DEBUG] Clicked and typed at (712,135): F0162
[2026-03-13 15:07:26] [DEBUG] Poll #5 active window: 'GOLD PRD - \\Remote'
[2026-03-13 15:07:27] [DEBUG] Poll #10 active window: 'GOLD PRD - \\Remote'
[2026-03-13 15:07:28] [DEBUG] Poll #15 active window: 'GOLD PRD - \\Remote'
[2026-03-13 15:07:29] [DEBUG] Poll #20 active window: 'GOLD PRD - \\Remote'
[2026-03-13 15:07:31] [DEBUG] Poll #25 active window: 'GOLD PRD - \\Remote'
[2026-03-13 15:07:32] [DEBUG] Poll #30 active window: 'GOLD PRD - \\Remote'
[2026-03-13 15:07:33] [DEBUG] Poll #35 active window: 'GOLD PRD - \\Remote'
[2026-03-13 15:07:34] [DEBUG] Poll #40 active window: 'GOLD PRD - \\Remote'
[2026-03-13 15:07:34] [DEBUG] Waiting for color CCCCCC to disappear at (623,653)
[2026-03-13 15:07:35] [DEBUG] Color changed from CCCCCC to FFFFFF — loading complete
[2026-03-13 15:07:42] [DEBUG] Added 10 items to CSV for: D0024 - GROCERY -  IMPULSE > S0006 - TAKE HOME CONFECTIONERY > C0035 - SEASONAL CONF - CHRISTMAS > F0162
[2026-03-13 15:07:42] [DEBUG] Family group F0162: 10 items added to CSV
[2026-03-13 15:07:44] [DEBUG] Clicked and typed at (712,135): F0163
[2026-03-13 15:07:47] [DEBUG] Poll #5 active window: 'GOLD PRD - \\Remote'
[2026-03-13 15:07:48] [DEBUG] Poll #10 active window: 'GOLD PRD - \\Remote'
[2026-03-13 15:07:49] [DEBUG] Poll #15 active window: 'GOLD PRD - \\Remote'
[2026-03-13 15:07:50] [DEBUG] Poll #20 active window: 'GOLD PRD - \\Remote'
[2026-03-13 15:07:51] [DEBUG] Poll #25 active window: 'GOLD PRD - \\Remote'
[2026-03-13 15:07:52] [DEBUG] Poll #30 active window: 'GOLD PRD - \\Remote'
[2026-03-13 15:07:53] [DEBUG] Poll #35 active window: 'GOLD PRD - \\Remote'
[2026-03-13 15:07:54] [DEBUG] Poll #40 active window: 'GOLD PRD - \\Remote'
[2026-03-13 15:07:54] [DEBUG] Waiting for color CCCCCC to disappear at (623,653)
[2026-03-13 15:07:55] [DEBUG] Color changed from CCCCCC to FFFFFF — loading complete
[2026-03-13 15:08:03] [DEBUG] Added 28 items to CSV for: D0024 - GROCERY -  IMPULSE > S0006 - TAKE HOME CONFECTIONERY > C0035 - SEASONAL CONF - CHRISTMAS > F0163
[2026-03-13 15:08:03] [DEBUG] Family group F0163: 28 items added to CSV
[2026-03-13 15:08:04] [DEBUG] Clicked and typed at (712,135): F0164
[2026-03-13 15:08:07] [DEBUG] Poll #5 active window: 'GOLD PRD - \\Remote'
[2026-03-13 15:08:08] [DEBUG] Poll #10 active window: 'GOLD PRD - \\Remote'
[2026-03-13 15:08:09] [DEBUG] Poll #15 active window: 'GOLD PRD - \\Remote'
[2026-03-13 15:08:10] [DEBUG] Poll #20 active window: 'GOLD PRD - \\Remote'
[2026-03-13 15:08:11] [DEBUG] Poll #25 active window: 'GOLD PRD - \\Remote'
[2026-03-13 15:08:12] [DEBUG] Poll #30 active window: 'GOLD PRD - \\Remote'
[2026-03-13 15:08:13] [DEBUG] Poll #35 active window: 'GOLD PRD - \\Remote'
[2026-03-13 15:08:14] [DEBUG] Poll #40 active window: 'GOLD PRD - \\Remote'
[2026-03-13 15:08:14] [DEBUG] Waiting for color CCCCCC to disappear at (623,653)
[2026-03-13 15:08:14] [DEBUG] Color changed from CCCCCC to FFFFFF — loading complete
[2026-03-13 15:08:22] [DEBUG] Added 4 items to CSV for: D0024 - GROCERY -  IMPULSE > S0006 - TAKE HOME CONFECTIONERY > C0035 - SEASONAL CONF - CHRISTMAS > F0164
[2026-03-13 15:08:22] [DEBUG] Family group F0164: 4 items added to CSV
[2026-03-13 15:08:23] [DEBUG] Clicked and typed at (712,135): F3231
[2026-03-13 15:08:26] [DEBUG] Poll #5 active window: 'GOLD PRD - \\Remote'
[2026-03-13 15:08:27] [DEBUG] Poll #10 active window: 'GOLD PRD - \\Remote'
[2026-03-13 15:08:28] [DEBUG] Poll #15 active window: 'GOLD PRD - \\Remote'
[2026-03-13 15:08:30] [DEBUG] Poll #20 active window: 'GOLD PRD - \\Remote'
[2026-03-13 15:08:31] [DEBUG] Poll #25 active window: 'GOLD PRD - \\Remote'
[2026-03-13 15:08:32] [DEBUG] Poll #30 active window: 'GOLD PRD - \\Remote'
[2026-03-13 15:08:33] [DEBUG] Poll #35 active window: 'GOLD PRD - \\Remote'
[2026-03-13 15:08:34] [DEBUG] Poll #40 active window: 'GOLD PRD - \\Remote'
[2026-03-13 15:08:34] [DEBUG] Waiting for color CCCCCC to disappear at (623,653)
[2026-03-13 15:08:34] [DEBUG] Color changed from CCCCCC to FFFFFF — loading complete
[2026-03-13 15:08:41] [DEBUG] Added 12 items to CSV for: D0024 - GROCERY -  IMPULSE > S0006 - TAKE HOME CONFECTIONERY > C0035 - SEASONAL CONF - CHRISTMAS > F3231
[2026-03-13 15:08:41] [DEBUG] Family group F3231: 12 items added to CSV
[2026-03-13 15:08:43] [DEBUG] Clicked and typed at (712,135): F5115
[2026-03-13 15:08:46] [DEBUG] Poll #5 active window: 'GOLD PRD - \\Remote'
[2026-03-13 15:08:47] [DEBUG] Poll #10 active window: 'GOLD PRD - \\Remote'
[2026-03-13 15:08:48] [DEBUG] Poll #15 active window: 'GOLD PRD - \\Remote'
[2026-03-13 15:08:49] [DEBUG] Poll #20 active window: 'GOLD PRD - \\Remote'
[2026-03-13 15:08:50] [DEBUG] Poll #25 active window: 'GOLD PRD - \\Remote'
[2026-03-13 15:08:51] [DEBUG] Poll #30 active window: 'GOLD PRD - \\Remote'
[2026-03-13 15:08:52] [DEBUG] Poll #35 active window: 'GOLD PRD - \\Remote'
[2026-03-13 15:08:53] [DEBUG] Poll #40 active window: 'GOLD PRD - \\Remote'
[2026-03-13 15:08:53] [DEBUG] Waiting for color CCCCCC to disappear at (623,653)
[2026-03-13 15:09:03] [DEBUG] Color changed from CCCCCC to FFFFFF — loading complete
[2026-03-13 15:09:11] [DEBUG] Added 54 items to CSV for: D0024 - GROCERY -  IMPULSE > S0006 - TAKE HOME CONFECTIONERY > C0035 - SEASONAL CONF - CHRISTMAS > F5115
[2026-03-13 15:09:11] [DEBUG] Family group F5115: 54 items added to CSV
[2026-03-13 15:09:12] [DEBUG] Clicked and typed at (712,135): F0165
[2026-03-13 15:09:15] [DEBUG] Poll #5 active window: 'GOLD PRD - \\Remote'
[2026-03-13 15:09:16] [DEBUG] Poll #10 active window: 'GOLD PRD - \\Remote'
[2026-03-13 15:09:17] [DEBUG] Poll #15 active window: 'GOLD PRD - \\Remote'
[2026-03-13 15:09:18] [DEBUG] Poll #20 active window: 'GOLD PRD - \\Remote'
[2026-03-13 15:09:20] [DEBUG] Poll #25 active window: 'GOLD PRD - \\Remote'
[2026-03-13 15:09:21] [DEBUG] Poll #30 active window: 'GOLD PRD - \\Remote'
[2026-03-13 15:09:22] [DEBUG] Poll #35 active window: 'GOLD PRD - \\Remote'
[2026-03-13 15:09:23] [DEBUG] Poll #40 active window: 'GOLD PRD - \\Remote'
[2026-03-13 15:09:23] [DEBUG] Waiting for color CCCCCC to disappear at (623,653)
[2026-03-13 15:09:57] [DEBUG] Color changed from CCCCCC to FFFFFF — loading complete
[2026-03-13 15:10:04] [DEBUG] Added 8 items to CSV for: D0024 - GROCERY -  IMPULSE > S0006 - TAKE HOME CONFECTIONERY > C0036 - SEASONAL CONF - EASTER > F0165
[2026-03-13 15:10:04] [DEBUG] Family group F0165: 8 items added to CSV
[2026-03-13 15:10:06] [DEBUG] Clicked and typed at (712,135): F0166
[2026-03-13 15:10:09] [DEBUG] Poll #5 active window: 'GOLD PRD - \\Remote'
[2026-03-13 15:10:10] [DEBUG] Poll #10 active window: 'GOLD PRD - \\Remote'
[2026-03-13 15:10:11] [DEBUG] Poll #15 active window: 'GOLD PRD - \\Remote'
[2026-03-13 15:10:12] [DEBUG] Poll #20 active window: 'GOLD PRD - \\Remote'
[2026-03-13 15:10:13] [DEBUG] Poll #25 active window: 'GOLD PRD - \\Remote'
[2026-03-13 15:10:14] [DEBUG] Poll #30 active window: 'GOLD PRD - \\Remote'
[2026-03-13 15:10:15] [DEBUG] Poll #35 active window: 'GOLD PRD - \\Remote'
[2026-03-13 15:10:16] [DEBUG] Poll #40 active window: 'GOLD PRD - \\Remote'
[2026-03-13 15:10:16] [DEBUG] Waiting for color CCCCCC to disappear at (623,653)
[2026-03-13 15:10:27] [DEBUG] Color changed from CCCCCC to FFFFFF — loading complete
[2026-03-13 15:10:34] [DEBUG] Added 37 items to CSV for: D0024 - GROCERY -  IMPULSE > S0006 - TAKE HOME CONFECTIONERY > C0036 - SEASONAL CONF - EASTER > F0166
[2026-03-13 15:10:34] [DEBUG] Family group F0166: 37 items added to CSV
[2026-03-13 15:10:36] [DEBUG] Clicked and typed at (712,135): F0167
[2026-03-13 15:10:39] [DEBUG] Poll #5 active window: 'GOLD PRD - \\Remote'
[2026-03-13 15:10:40] [DEBUG] Poll #10 active window: 'GOLD PRD - \\Remote'
[2026-03-13 15:10:41] [DEBUG] Poll #15 active window: 'GOLD PRD - \\Remote'
[2026-03-13 15:10:42] [DEBUG] Poll #20 active window: 'GOLD PRD - \\Remote'
[2026-03-13 15:10:43] [DEBUG] Poll #25 active window: 'GOLD PRD - \\Remote'
[2026-03-13 15:10:44] [DEBUG] Poll #30 active window: 'GOLD PRD - \\Remote'
[2026-03-13 15:10:45] [DEBUG] Poll #35 active window: 'GOLD PRD - \\Remote'
[2026-03-13 15:10:46] [DEBUG] Poll #40 active window: 'GOLD PRD - \\Remote'
[2026-03-13 15:10:46] [DEBUG] Waiting for color CCCCCC to disappear at (623,653)
[2026-03-13 15:11:28] [DEBUG] Color changed from CCCCCC to FFFFFF — loading complete
[2026-03-13 15:11:35] [DEBUG] Added 94 items to CSV for: D0024 - GROCERY -  IMPULSE > S0006 - TAKE HOME CONFECTIONERY > C0036 - SEASONAL CONF - EASTER > F0167
[2026-03-13 15:11:35] [DEBUG] Family group F0167: 94 items added to CSV
[2026-03-13 15:11:37] [DEBUG] Clicked and typed at (712,135): F0168
[2026-03-13 15:11:40] [DEBUG] Poll #5 active window: 'GOLD PRD - \\Remote'
[2026-03-13 15:11:41] [DEBUG] Poll #10 active window: 'GOLD PRD - \\Remote'
[2026-03-13 15:11:42] [DEBUG] Poll #15 active window: 'GOLD PRD - \\Remote'
[2026-03-13 15:11:43] [DEBUG] Poll #20 active window: 'GOLD PRD - \\Remote'
[2026-03-13 15:11:44] [DEBUG] Poll #25 active window: 'GOLD PRD - \\Remote'
[2026-03-13 15:11:45] [DEBUG] Poll #30 active window: 'GOLD PRD - \\Remote'
[2026-03-13 15:11:46] [DEBUG] Poll #35 active window: 'GOLD PRD - \\Remote'
[2026-03-13 15:11:47] [DEBUG] Poll #40 active window: 'GOLD PRD - \\Remote'
[2026-03-13 15:11:47] [DEBUG] Waiting for color CCCCCC to disappear at (623,653)
[2026-03-13 15:12:50] [DEBUG] Color changed from CCCCCC to FFFFFF — loading complete
[2026-03-13 15:12:57] [DEBUG] Added 134 items to CSV for: D0024 - GROCERY -  IMPULSE > S0006 - TAKE HOME CONFECTIONERY > C0036 - SEASONAL CONF - EASTER > F0168
[2026-03-13 15:12:57] [DEBUG] Family group F0168: 134 items added to CSV
[2026-03-13 15:12:59] [DEBUG] Clicked and typed at (712,135): F5116
[2026-03-13 15:13:02] [DEBUG] Poll #5 active window: 'GOLD PRD - \\Remote'
[2026-03-13 15:13:03] [DEBUG] Poll #10 active window: 'GOLD PRD - \\Remote'
[2026-03-13 15:13:04] [DEBUG] Poll #15 active window: 'GOLD PRD - \\Remote'
[2026-03-13 15:13:05] [DEBUG] Poll #20 active window: 'GOLD PRD - \\Remote'
[2026-03-13 15:13:06] [DEBUG] Poll #25 active window: 'GOLD PRD - \\Remote'
[2026-03-13 15:13:07] [DEBUG] Poll #30 active window: 'GOLD PRD - \\Remote'
[2026-03-13 15:13:08] [DEBUG] Poll #35 active window: 'GOLD PRD - \\Remote'
[2026-03-13 15:13:09] [DEBUG] Poll #40 active window: 'GOLD PRD - \\Remote'
[2026-03-13 15:13:09] [DEBUG] Waiting for color CCCCCC to disappear at (623,653)
[2026-03-13 15:13:09] [DEBUG] Color changed from CCCCCC to E2E8FB — loading complete
[2026-03-13 15:13:16] [DEBUG] Added 2 items to CSV for: D0024 - GROCERY -  IMPULSE > S0006 - TAKE HOME CONFECTIONERY > C0036 - SEASONAL CONF - EASTER > F5116
[2026-03-13 15:13:16] [DEBUG] Family group F5116: 2 items added to CSV
[2026-03-13 15:13:18] [DEBUG] Clicked and typed at (712,135): F3228
[2026-03-13 15:13:21] [DEBUG] Poll #5 active window: 'GOLD PRD - \\Remote'
[2026-03-13 15:13:22] [DEBUG] Poll #10 active window: 'GOLD PRD - \\Remote'
[2026-03-13 15:13:23] [DEBUG] Poll #15 active window: 'GOLD PRD - \\Remote'
[2026-03-13 15:13:24] [DEBUG] Poll #20 active window: 'GOLD PRD - \\Remote'
[2026-03-13 15:13:25] [DEBUG] Poll #25 active window: 'GOLD PRD - \\Remote'
[2026-03-13 15:13:26] [DEBUG] Poll #30 active window: 'GOLD PRD - \\Remote'
[2026-03-13 15:13:27] [DEBUG] Poll #35 active window: 'GOLD PRD - \\Remote'
[2026-03-13 15:13:28] [DEBUG] Poll #40 active window: 'GOLD PRD - \\Remote'
[2026-03-13 15:13:28] [DEBUG] Waiting for color CCCCCC to disappear at (623,653)
[2026-03-13 15:13:56] [DEBUG] Color changed from CCCCCC to FFFFFF — loading complete
[2026-03-13 15:14:04] [DEBUG] Added 65 items to CSV for: D0024 - GROCERY -  IMPULSE > S0006 - TAKE HOME CONFECTIONERY > C0645 - SEASONAL CONF - OTHER SEASONS > F3228
[2026-03-13 15:14:04] [DEBUG] Family group F3228: 65 items added to CSV
[2026-03-13 15:14:05] [DEBUG] Clicked and typed at (712,135): F3229
[2026-03-13 15:14:08] [DEBUG] Poll #5 active window: 'GOLD PRD - \\Remote'
[2026-03-13 15:14:09] [DEBUG] Poll #10 active window: 'GOLD PRD - \\Remote'
[2026-03-13 15:14:10] [DEBUG] Poll #15 active window: 'GOLD PRD - \\Remote'
[2026-03-13 15:14:12] [DEBUG] Poll #20 active window: 'GOLD PRD - \\Remote'
[2026-03-13 15:14:13] [DEBUG] Poll #25 active window: 'GOLD PRD - \\Remote'
[2026-03-13 15:14:14] [DEBUG] Poll #30 active window: 'GOLD PRD - \\Remote'
[2026-03-13 15:14:15] [DEBUG] Poll #35 active window: 'GOLD PRD - \\Remote'
[2026-03-13 15:14:16] [DEBUG] Poll #40 active window: 'GOLD PRD - \\Remote'
[2026-03-13 15:14:16] [DEBUG] Waiting for color CCCCCC to disappear at (623,653)
[2026-03-13 15:14:18] [DEBUG] Color changed from CCCCCC to FFFFFF — loading complete
[2026-03-13 15:14:25] [DEBUG] Added 13 items to CSV for: D0024 - GROCERY -  IMPULSE > S0006 - TAKE HOME CONFECTIONERY > C0645 - SEASONAL CONF - OTHER SEASONS > F3229
[2026-03-13 15:14:25] [DEBUG] Family group F3229: 13 items added to CSV
[2026-03-13 15:14:27] [DEBUG] Clicked and typed at (712,135): F3230
[2026-03-13 15:14:30] [DEBUG] Poll #5 active window: 'GOLD PRD - \\Remote'
[2026-03-13 15:14:31] [DEBUG] Poll #10 active window: 'GOLD PRD - \\Remote'
[2026-03-13 15:14:32] [DEBUG] Poll #15 active window: 'GOLD PRD - \\Remote'
[2026-03-13 15:14:33] [DEBUG] Poll #20 active window: 'GOLD PRD - \\Remote'
[2026-03-13 15:14:34] [DEBUG] Poll #25 active window: 'GOLD PRD - \\Remote'
[2026-03-13 15:14:35] [DEBUG] Poll #30 active window: 'GOLD PRD - \\Remote'
[2026-03-13 15:14:36] [DEBUG] Poll #35 active window: 'GOLD PRD - \\Remote'
[2026-03-13 15:14:37] [DEBUG] Poll #40 active window: 'GOLD PRD - \\Remote'
[2026-03-13 15:14:37] [DEBUG] Waiting for color CCCCCC to disappear at (623,653)
[2026-03-13 15:14:37] [DEBUG] Color changed from CCCCCC to E2E8FB — loading complete
[2026-03-13 15:14:44] [DEBUG] Added 3 items to CSV for: D0024 - GROCERY -  IMPULSE > S0006 - TAKE HOME CONFECTIONERY > C0645 - SEASONAL CONF - OTHER SEASONS > F3230
[2026-03-13 15:14:44] [DEBUG] Family group F3230: 3 items added to CSV
[2026-03-13 15:14:46] [DEBUG] Clicked and typed at (712,135): F0184
[2026-03-13 15:14:49] [DEBUG] Poll #5 active window: 'GOLD PRD - \\Remote'
[2026-03-13 15:14:50] [DEBUG] Poll #10 active window: 'GOLD PRD - \\Remote'
[2026-03-13 15:14:51] [DEBUG] Poll #15 active window: 'GOLD PRD - \\Remote'
[2026-03-13 15:14:52] [DEBUG] Poll #20 active window: 'GOLD PRD - \\Remote'
[2026-03-13 15:14:53] [DEBUG] Poll #25 active window: 'GOLD PRD - \\Remote'
[2026-03-13 15:14:54] [DEBUG] Poll #30 active window: 'GOLD PRD - \\Remote'
[2026-03-13 15:14:55] [DEBUG] Poll #35 active window: 'GOLD PRD - \\Remote'
[2026-03-13 15:14:56] [DEBUG] Poll #40 active window: 'GOLD PRD - \\Remote'
[2026-03-13 15:14:56] [DEBUG] Waiting for color CCCCCC to disappear at (623,653)
[2026-03-13 15:15:12] [DEBUG] Color changed from CCCCCC to FFFFFF — loading complete
[2026-03-13 15:15:19] [DEBUG] Added 27 items to CSV for: D0024 - GROCERY -  IMPULSE > S0008 - TAKE HOME SOFT DRINKS > C0040 - TAKE HOME CARBONATES > F0184
[2026-03-13 15:15:19] [DEBUG] Family group F0184: 27 items added to CSV
[2026-03-13 15:15:21] [DEBUG] Clicked and typed at (712,135): F0185
[2026-03-13 15:15:24] [DEBUG] Poll #5 active window: 'GOLD PRD - \\Remote'
[2026-03-13 15:15:25] [DEBUG] Poll #10 active window: 'GOLD PRD - \\Remote'
[2026-03-13 15:15:26] [DEBUG] Poll #15 active window: 'GOLD PRD - \\Remote'
[2026-03-13 15:15:27] [DEBUG] Poll #20 active window: 'GOLD PRD - \\Remote'
[2026-03-13 15:15:28] [DEBUG] Poll #25 active window: 'GOLD PRD - \\Remote'
[2026-03-13 15:15:29] [DEBUG] Poll #30 active window: 'GOLD PRD - \\Remote'
[2026-03-13 15:15:30] [DEBUG] Poll #35 active window: 'GOLD PRD - \\Remote'
[2026-03-13 15:15:31] [DEBUG] Poll #40 active window: 'GOLD PRD - \\Remote'
[2026-03-13 15:15:31] [DEBUG] Waiting for color CCCCCC to disappear at (623,653)
[2026-03-13 15:15:31] [DEBUG] Color changed from CCCCCC to E2E8FB — loading complete
[2026-03-13 15:15:39] [DEBUG] Added 1 items to CSV for: D0024 - GROCERY -  IMPULSE > S0008 - TAKE HOME SOFT DRINKS > C0040 - TAKE HOME CARBONATES > F0185
[2026-03-13 15:15:39] [DEBUG] Family group F0185: 1 items added to CSV
[2026-03-13 15:15:40] [DEBUG] Clicked and typed at (712,135): F0186
[2026-03-13 15:15:43] [DEBUG] Poll #5 active window: 'GOLD PRD - \\Remote'
[2026-03-13 15:15:44] [DEBUG] Poll #10 active window: 'GOLD PRD - \\Remote'
[2026-03-13 15:15:45] [DEBUG] Poll #15 active window: 'GOLD PRD - \\Remote'
[2026-03-13 15:15:46] [DEBUG] Poll #20 active window: 'GOLD PRD - \\Remote'
[2026-03-13 15:15:47] [DEBUG] Poll #25 active window: 'GOLD PRD - \\Remote'
[2026-03-13 15:15:48] [DEBUG] Poll #30 active window: 'GOLD PRD - \\Remote'
[2026-03-13 15:15:49] [DEBUG] Poll #35 active window: 'GOLD PRD - \\Remote'
[2026-03-13 15:15:50] [DEBUG] Poll #40 active window: 'GOLD PRD - \\Remote'
[2026-03-13 15:15:50] [DEBUG] Waiting for color CCCCCC to disappear at (623,653)
[2026-03-13 15:15:50] [DEBUG] Color changed from CCCCCC to FFFFFF — loading complete
[2026-03-13 15:15:58] [DEBUG] Added 8 items to CSV for: D0024 - GROCERY -  IMPULSE > S0008 - TAKE HOME SOFT DRINKS > C0040 - TAKE HOME CARBONATES > F0186
[2026-03-13 15:15:58] [DEBUG] Family group F0186: 8 items added to CSV
[2026-03-13 15:15:59] [DEBUG] Clicked and typed at (712,135): F0187
[2026-03-13 15:16:03] [DEBUG] Poll #5 active window: 'GOLD PRD - \\Remote'
[2026-03-13 15:16:04] [DEBUG] Poll #10 active window: 'GOLD PRD - \\Remote'
[2026-03-13 15:16:05] [DEBUG] Poll #15 active window: 'GOLD PRD - \\Remote'
[2026-03-13 15:16:06] [DEBUG] Poll #20 active window: 'GOLD PRD - \\Remote'
[2026-03-13 15:16:07] [DEBUG] Poll #25 active window: 'GOLD PRD - \\Remote'
[2026-03-13 15:16:08] [DEBUG] Poll #30 active window: 'GOLD PRD - \\Remote'
[2026-03-13 15:16:09] [DEBUG] Poll #35 active window: 'GOLD PRD - \\Remote'
[2026-03-13 15:16:10] [DEBUG] Poll #40 active window: 'GOLD PRD - \\Remote'
[2026-03-13 15:16:10] [DEBUG] Waiting for color CCCCCC to disappear at (623,653)
[2026-03-13 15:16:10] [DEBUG] Color changed from CCCCCC to E2E8FB — loading complete
[2026-03-13 15:16:17] [DEBUG] Added 8 items to CSV for: D0024 - GROCERY -  IMPULSE > S0008 - TAKE HOME SOFT DRINKS > C0040 - TAKE HOME CARBONATES > F0187
[2026-03-13 15:16:17] [DEBUG] Family group F0187: 8 items added to CSV
[2026-03-13 15:16:19] [DEBUG] Clicked and typed at (712,135): F0188
[2026-03-13 15:16:22] [DEBUG] Poll #5 active window: 'GOLD PRD - \\Remote'
[2026-03-13 15:16:23] [DEBUG] Poll #10 active window: 'GOLD PRD - \\Remote'
[2026-03-13 15:16:24] [DEBUG] Poll #15 active window: 'GOLD PRD - \\Remote'
[2026-03-13 15:16:25] [DEBUG] Poll #20 active window: 'GOLD PRD - \\Remote'
[2026-03-13 15:16:26] [DEBUG] Poll #25 active window: 'GOLD PRD - \\Remote'
[2026-03-13 15:16:27] [DEBUG] Poll #30 active window: 'GOLD PRD - \\Remote'
[2026-03-13 15:16:28] [DEBUG] Poll #35 active window: 'GOLD PRD - \\Remote'
[2026-03-13 15:16:29] [DEBUG] Poll #40 active window: 'GOLD PRD - \\Remote'
[2026-03-13 15:16:29] [DEBUG] Waiting for color CCCCCC to disappear at (623,653)
[2026-03-13 15:16:55] [DEBUG] Color changed from CCCCCC to FFFFFF — loading complete
[2026-03-13 15:17:02] [DEBUG] Added 23 items to CSV for: D0024 - GROCERY -  IMPULSE > S0008 - TAKE HOME SOFT DRINKS > C0040 - TAKE HOME CARBONATES > F0188
[2026-03-13 15:17:02] [DEBUG] Family group F0188: 23 items added to CSV
[2026-03-13 15:17:04] [DEBUG] Clicked and typed at (712,135): F0189
[2026-03-13 15:17:07] [DEBUG] Poll #5 active window: 'GOLD PRD - \\Remote'
[2026-03-13 15:17:08] [DEBUG] Poll #10 active window: 'GOLD PRD - \\Remote'
[2026-03-13 15:17:09] [DEBUG] Poll #15 active window: 'GOLD PRD - \\Remote'
[2026-03-13 15:17:10] [DEBUG] Poll #20 active window: 'GOLD PRD - \\Remote'
[2026-03-13 15:17:11] [DEBUG] Poll #25 active window: 'GOLD PRD - \\Remote'
[2026-03-13 15:17:12] [DEBUG] Poll #30 active window: 'GOLD PRD - \\Remote'
[2026-03-13 15:17:13] [DEBUG] Poll #35 active window: 'GOLD PRD - \\Remote'
[2026-03-13 15:17:14] [DEBUG] Poll #40 active window: 'GOLD PRD - \\Remote'
[2026-03-13 15:17:14] [DEBUG] Waiting for color CCCCCC to disappear at (623,653)
[2026-03-13 15:17:16] [DEBUG] Color changed from CCCCCC to FFFFFF — loading complete
[2026-03-13 15:17:23] [DEBUG] Added 8 items to CSV for: D0024 - GROCERY -  IMPULSE > S0008 - TAKE HOME SOFT DRINKS > C0040 - TAKE HOME CARBONATES > F0189
[2026-03-13 15:17:23] [DEBUG] Family group F0189: 8 items added to CSV
[2026-03-13 15:17:25] [DEBUG] Clicked and typed at (712,135): F0190
[2026-03-13 15:17:28] [DEBUG] Poll #5 active window: 'GOLD PRD - \\Remote'
[2026-03-13 15:17:29] [DEBUG] Poll #10 active window: 'GOLD PRD - \\Remote'
[2026-03-13 15:17:30] [DEBUG] Poll #15 active window: 'GOLD PRD - \\Remote'
[2026-03-13 15:17:31] [DEBUG] Poll #20 active window: 'GOLD PRD - \\Remote'
[2026-03-13 15:17:32] [DEBUG] Poll #25 active window: 'GOLD PRD - \\Remote'
[2026-03-13 15:17:33] [DEBUG] Poll #30 active window: 'GOLD PRD - \\Remote'
[2026-03-13 15:17:34] [DEBUG] Poll #35 active window: 'GOLD PRD - \\Remote'
[2026-03-13 15:17:35] [DEBUG] Poll #40 active window: 'GOLD PRD - \\Remote'
[2026-03-13 15:17:35] [DEBUG] Waiting for color CCCCCC to disappear at (623,653)
[2026-03-13 15:17:39] [DEBUG] Color changed from CCCCCC to FFFFFF — loading complete
[2026-03-13 15:17:46] [DEBUG] Added 16 items to CSV for: D0024 - GROCERY -  IMPULSE > S0008 - TAKE HOME SOFT DRINKS > C0040 - TAKE HOME CARBONATES > F0190
[2026-03-13 15:17:46] [DEBUG] Family group F0190: 16 items added to CSV
[2026-03-13 15:17:48] [DEBUG] Clicked and typed at (712,135): F3525
[2026-03-13 15:17:51] [DEBUG] Poll #5 active window: 'GOLD PRD - \\Remote'
[2026-03-13 15:17:52] [DEBUG] Poll #10 active window: 'GOLD PRD - \\Remote'
[2026-03-13 15:17:53] [DEBUG] Poll #15 active window: 'GOLD PRD - \\Remote'
[2026-03-13 15:17:54] [DEBUG] Poll #20 active window: 'GOLD PRD - \\Remote'
[2026-03-13 15:17:55] [DEBUG] Poll #25 active window: 'GOLD PRD - \\Remote'
[2026-03-13 15:17:56] [DEBUG] Poll #30 active window: 'GOLD PRD - \\Remote'
[2026-03-13 15:17:57] [DEBUG] Poll #35 active window: 'GOLD PRD - \\Remote'
[2026-03-13 15:17:58] [DEBUG] Poll #40 active window: 'GOLD PRD - \\Remote'
[2026-03-13 15:17:58] [DEBUG] Waiting for color CCCCCC to disappear at (623,653)
[2026-03-13 15:17:59] [DEBUG] Color changed from CCCCCC to FFFFFF — loading complete
[2026-03-13 15:18:06] [DEBUG] Added 18 items to CSV for: D0024 - GROCERY -  IMPULSE > S0008 - TAKE HOME SOFT DRINKS > C0040 - TAKE HOME CARBONATES > F3525
[2026-03-13 15:18:06] [DEBUG] Family group F3525: 18 items added to CSV
[2026-03-13 15:18:08] [DEBUG] Clicked and typed at (712,135): F3526
[2026-03-13 15:18:11] [DEBUG] Poll #5 active window: 'GOLD PRD - \\Remote'
[2026-03-13 15:18:12] [DEBUG] Poll #10 active window: 'GOLD PRD - \\Remote'
[2026-03-13 15:18:13] [DEBUG] Poll #15 active window: 'GOLD PRD - \\Remote'
[2026-03-13 15:18:14] [DEBUG] Poll #20 active window: 'GOLD PRD - \\Remote'
[2026-03-13 15:18:15] [DEBUG] Poll #25 active window: 'GOLD PRD - \\Remote'
[2026-03-13 15:18:16] [DEBUG] Poll #30 active window: 'GOLD PRD - \\Remote'
[2026-03-13 15:18:17] [DEBUG] Poll #35 active window: 'GOLD PRD - \\Remote'
[2026-03-13 15:18:18] [DEBUG] Poll #40 active window: 'GOLD PRD - \\Remote'
[2026-03-13 15:18:18] [DEBUG] Waiting for color CCCCCC to disappear at (623,653)
[2026-03-13 15:18:20] [DEBUG] Color changed from CCCCCC to FFFFFF — loading complete
[2026-03-13 15:18:28] [DEBUG] Added 19 items to CSV for: D0024 - GROCERY -  IMPULSE > S0008 - TAKE HOME SOFT DRINKS > C0040 - TAKE HOME CARBONATES > F3526
[2026-03-13 15:18:28] [DEBUG] Family group F3526: 19 items added to CSV
[2026-03-13 15:18:29] [DEBUG] Clicked and typed at (712,135): F5299
[2026-03-13 15:18:32] [DEBUG] Poll #5 active window: 'GOLD PRD - \\Remote'
[2026-03-13 15:18:33] [DEBUG] Poll #10 active window: 'GOLD PRD - \\Remote'
[2026-03-13 15:18:34] [DEBUG] Poll #15 active window: 'GOLD PRD - \\Remote'
[2026-03-13 15:18:35] [DEBUG] Poll #20 active window: 'GOLD PRD - \\Remote'
[2026-03-13 15:18:36] [DEBUG] Poll #25 active window: 'GOLD PRD - \\Remote'
[2026-03-13 15:18:37] [DEBUG] Poll #30 active window: 'GOLD PRD - \\Remote'
[2026-03-13 15:18:38] [DEBUG] Poll #35 active window: 'GOLD PRD - \\Remote'
[2026-03-13 15:18:40] [DEBUG] Poll #40 active window: 'GOLD PRD - \\Remote'
[2026-03-13 15:18:40] [DEBUG] Waiting for color CCCCCC to disappear at (623,653)
[2026-03-13 15:18:40] [DEBUG] Color changed from CCCCCC to E2E8FB — loading complete
[2026-03-13 15:18:47] [DEBUG] No valid items found in clipboard for family group: F5299
[2026-03-13 15:18:47] [DEBUG] Family group F5299: 0 items added to CSV
[2026-03-13 15:18:49] [DEBUG] Clicked and typed at (712,135): F5300
[2026-03-13 15:18:52] [DEBUG] Poll #5 active window: 'GOLD PRD - \\Remote'
[2026-03-13 15:18:53] [DEBUG] Poll #10 active window: 'GOLD PRD - \\Remote'
[2026-03-13 15:18:54] [DEBUG] Poll #15 active window: 'GOLD PRD - \\Remote'
[2026-03-13 15:18:55] [DEBUG] Poll #20 active window: 'GOLD PRD - \\Remote'
[2026-03-13 15:18:56] [DEBUG] Poll #25 active window: 'GOLD PRD - \\Remote'
[2026-03-13 15:18:57] [DEBUG] Poll #30 active window: 'GOLD PRD - \\Remote'
[2026-03-13 15:18:58] [DEBUG] Poll #35 active window: 'GOLD PRD - \\Remote'
[2026-03-13 15:18:59] [DEBUG] Poll #40 active window: 'GOLD PRD - \\Remote'
[2026-03-13 15:18:59] [DEBUG] Waiting for color CCCCCC to disappear at (623,653)
[2026-03-13 15:18:59] [DEBUG] Color changed from CCCCCC to FFFFFF — loading complete
[2026-03-13 15:19:06] [DEBUG] Added 3 items to CSV for: D0024 - GROCERY -  IMPULSE > S0008 - TAKE HOME SOFT DRINKS > C0040 - TAKE HOME CARBONATES > F5300
[2026-03-13 15:19:06] [DEBUG] Family group F5300: 3 items added to CSV
[2026-03-13 15:19:08] [DEBUG] Clicked and typed at (712,135): F5301
[2026-03-13 15:19:11] [DEBUG] Poll #5 active window: 'GOLD PRD - \\Remote'
[2026-03-13 15:19:12] [DEBUG] Poll #10 active window: 'GOLD PRD - \\Remote'
[2026-03-13 15:19:13] [DEBUG] Poll #15 active window: 'GOLD PRD - \\Remote'
[2026-03-13 15:19:14] [DEBUG] Poll #20 active window: 'GOLD PRD - \\Remote'
[2026-03-13 15:19:15] [DEBUG] Poll #25 active window: 'GOLD PRD - \\Remote'
[2026-03-13 15:19:16] [DEBUG] Poll #30 active window: 'GOLD PRD - \\Remote'
[2026-03-13 15:19:17] [DEBUG] Poll #35 active window: 'GOLD PRD - \\Remote'
[2026-03-13 15:19:18] [DEBUG] Poll #40 active window: 'GOLD PRD - \\Remote'
[2026-03-13 15:19:18] [DEBUG] Waiting for color CCCCCC to disappear at (623,653)
[2026-03-13 15:19:18] [DEBUG] Color changed from CCCCCC to E2E8FB — loading complete
[2026-03-13 15:19:25] [DEBUG] Added 2 items to CSV for: D0024 - GROCERY -  IMPULSE > S0008 - TAKE HOME SOFT DRINKS > C0040 - TAKE HOME CARBONATES > F5301
[2026-03-13 15:19:25] [DEBUG] Family group F5301: 2 items added to CSV
[2026-03-13 15:19:27] [DEBUG] Clicked and typed at (712,135): F5302
[2026-03-13 15:19:30] [DEBUG] Poll #5 active window: 'GOLD PRD - \\Remote'
[2026-03-13 15:19:31] [DEBUG] Poll #10 active window: 'GOLD PRD - \\Remote'
[2026-03-13 15:19:32] [DEBUG] Poll #15 active window: 'GOLD PRD - \\Remote'
[2026-03-13 15:19:33] [DEBUG] Poll #20 active window: 'GOLD PRD - \\Remote'
[2026-03-13 15:19:34] [DEBUG] Poll #25 active window: 'GOLD PRD - \\Remote'
[2026-03-13 15:19:35] [DEBUG] Poll #30 active window: 'GOLD PRD - \\Remote'
[2026-03-13 15:19:36] [DEBUG] Poll #35 active window: 'GOLD PRD - \\Remote'
[2026-03-13 15:19:37] [DEBUG] Poll #40 active window: 'GOLD PRD - \\Remote'
[2026-03-13 15:19:37] [DEBUG] Waiting for color CCCCCC to disappear at (623,653)
[2026-03-13 15:19:37] [DEBUG] Color changed from CCCCCC to E2E8FB — loading complete
[2026-03-13 15:19:44] [DEBUG] Added 3 items to CSV for: D0024 - GROCERY -  IMPULSE > S0008 - TAKE HOME SOFT DRINKS > C0040 - TAKE HOME CARBONATES > F5302
[2026-03-13 15:19:44] [DEBUG] Family group F5302: 3 items added to CSV
[2026-03-13 15:19:46] [DEBUG] Clicked and typed at (712,135): F5357
[2026-03-13 15:19:49] [DEBUG] Poll #5 active window: 'GOLD PRD - \\Remote'
[2026-03-13 15:19:50] [DEBUG] Poll #10 active window: 'GOLD PRD - \\Remote'
[2026-03-13 15:19:51] [DEBUG] Poll #15 active window: 'GOLD PRD - \\Remote'
[2026-03-13 15:19:52] [DEBUG] Poll #20 active window: 'GOLD PRD - \\Remote'
[2026-03-13 15:19:53] [DEBUG] Poll #25 active window: 'GOLD PRD - \\Remote'
[2026-03-13 15:19:54] [DEBUG] Poll #30 active window: 'GOLD PRD - \\Remote'
[2026-03-13 15:19:55] [DEBUG] Poll #35 active window: 'GOLD PRD - \\Remote'
[2026-03-13 15:19:56] [DEBUG] Poll #40 active window: 'GOLD PRD - \\Remote'
[2026-03-13 15:19:56] [DEBUG] Waiting for color CCCCCC to disappear at (623,653)
[2026-03-13 15:19:56] [DEBUG] Color changed from CCCCCC to E2E8FB — loading complete
[2026-03-13 15:20:03] [DEBUG] Added 6 items to CSV for: D0024 - GROCERY -  IMPULSE > S0008 - TAKE HOME SOFT DRINKS > C0040 - TAKE HOME CARBONATES > F5357
[2026-03-13 15:20:03] [DEBUG] Family group F5357: 6 items added to CSV
[2026-03-13 15:20:05] [DEBUG] Clicked and typed at (712,135): F0191
[2026-03-13 15:20:08] [DEBUG] Poll #5 active window: 'GOLD PRD - \\Remote'
[2026-03-13 15:20:09] [DEBUG] Poll #10 active window: 'GOLD PRD - \\Remote'
[2026-03-13 15:20:10] [DEBUG] Poll #15 active window: 'GOLD PRD - \\Remote'
[2026-03-13 15:20:11] [DEBUG] Poll #20 active window: 'GOLD PRD - \\Remote'
[2026-03-13 15:20:12] [DEBUG] Poll #25 active window: 'GOLD PRD - \\Remote'
[2026-03-13 15:20:13] [DEBUG] Poll #30 active window: 'GOLD PRD - \\Remote'
[2026-03-13 15:20:14] [DEBUG] Poll #35 active window: 'GOLD PRD - \\Remote'
[2026-03-13 15:20:15] [DEBUG] Poll #40 active window: 'GOLD PRD - \\Remote'
[2026-03-13 15:20:15] [DEBUG] Waiting for color CCCCCC to disappear at (623,653)
[2026-03-13 15:20:17] [DEBUG] Color changed from CCCCCC to FFFFFF — loading complete
[2026-03-13 15:20:25] [DEBUG] Added 17 items to CSV for: D0024 - GROCERY -  IMPULSE > S0008 - TAKE HOME SOFT DRINKS > C0041 - TAKE HOME ENERGY DRINKS > F0191
[2026-03-13 15:20:25] [DEBUG] Family group F0191: 17 items added to CSV
[2026-03-13 15:20:26] [DEBUG] Clicked and typed at (712,135): F0193
[2026-03-13 15:20:29] [DEBUG] Poll #5 active window: 'GOLD PRD - \\Remote'
[2026-03-13 15:20:31] [DEBUG] Poll #10 active window: 'GOLD PRD - \\Remote'
[2026-03-13 15:20:32] [DEBUG] Poll #15 active window: 'GOLD PRD - \\Remote'
[2026-03-13 15:20:33] [DEBUG] Poll #20 active window: 'GOLD PRD - \\Remote'
[2026-03-13 15:20:34] [DEBUG] Poll #25 active window: 'GOLD PRD - \\Remote'
[2026-03-13 15:20:35] [DEBUG] Poll #30 active window: 'GOLD PRD - \\Remote'
[2026-03-13 15:20:36] [DEBUG] Poll #35 active window: 'GOLD PRD - \\Remote'
[2026-03-13 15:20:37] [DEBUG] Poll #40 active window: 'GOLD PRD - \\Remote'
[2026-03-13 15:20:37] [DEBUG] Waiting for color CCCCCC to disappear at (623,653)
[2026-03-13 15:20:37] [DEBUG] Color changed from CCCCCC to FFFFFF — loading complete
[2026-03-13 15:20:44] [DEBUG] Added 5 items to CSV for: D0024 - GROCERY -  IMPULSE > S0008 - TAKE HOME SOFT DRINKS > C0041 - TAKE HOME ENERGY DRINKS > F0193
[2026-03-13 15:20:44] [DEBUG] Family group F0193: 5 items added to CSV
[2026-03-13 15:20:46] [DEBUG] Clicked and typed at (712,135): F5303
[2026-03-13 15:20:49] [DEBUG] Poll #5 active window: 'GOLD PRD - \\Remote'
[2026-03-13 15:20:50] [DEBUG] Poll #10 active window: 'GOLD PRD - \\Remote'
[2026-03-13 15:20:51] [DEBUG] Poll #15 active window: 'GOLD PRD - \\Remote'
[2026-03-13 15:20:52] [DEBUG] Poll #20 active window: 'GOLD PRD - \\Remote'
[2026-03-13 15:20:53] [DEBUG] Poll #25 active window: 'GOLD PRD - \\Remote'
[2026-03-13 15:20:54] [DEBUG] Poll #30 active window: 'GOLD PRD - \\Remote'
[2026-03-13 15:20:55] [DEBUG] Poll #35 active window: 'GOLD PRD - \\Remote'
[2026-03-13 15:20:56] [DEBUG] Poll #40 active window: 'GOLD PRD - \\Remote'
[2026-03-13 15:20:56] [DEBUG] Waiting for color CCCCCC to disappear at (623,653)
[2026-03-13 15:20:58] [DEBUG] Color changed from CCCCCC to FFFFFF — loading complete
[2026-03-13 15:21:05] [DEBUG] Added 29 items to CSV for: D0024 - GROCERY -  IMPULSE > S0008 - TAKE HOME SOFT DRINKS > C0041 - TAKE HOME ENERGY DRINKS > F5303
[2026-03-13 15:21:05] [DEBUG] Family group F5303: 29 items added to CSV
[2026-03-13 15:21:07] [DEBUG] Clicked and typed at (712,135): F0194
[2026-03-13 15:21:10] [DEBUG] Poll #5 active window: 'GOLD PRD - \\Remote'
[2026-03-13 15:21:11] [DEBUG] Poll #10 active window: 'GOLD PRD - \\Remote'
[2026-03-13 15:21:12] [DEBUG] Poll #15 active window: 'GOLD PRD - \\Remote'
[2026-03-13 15:21:13] [DEBUG] Poll #20 active window: 'GOLD PRD - \\Remote'
[2026-03-13 15:21:14] [DEBUG] Poll #25 active window: 'GOLD PRD - \\Remote'
[2026-03-13 15:21:15] [DEBUG] Poll #30 active window: 'GOLD PRD - \\Remote'
[2026-03-13 15:21:16] [DEBUG] Poll #35 active window: 'GOLD PRD - \\Remote'
[2026-03-13 15:21:17] [DEBUG] Poll #40 active window: 'GOLD PRD - \\Remote'
[2026-03-13 15:21:17] [DEBUG] Waiting for color CCCCCC to disappear at (623,653)
[2026-03-13 15:21:17] [DEBUG] Color changed from CCCCCC to FFFFFF — loading complete
[2026-03-13 15:21:25] [DEBUG] Added 5 items to CSV for: D0024 - GROCERY -  IMPULSE > S0008 - TAKE HOME SOFT DRINKS > C0042 - TAKE HOME READY TO DRINK > F0194
[2026-03-13 15:21:25] [DEBUG] Family group F0194: 5 items added to CSV
[2026-03-13 15:21:26] [DEBUG] Clicked and typed at (712,135): F0195
[2026-03-13 15:21:29] [DEBUG] Poll #5 active window: 'GOLD PRD - \\Remote'
[2026-03-13 15:21:30] [DEBUG] Poll #10 active window: 'GOLD PRD - \\Remote'
[2026-03-13 15:21:31] [DEBUG] Poll #15 active window: 'GOLD PRD - \\Remote'
[2026-03-13 15:21:32] [DEBUG] Poll #20 active window: 'GOLD PRD - \\Remote'
[2026-03-13 15:21:33] [DEBUG] Poll #25 active window: 'GOLD PRD - \\Remote'
[2026-03-13 15:21:34] [DEBUG] Poll #30 active window: 'GOLD PRD - \\Remote'
[2026-03-13 15:21:35] [DEBUG] Poll #35 active window: 'GOLD PRD - \\Remote'
[2026-03-13 15:21:36] [DEBUG] Poll #40 active window: 'GOLD PRD - \\Remote'
[2026-03-13 15:21:36] [DEBUG] Waiting for color CCCCCC to disappear at (623,653)
[2026-03-13 15:21:36] [DEBUG] Color changed from CCCCCC to E2E8FB — loading complete
[2026-03-13 15:21:44] [DEBUG] No valid items found in clipboard for family group: F0195
[2026-03-13 15:21:44] [DEBUG] Family group F0195: 0 items added to CSV
[2026-03-13 15:21:45] [DEBUG] Clicked and typed at (712,135): F0196
[2026-03-13 15:21:48] [DEBUG] Poll #5 active window: 'GOLD PRD - \\Remote'
[2026-03-13 15:21:49] [DEBUG] Poll #10 active window: 'GOLD PRD - \\Remote'
[2026-03-13 15:21:50] [DEBUG] Poll #15 active window: 'GOLD PRD - \\Remote'
[2026-03-13 15:21:52] [DEBUG] Poll #20 active window: 'GOLD PRD - \\Remote'
[2026-03-13 15:21:53] [DEBUG] Poll #25 active window: 'GOLD PRD - \\Remote'
[2026-03-13 15:21:54] [DEBUG] Poll #30 active window: 'GOLD PRD - \\Remote'
[2026-03-13 15:21:55] [DEBUG] Poll #35 active window: 'GOLD PRD - \\Remote'
[2026-03-13 15:21:56] [DEBUG] Poll #40 active window: 'GOLD PRD - \\Remote'
[2026-03-13 15:21:56] [DEBUG] Waiting for color CCCCCC to disappear at (623,653)
[2026-03-13 15:21:56] [DEBUG] Color changed from CCCCCC to E2E8FB — loading complete
[2026-03-13 15:22:03] [DEBUG] Added 2 items to CSV for: D0024 - GROCERY -  IMPULSE > S0008 - TAKE HOME SOFT DRINKS > C0042 - TAKE HOME READY TO DRINK > F0196
[2026-03-13 15:22:03] [DEBUG] Family group F0196: 2 items added to CSV
[2026-03-13 15:22:05] [DEBUG] Clicked and typed at (712,135): F0198
[2026-03-13 15:22:08] [DEBUG] Poll #5 active window: 'GOLD PRD - \\Remote'
[2026-03-13 15:22:09] [DEBUG] Poll #10 active window: 'GOLD PRD - \\Remote'
[2026-03-13 15:22:10] [DEBUG] Poll #15 active window: 'GOLD PRD - \\Remote'
[2026-03-13 15:22:11] [DEBUG] Poll #20 active window: 'GOLD PRD - \\Remote'
[2026-03-13 15:22:12] [DEBUG] Poll #25 active window: 'GOLD PRD - \\Remote'
[2026-03-13 15:22:13] [DEBUG] Poll #30 active window: 'GOLD PRD - \\Remote'
[2026-03-13 15:22:14] [DEBUG] Poll #35 active window: 'GOLD PRD - \\Remote'
[2026-03-13 15:22:15] [DEBUG] Poll #40 active window: 'GOLD PRD - \\Remote'
[2026-03-13 15:22:15] [DEBUG] Waiting for color CCCCCC to disappear at (623,653)
[2026-03-13 15:22:15] [DEBUG] Color changed from CCCCCC to E2E8FB — loading complete
[2026-03-13 15:22:22] [DEBUG] Added 2 items to CSV for: D0024 - GROCERY -  IMPULSE > S0008 - TAKE HOME SOFT DRINKS > C0042 - TAKE HOME READY TO DRINK > F0198
[2026-03-13 15:22:22] [DEBUG] Family group F0198: 2 items added to CSV
[2026-03-13 15:22:24] [DEBUG] Clicked and typed at (712,135): F0199
[2026-03-13 15:22:27] [DEBUG] Poll #5 active window: 'GOLD PRD - \\Remote'
[2026-03-13 15:22:28] [DEBUG] Poll #10 active window: 'GOLD PRD - \\Remote'
[2026-03-13 15:22:29] [DEBUG] Poll #15 active window: 'GOLD PRD - \\Remote'
[2026-03-13 15:22:30] [DEBUG] Poll #20 active window: 'GOLD PRD - \\Remote'
[2026-03-13 15:22:31] [DEBUG] Poll #25 active window: 'GOLD PRD - \\Remote'
[2026-03-13 15:22:32] [DEBUG] Poll #30 active window: 'GOLD PRD - \\Remote'
[2026-03-13 15:22:33] [DEBUG] Poll #35 active window: 'GOLD PRD - \\Remote'
[2026-03-13 15:22:34] [DEBUG] Poll #40 active window: 'GOLD PRD - \\Remote'
[2026-03-13 15:22:34] [DEBUG] Waiting for color CCCCCC to disappear at (623,653)
[2026-03-13 15:22:34] [DEBUG] Color changed from CCCCCC to FFFFFF — loading complete
[2026-03-13 15:22:41] [DEBUG] Added 1 items to CSV for: D0024 - GROCERY -  IMPULSE > S0008 - TAKE HOME SOFT DRINKS > C0042 - TAKE HOME READY TO DRINK > F0199
[2026-03-13 15:22:41] [DEBUG] Family group F0199: 1 items added to CSV
[2026-03-13 15:22:43] [DEBUG] Clicked and typed at (712,135): F5305
[2026-03-13 15:22:46] [DEBUG] Poll #5 active window: 'GOLD PRD - \\Remote'
[2026-03-13 15:22:47] [DEBUG] Poll #10 active window: 'GOLD PRD - \\Remote'
[2026-03-13 15:22:48] [DEBUG] Poll #15 active window: 'GOLD PRD - \\Remote'
[2026-03-13 15:22:49] [DEBUG] Poll #20 active window: 'GOLD PRD - \\Remote'
[2026-03-13 15:22:50] [DEBUG] Poll #25 active window: 'GOLD PRD - \\Remote'
[2026-03-13 15:22:51] [DEBUG] Poll #30 active window: 'GOLD PRD - \\Remote'
[2026-03-13 15:22:52] [DEBUG] Poll #35 active window: 'GOLD PRD - \\Remote'
[2026-03-13 15:22:53] [DEBUG] Poll #40 active window: 'GOLD PRD - \\Remote'
[2026-03-13 15:22:53] [DEBUG] Waiting for color CCCCCC to disappear at (623,653)
[2026-03-13 15:22:53] [DEBUG] Color changed from CCCCCC to E2E8FB — loading complete
[2026-03-13 15:23:00] [DEBUG] Added 3 items to CSV for: D0024 - GROCERY -  IMPULSE > S0008 - TAKE HOME SOFT DRINKS > C0042 - TAKE HOME READY TO DRINK > F5305
[2026-03-13 15:23:00] [DEBUG] Family group F5305: 3 items added to CSV
[2026-03-13 15:23:02] [DEBUG] Clicked and typed at (712,135): F5307
[2026-03-13 15:23:05] [DEBUG] Poll #5 active window: 'GOLD PRD - \\Remote'
[2026-03-13 15:23:06] [DEBUG] Poll #10 active window: 'GOLD PRD - \\Remote'
[2026-03-13 15:23:07] [DEBUG] Poll #15 active window: 'GOLD PRD - \\Remote'
[2026-03-13 15:23:08] [DEBUG] Poll #20 active window: 'GOLD PRD - \\Remote'
[2026-03-13 15:23:09] [DEBUG] Poll #25 active window: 'GOLD PRD - \\Remote'
[2026-03-13 15:23:10] [DEBUG] Poll #30 active window: 'GOLD PRD - \\Remote'
[2026-03-13 15:23:11] [DEBUG] Poll #35 active window: 'GOLD PRD - \\Remote'
[2026-03-13 15:23:12] [DEBUG] Poll #40 active window: 'GOLD PRD - \\Remote'
[2026-03-13 15:23:12] [DEBUG] Waiting for color CCCCCC to disappear at (623,653)
[2026-03-13 15:23:12] [DEBUG] Color changed from CCCCCC to FFFFFF — loading complete
[2026-03-13 15:23:20] [DEBUG] Added 5 items to CSV for: D0024 - GROCERY -  IMPULSE > S0008 - TAKE HOME SOFT DRINKS > C0042 - TAKE HOME READY TO DRINK > F5307
[2026-03-13 15:23:20] [DEBUG] Family group F5307: 5 items added to CSV
[2026-03-13 15:23:21] [DEBUG] Clicked and typed at (712,135): F5308
[2026-03-13 15:23:24] [DEBUG] Poll #5 active window: 'GOLD PRD - \\Remote'
[2026-03-13 15:23:25] [DEBUG] Poll #10 active window: 'GOLD PRD - \\Remote'
[2026-03-13 15:23:26] [DEBUG] Poll #15 active window: 'GOLD PRD - \\Remote'
[2026-03-13 15:23:27] [DEBUG] Poll #20 active window: 'GOLD PRD - \\Remote'
[2026-03-13 15:23:28] [DEBUG] Poll #25 active window: 'GOLD PRD - \\Remote'
[2026-03-13 15:23:29] [DEBUG] Poll #30 active window: 'GOLD PRD - \\Remote'
[2026-03-13 15:23:30] [DEBUG] Poll #35 active window: 'GOLD PRD - \\Remote'
[2026-03-13 15:23:31] [DEBUG] Poll #40 active window: 'GOLD PRD - \\Remote'
[2026-03-13 15:23:31] [DEBUG] Waiting for color CCCCCC to disappear at (623,653)
[2026-03-13 15:23:32] [DEBUG] Color changed from CCCCCC to E2E8FB — loading complete
[2026-03-13 15:23:39] [DEBUG] No valid items found in clipboard for family group: F5308
[2026-03-13 15:23:39] [DEBUG] Family group F5308: 0 items added to CSV
[2026-03-13 15:23:41] [DEBUG] Clicked and typed at (712,135): F0200
[2026-03-13 15:23:44] [DEBUG] Poll #5 active window: 'GOLD PRD - \\Remote'
[2026-03-13 15:23:45] [DEBUG] Poll #10 active window: 'GOLD PRD - \\Remote'
[2026-03-13 15:23:46] [DEBUG] Poll #15 active window: 'GOLD PRD - \\Remote'
[2026-03-13 15:23:47] [DEBUG] Poll #20 active window: 'GOLD PRD - \\Remote'
[2026-03-13 15:23:48] [DEBUG] Poll #25 active window: 'GOLD PRD - \\Remote'
[2026-03-13 15:23:49] [DEBUG] Poll #30 active window: 'GOLD PRD - \\Remote'
[2026-03-13 15:23:50] [DEBUG] Poll #35 active window: 'GOLD PRD - \\Remote'
[2026-03-13 15:23:51] [DEBUG] Poll #40 active window: 'GOLD PRD - \\Remote'
[2026-03-13 15:23:51] [DEBUG] Waiting for color CCCCCC to disappear at (623,653)
[2026-03-13 15:23:51] [DEBUG] Color changed from CCCCCC to FFFFFF — loading complete
[2026-03-13 15:23:58] [DEBUG] Added 3 items to CSV for: D0024 - GROCERY -  IMPULSE > S0008 - TAKE HOME SOFT DRINKS > C0043 - TAKE HOME WATER > F0200
[2026-03-13 15:23:58] [DEBUG] Family group F0200: 3 items added to CSV
[2026-03-13 15:24:00] [DEBUG] Clicked and typed at (712,135): F0201
[2026-03-13 15:24:03] [DEBUG] Poll #5 active window: 'GOLD PRD - \\Remote'
[2026-03-13 15:24:04] [DEBUG] Poll #10 active window: 'GOLD PRD - \\Remote'
[2026-03-13 15:24:05] [DEBUG] Poll #15 active window: 'GOLD PRD - \\Remote'
[2026-03-13 15:24:06] [DEBUG] Poll #20 active window: 'GOLD PRD - \\Remote'
[2026-03-13 15:24:07] [DEBUG] Poll #25 active window: 'GOLD PRD - \\Remote'
[2026-03-13 15:24:08] [DEBUG] Poll #30 active window: 'GOLD PRD - \\Remote'
[2026-03-13 15:24:09] [DEBUG] Poll #35 active window: 'GOLD PRD - \\Remote'
[2026-03-13 15:24:10] [DEBUG] Poll #40 active window: 'GOLD PRD - \\Remote'
[2026-03-13 15:24:10] [DEBUG] Waiting for color CCCCCC to disappear at (623,653)
[2026-03-13 15:24:12] [DEBUG] Color changed from CCCCCC to FFFFFF — loading complete
[2026-03-13 15:24:19] [DEBUG] Added 23 items to CSV for: D0024 - GROCERY -  IMPULSE > S0008 - TAKE HOME SOFT DRINKS > C0043 - TAKE HOME WATER > F0201
[2026-03-13 15:24:19] [DEBUG] Family group F0201: 23 items added to CSV
[2026-03-13 15:24:21] [DEBUG] Clicked and typed at (712,135): F0202
[2026-03-13 15:24:24] [DEBUG] Poll #5 active window: 'GOLD PRD - \\Remote'
[2026-03-13 15:24:25] [DEBUG] Poll #10 active window: 'GOLD PRD - \\Remote'
[2026-03-13 15:24:26] [DEBUG] Poll #15 active window: 'GOLD PRD - \\Remote'
[2026-03-13 15:24:27] [DEBUG] Poll #20 active window: 'GOLD PRD - \\Remote'
[2026-03-13 15:24:28] [DEBUG] Poll #25 active window: 'GOLD PRD - \\Remote'
[2026-03-13 15:24:29] [DEBUG] Poll #30 active window: 'GOLD PRD - \\Remote'
[2026-03-13 15:24:30] [DEBUG] Poll #35 active window: 'GOLD PRD - \\Remote'
[2026-03-13 15:24:31] [DEBUG] Poll #40 active window: 'GOLD PRD - \\Remote'
[2026-03-13 15:24:31] [DEBUG] Waiting for color CCCCCC to disappear at (623,653)
[2026-03-13 15:24:31] [DEBUG] Color changed from CCCCCC to E2E8FB — loading complete
[2026-03-13 15:24:38] [DEBUG] Added 1 items to CSV for: D0024 - GROCERY -  IMPULSE > S0008 - TAKE HOME SOFT DRINKS > C0043 - TAKE HOME WATER > F0202
[2026-03-13 15:24:38] [DEBUG] Family group F0202: 1 items added to CSV
[2026-03-13 15:24:40] [DEBUG] Clicked and typed at (712,135): F0203
[2026-03-13 15:24:43] [DEBUG] Poll #5 active window: 'GOLD PRD - \\Remote'
[2026-03-13 15:24:44] [DEBUG] Poll #10 active window: 'GOLD PRD - \\Remote'
[2026-03-13 15:24:45] [DEBUG] Poll #15 active window: 'GOLD PRD - \\Remote'
[2026-03-13 15:24:46] [DEBUG] Poll #20 active window: 'GOLD PRD - \\Remote'
[2026-03-13 15:24:47] [DEBUG] Poll #25 active window: 'GOLD PRD - \\Remote'
[2026-03-13 15:24:48] [DEBUG] Poll #30 active window: 'GOLD PRD - \\Remote'
[2026-03-13 15:24:49] [DEBUG] Poll #35 active window: 'GOLD PRD - \\Remote'
[2026-03-13 15:24:50] [DEBUG] Poll #40 active window: 'GOLD PRD - \\Remote'
[2026-03-13 15:24:50] [DEBUG] Waiting for color CCCCCC to disappear at (623,653)
[2026-03-13 15:24:50] [DEBUG] Color changed from CCCCCC to FFFFFF — loading complete
[2026-03-13 15:24:57] [DEBUG] Added 12 items to CSV for: D0024 - GROCERY -  IMPULSE > S0008 - TAKE HOME SOFT DRINKS > C0043 - TAKE HOME WATER > F0203
[2026-03-13 15:24:57] [DEBUG] Family group F0203: 12 items added to CSV
[2026-03-13 15:24:59] [DEBUG] Clicked and typed at (712,135): F0204
[2026-03-13 15:25:02] [DEBUG] Poll #5 active window: 'GOLD PRD - \\Remote'
[2026-03-13 15:25:03] [DEBUG] Poll #10 active window: 'GOLD PRD - \\Remote'
[2026-03-13 15:25:04] [DEBUG] Poll #15 active window: 'GOLD PRD - \\Remote'
[2026-03-13 15:25:05] [DEBUG] Poll #20 active window: 'GOLD PRD - \\Remote'
[2026-03-13 15:25:06] [DEBUG] Poll #25 active window: 'GOLD PRD - \\Remote'
[2026-03-13 15:25:07] [DEBUG] Poll #30 active window: 'GOLD PRD - \\Remote'
[2026-03-13 15:25:08] [DEBUG] Poll #35 active window: 'GOLD PRD - \\Remote'
[2026-03-13 15:25:09] [DEBUG] Poll #40 active window: 'GOLD PRD - \\Remote'
[2026-03-13 15:25:09] [DEBUG] Waiting for color CCCCCC to disappear at (623,653)
[2026-03-13 15:25:22] [DEBUG] Color changed from CCCCCC to FFFFFF — loading complete
[2026-03-13 15:25:29] [DEBUG] Added 21 items to CSV for: D0024 - GROCERY -  IMPULSE > S0008 - TAKE HOME SOFT DRINKS > C0043 - TAKE HOME WATER > F0204
[2026-03-13 15:25:29] [DEBUG] Family group F0204: 21 items added to CSV
[2026-03-13 15:25:31] [DEBUG] Clicked and typed at (712,135): F5309
[2026-03-13 15:25:34] [DEBUG] Poll #5 active window: 'GOLD PRD - \\Remote'
[2026-03-13 15:25:35] [DEBUG] Poll #10 active window: 'GOLD PRD - \\Remote'
[2026-03-13 15:25:36] [DEBUG] Poll #15 active window: 'GOLD PRD - \\Remote'
[2026-03-13 15:25:37] [DEBUG] Poll #20 active window: 'GOLD PRD - \\Remote'
[2026-03-13 15:25:38] [DEBUG] Poll #25 active window: 'GOLD PRD - \\Remote'
[2026-03-13 15:25:39] [DEBUG] Poll #30 active window: 'GOLD PRD - \\Remote'
[2026-03-13 15:25:40] [DEBUG] Poll #35 active window: 'GOLD PRD - \\Remote'
[2026-03-13 15:25:41] [DEBUG] Poll #40 active window: 'GOLD PRD - \\Remote'
[2026-03-13 15:25:41] [DEBUG] Waiting for color CCCCCC to disappear at (623,653)
[2026-03-13 15:25:41] [DEBUG] Color changed from CCCCCC to E2E8FB — loading complete
[2026-03-13 15:25:49] [DEBUG] Added 1 items to CSV for: D0024 - GROCERY -  IMPULSE > S0008 - TAKE HOME SOFT DRINKS > C0043 - TAKE HOME WATER > F5309
[2026-03-13 15:25:49] [DEBUG] Family group F5309: 1 items added to CSV
[2026-03-13 15:25:50] [DEBUG] Clicked and typed at (712,135): F5310
[2026-03-13 15:25:53] [DEBUG] Poll #5 active window: 'GOLD PRD - \\Remote'
[2026-03-13 15:25:54] [DEBUG] Poll #10 active window: 'GOLD PRD - \\Remote'
[2026-03-13 15:25:55] [DEBUG] Poll #15 active window: 'GOLD PRD - \\Remote'
[2026-03-13 15:25:56] [DEBUG] Poll #20 active window: 'GOLD PRD - \\Remote'
[2026-03-13 15:25:57] [DEBUG] Poll #25 active window: 'GOLD PRD - \\Remote'
[2026-03-13 15:25:58] [DEBUG] Poll #30 active window: 'GOLD PRD - \\Remote'
[2026-03-13 15:25:59] [DEBUG] Poll #35 active window: 'GOLD PRD - \\Remote'
[2026-03-13 15:26:00] [DEBUG] Poll #40 active window: 'GOLD PRD - \\Remote'
[2026-03-13 15:26:00] [DEBUG] Waiting for color CCCCCC to disappear at (623,653)
[2026-03-13 15:26:00] [DEBUG] Color changed from CCCCCC to E2E8FB — loading complete
[2026-03-13 15:26:08] [DEBUG] Added 3 items to CSV for: D0024 - GROCERY -  IMPULSE > S0008 - TAKE HOME SOFT DRINKS > C0043 - TAKE HOME WATER > F5310
[2026-03-13 15:26:08] [DEBUG] Family group F5310: 3 items added to CSV
[2026-03-13 15:26:09] [DEBUG] Clicked and typed at (712,135): F5311
[2026-03-13 15:26:12] [DEBUG] Poll #5 active window: 'GOLD PRD - \\Remote'
[2026-03-13 15:26:13] [DEBUG] Poll #10 active window: 'GOLD PRD - \\Remote'
[2026-03-13 15:26:14] [DEBUG] Poll #15 active window: 'GOLD PRD - \\Remote'
[2026-03-13 15:26:15] [DEBUG] Poll #20 active window: 'GOLD PRD - \\Remote'
[2026-03-13 15:26:16] [DEBUG] Poll #25 active window: 'GOLD PRD - \\Remote'
[2026-03-13 15:26:17] [DEBUG] Poll #30 active window: 'GOLD PRD - \\Remote'
[2026-03-13 15:26:18] [DEBUG] Poll #35 active window: 'GOLD PRD - \\Remote'
[2026-03-13 15:26:20] [DEBUG] Poll #40 active window: 'GOLD PRD - \\Remote'
[2026-03-13 15:26:20] [DEBUG] Waiting for color CCCCCC to disappear at (623,653)
[2026-03-13 15:26:20] [DEBUG] Color changed from CCCCCC to E2E8FB — loading complete
[2026-03-13 15:26:27] [DEBUG] No valid items found in clipboard for family group: F5311
[2026-03-13 15:26:27] [DEBUG] Family group F5311: 0 items added to CSV
[2026-03-13 15:26:29] [DEBUG] Clicked and typed at (712,135): F0206
[2026-03-13 15:26:32] [DEBUG] Poll #5 active window: 'GOLD PRD - \\Remote'
[2026-03-13 15:26:33] [DEBUG] Poll #10 active window: 'GOLD PRD - \\Remote'
[2026-03-13 15:26:34] [DEBUG] Poll #15 active window: 'GOLD PRD - \\Remote'
[2026-03-13 15:26:35] [DEBUG] Poll #20 active window: 'GOLD PRD - \\Remote'
[2026-03-13 15:26:36] [DEBUG] Poll #25 active window: 'GOLD PRD - \\Remote'
[2026-03-13 15:26:37] [DEBUG] Poll #30 active window: 'GOLD PRD - \\Remote'
[2026-03-13 15:26:38] [DEBUG] Poll #35 active window: 'GOLD PRD - \\Remote'
[2026-03-13 15:26:39] [DEBUG] Poll #40 active window: 'GOLD PRD - \\Remote'
[2026-03-13 15:26:39] [DEBUG] Waiting for color CCCCCC to disappear at (623,653)
[2026-03-13 15:26:42] [DEBUG] Color changed from CCCCCC to FFFFFF — loading complete
[2026-03-13 15:26:49] [DEBUG] Added 21 items to CSV for: D0024 - GROCERY -  IMPULSE > S0008 - TAKE HOME SOFT DRINKS > C0044 - TAKE HOME PREMIUM > F0206
[2026-03-13 15:26:49] [DEBUG] Family group F0206: 21 items added to CSV
[2026-03-13 15:26:51] [DEBUG] Clicked and typed at (712,135): F0207
[2026-03-13 15:26:54] [DEBUG] Poll #5 active window: 'GOLD PRD - \\Remote'
[2026-03-13 15:26:55] [DEBUG] Poll #10 active window: 'GOLD PRD - \\Remote'
[2026-03-13 15:26:56] [DEBUG] Poll #15 active window: 'GOLD PRD - \\Remote'
[2026-03-13 15:26:57] [DEBUG] Poll #20 active window: 'GOLD PRD - \\Remote'
[2026-03-13 15:26:58] [DEBUG] Poll #25 active window: 'GOLD PRD - \\Remote'
[2026-03-13 15:26:59] [DEBUG] Poll #30 active window: 'GOLD PRD - \\Remote'
[2026-03-13 15:27:00] [DEBUG] Poll #35 active window: 'GOLD PRD - \\Remote'
[2026-03-13 15:27:01] [DEBUG] Poll #40 active window: 'GOLD PRD - \\Remote'
[2026-03-13 15:27:01] [DEBUG] Waiting for color CCCCCC to disappear at (623,653)
[2026-03-13 15:27:01] [DEBUG] Color changed from CCCCCC to FFFFFF — loading complete
[2026-03-13 15:27:08] [DEBUG] Added 12 items to CSV for: D0024 - GROCERY -  IMPULSE > S0008 - TAKE HOME SOFT DRINKS > C0044 - TAKE HOME PREMIUM > F0207
[2026-03-13 15:27:08] [DEBUG] Family group F0207: 12 items added to CSV
[2026-03-13 15:27:10] [DEBUG] Clicked and typed at (712,135): F0209
[2026-03-13 15:27:13] [DEBUG] Poll #5 active window: 'GOLD PRD - \\Remote'
[2026-03-13 15:27:14] [DEBUG] Poll #10 active window: 'GOLD PRD - \\Remote'
[2026-03-13 15:27:15] [DEBUG] Poll #15 active window: 'GOLD PRD - \\Remote'
[2026-03-13 15:27:16] [DEBUG] Poll #20 active window: 'GOLD PRD - \\Remote'
[2026-03-13 15:27:17] [DEBUG] Poll #25 active window: 'GOLD PRD - \\Remote'
[2026-03-13 15:27:18] [DEBUG] Poll #30 active window: 'GOLD PRD - \\Remote'
[2026-03-13 15:27:19] [DEBUG] Poll #35 active window: 'GOLD PRD - \\Remote'
[2026-03-13 15:27:20] [DEBUG] Poll #40 active window: 'GOLD PRD - \\Remote'
[2026-03-13 15:27:20] [DEBUG] Waiting for color CCCCCC to disappear at (623,653)
[2026-03-13 15:27:20] [DEBUG] Color changed from CCCCCC to E2E8FB — loading complete
[2026-03-13 15:27:27] [DEBUG] Added 11 items to CSV for: D0024 - GROCERY -  IMPULSE > S0008 - TAKE HOME SOFT DRINKS > C0045 - DILUTE & CORDIAL > F0209
[2026-03-13 15:27:27] [DEBUG] Family group F0209: 11 items added to CSV
[2026-03-13 15:27:29] [DEBUG] Clicked and typed at (712,135): F0211
[2026-03-13 15:27:32] [DEBUG] Poll #5 active window: 'GOLD PRD - \\Remote'
[2026-03-13 15:27:33] [DEBUG] Poll #10 active window: 'GOLD PRD - \\Remote'
[2026-03-13 15:27:34] [DEBUG] Poll #15 active window: 'GOLD PRD - \\Remote'
[2026-03-13 15:27:35] [DEBUG] Poll #20 active window: 'GOLD PRD - \\Remote'
[2026-03-13 15:27:36] [DEBUG] Poll #25 active window: 'GOLD PRD - \\Remote'
[2026-03-13 15:27:37] [DEBUG] Poll #30 active window: 'GOLD PRD - \\Remote'
[2026-03-13 15:27:38] [DEBUG] Poll #35 active window: 'GOLD PRD - \\Remote'
[2026-03-13 15:27:39] [DEBUG] Poll #40 active window: 'GOLD PRD - \\Remote'
[2026-03-13 15:27:39] [DEBUG] Waiting for color CCCCCC to disappear at (623,653)
[2026-03-13 15:27:39] [DEBUG] Color changed from CCCCCC to E2E8FB — loading complete
[2026-03-13 15:27:46] [DEBUG] No valid items found in clipboard for family group: F0211
[2026-03-13 15:27:46] [DEBUG] Family group F0211: 0 items added to CSV
[2026-03-13 15:27:48] [DEBUG] Clicked and typed at (712,135): F0212
[2026-03-13 15:27:51] [DEBUG] Poll #5 active window: 'GOLD PRD - \\Remote'
[2026-03-13 15:27:52] [DEBUG] Poll #10 active window: 'GOLD PRD - \\Remote'
[2026-03-13 15:27:53] [DEBUG] Poll #15 active window: 'GOLD PRD - \\Remote'
[2026-03-13 15:27:54] [DEBUG] Poll #20 active window: 'GOLD PRD - \\Remote'
[2026-03-13 15:27:55] [DEBUG] Poll #25 active window: 'GOLD PRD - \\Remote'
[2026-03-13 15:27:56] [DEBUG] Poll #30 active window: 'GOLD PRD - \\Remote'
[2026-03-13 15:27:57] [DEBUG] Poll #35 active window: 'GOLD PRD - \\Remote'
[2026-03-13 15:27:58] [DEBUG] Poll #40 active window: 'GOLD PRD - \\Remote'
[2026-03-13 15:27:58] [DEBUG] Waiting for color CCCCCC to disappear at (623,653)
[2026-03-13 15:27:58] [DEBUG] Color changed from CCCCCC to E2E8FB — loading complete
[2026-03-13 15:28:05] [DEBUG] No valid items found in clipboard for family group: F0212
[2026-03-13 15:28:05] [DEBUG] Family group F0212: 0 items added to CSV
[2026-03-13 15:28:07] [DEBUG] Clicked and typed at (712,135): F0213
[2026-03-13 15:28:10] [DEBUG] Poll #5 active window: 'GOLD PRD - \\Remote'
[2026-03-13 15:28:11] [DEBUG] Poll #10 active window: 'GOLD PRD - \\Remote'
[2026-03-13 15:28:12] [DEBUG] Poll #15 active window: 'GOLD PRD - \\Remote'
[2026-03-13 15:28:13] [DEBUG] Poll #20 active window: 'GOLD PRD - \\Remote'
[2026-03-13 15:28:14] [DEBUG] Poll #25 active window: 'GOLD PRD - \\Remote'
[2026-03-13 15:28:15] [DEBUG] Poll #30 active window: 'GOLD PRD - \\Remote'
[2026-03-13 15:28:16] [DEBUG] Poll #35 active window: 'GOLD PRD - \\Remote'
[2026-03-13 15:28:17] [DEBUG] Poll #40 active window: 'GOLD PRD - \\Remote'
[2026-03-13 15:28:17] [DEBUG] Waiting for color CCCCCC to disappear at (623,653)
[2026-03-13 15:28:17] [DEBUG] Color changed from CCCCCC to E2E8FB — loading complete
[2026-03-13 15:28:25] [DEBUG] Added 2 items to CSV for: D0024 - GROCERY -  IMPULSE > S0008 - TAKE HOME SOFT DRINKS > C0045 - DILUTE & CORDIAL > F0213
[2026-03-13 15:28:25] [DEBUG] Family group F0213: 2 items added to CSV
[2026-03-13 15:28:26] [DEBUG] Clicked and typed at (712,135): F0214
[2026-03-13 15:28:29] [DEBUG] Poll #5 active window: 'GOLD PRD - \\Remote'
[2026-03-13 15:28:30] [DEBUG] Poll #10 active window: 'GOLD PRD - \\Remote'
[2026-03-13 15:28:31] [DEBUG] Poll #15 active window: 'GOLD PRD - \\Remote'
[2026-03-13 15:28:32] [DEBUG] Poll #20 active window: 'GOLD PRD - \\Remote'
[2026-03-13 15:28:33] [DEBUG] Poll #25 active window: 'GOLD PRD - \\Remote'
[2026-03-13 15:28:34] [DEBUG] Poll #30 active window: 'GOLD PRD - \\Remote'
[2026-03-13 15:28:36] [DEBUG] Poll #35 active window: 'GOLD PRD - \\Remote'
[2026-03-13 15:28:37] [DEBUG] Poll #40 active window: 'GOLD PRD - \\Remote'
[2026-03-13 15:28:37] [DEBUG] Waiting for color CCCCCC to disappear at (623,653)
[2026-03-13 15:28:37] [DEBUG] Color changed from CCCCCC to E2E8FB — loading complete
[2026-03-13 15:28:44] [DEBUG] Added 4 items to CSV for: D0024 - GROCERY -  IMPULSE > S0008 - TAKE HOME SOFT DRINKS > C0045 - DILUTE & CORDIAL > F0214
[2026-03-13 15:28:44] [DEBUG] Family group F0214: 4 items added to CSV
[2026-03-13 15:28:46] [DEBUG] Clicked and typed at (712,135): F0215
[2026-03-13 15:28:49] [DEBUG] Poll #5 active window: 'GOLD PRD - \\Remote'
[2026-03-13 15:28:50] [DEBUG] Poll #10 active window: 'GOLD PRD - \\Remote'
[2026-03-13 15:28:51] [DEBUG] Poll #15 active window: 'GOLD PRD - \\Remote'
[2026-03-13 15:28:52] [DEBUG] Poll #20 active window: 'GOLD PRD - \\Remote'
[2026-03-13 15:28:53] [DEBUG] Poll #25 active window: 'GOLD PRD - \\Remote'
[2026-03-13 15:28:54] [DEBUG] Poll #30 active window: 'GOLD PRD - \\Remote'
[2026-03-13 15:28:55] [DEBUG] Poll #35 active window: 'GOLD PRD - \\Remote'
[2026-03-13 15:28:56] [DEBUG] Poll #40 active window: 'GOLD PRD - \\Remote'
[2026-03-13 15:28:56] [DEBUG] Waiting for color CCCCCC to disappear at (623,653)
[2026-03-13 15:29:02] [DEBUG] Color changed from CCCCCC to FFFFFF — loading complete
[2026-03-13 15:29:09] [DEBUG] Added 33 items to CSV for: D0024 - GROCERY -  IMPULSE > S0008 - TAKE HOME SOFT DRINKS > C0045 - DILUTE & CORDIAL > F0215
[2026-03-13 15:29:09] [DEBUG] Family group F0215: 33 items added to CSV
[2026-03-13 15:29:11] [DEBUG] Clicked and typed at (712,135): F5312
[2026-03-13 15:29:14] [DEBUG] Poll #5 active window: 'GOLD PRD - \\Remote'
[2026-03-13 15:29:15] [DEBUG] Poll #10 active window: 'GOLD PRD - \\Remote'
[2026-03-13 15:29:16] [DEBUG] Poll #15 active window: 'GOLD PRD - \\Remote'
[2026-03-13 15:29:17] [DEBUG] Poll #20 active window: 'GOLD PRD - \\Remote'
[2026-03-13 15:29:18] [DEBUG] Poll #25 active window: 'GOLD PRD - \\Remote'
[2026-03-13 15:29:19] [DEBUG] Poll #30 active window: 'GOLD PRD - \\Remote'
[2026-03-13 15:29:20] [DEBUG] Poll #35 active window: 'GOLD PRD - \\Remote'
[2026-03-13 15:29:21] [DEBUG] Poll #40 active window: 'GOLD PRD - \\Remote'
[2026-03-13 15:29:21] [DEBUG] Waiting for color CCCCCC to disappear at (623,653)
[2026-03-13 15:29:21] [DEBUG] Color changed from CCCCCC to E2E8FB — loading complete
[2026-03-13 15:29:28] [DEBUG] No valid items found in clipboard for family group: F5312
[2026-03-13 15:29:28] [DEBUG] Family group F5312: 0 items added to CSV
[2026-03-13 15:29:30] [DEBUG] Clicked and typed at (712,135): F0216
[2026-03-13 15:29:33] [DEBUG] Poll #5 active window: 'GOLD PRD - \\Remote'
[2026-03-13 15:29:34] [DEBUG] Poll #10 active window: 'GOLD PRD - \\Remote'
[2026-03-13 15:29:35] [DEBUG] Poll #15 active window: 'GOLD PRD - \\Remote'
[2026-03-13 15:29:36] [DEBUG] Poll #20 active window: 'GOLD PRD - \\Remote'
[2026-03-13 15:29:37] [DEBUG] Poll #25 active window: 'GOLD PRD - \\Remote'
[2026-03-13 15:29:38] [DEBUG] Poll #30 active window: 'GOLD PRD - \\Remote'
[2026-03-13 15:29:39] [DEBUG] Poll #35 active window: 'GOLD PRD - \\Remote'
[2026-03-13 15:29:40] [DEBUG] Poll #40 active window: 'GOLD PRD - \\Remote'
[2026-03-13 15:29:40] [DEBUG] Waiting for color CCCCCC to disappear at (623,653)
[2026-03-13 15:29:40] [DEBUG] Color changed from CCCCCC to E2E8FB — loading complete
[2026-03-13 15:29:47] [DEBUG] No valid items found in clipboard for family group: F0216
[2026-03-13 15:29:47] [DEBUG] Family group F0216: 0 items added to CSV
[2026-03-13 15:29:49] [DEBUG] Clicked and typed at (712,135): F0217
[2026-03-13 15:29:52] [DEBUG] Poll #5 active window: 'GOLD PRD - \\Remote'
[2026-03-13 15:29:53] [DEBUG] Poll #10 active window: 'GOLD PRD - \\Remote'
[2026-03-13 15:29:54] [DEBUG] Poll #15 active window: 'GOLD PRD - \\Remote'
[2026-03-13 15:29:55] [DEBUG] Poll #20 active window: 'GOLD PRD - \\Remote'
[2026-03-13 15:29:56] [DEBUG] Poll #25 active window: 'GOLD PRD - \\Remote'
[2026-03-13 15:29:57] [DEBUG] Poll #30 active window: 'GOLD PRD - \\Remote'
[2026-03-13 15:29:58] [DEBUG] Poll #35 active window: 'GOLD PRD - \\Remote'
[2026-03-13 15:29:59] [DEBUG] Poll #40 active window: 'GOLD PRD - \\Remote'
[2026-03-13 15:29:59] [DEBUG] Waiting for color CCCCCC to disappear at (623,653)
[2026-03-13 15:29:59] [DEBUG] Color changed from CCCCCC to E2E8FB — loading complete
[2026-03-13 15:30:06] [DEBUG] Added 1 items to CSV for: D0024 - GROCERY -  IMPULSE > S0008 - TAKE HOME SOFT DRINKS > C0046 - MIXERS > F0217
[2026-03-13 15:30:06] [DEBUG] Family group F0217: 1 items added to CSV
[2026-03-13 15:30:08] [DEBUG] Clicked and typed at (712,135): F0218
[2026-03-13 15:30:11] [DEBUG] Poll #5 active window: 'GOLD PRD - \\Remote'
[2026-03-13 15:30:12] [DEBUG] Poll #10 active window: 'GOLD PRD - \\Remote'
[2026-03-13 15:30:13] [DEBUG] Poll #15 active window: 'GOLD PRD - \\Remote'
[2026-03-13 15:30:14] [DEBUG] Poll #20 active window: 'GOLD PRD - \\Remote'
[2026-03-13 15:30:15] [DEBUG] Poll #25 active window: 'GOLD PRD - \\Remote'
[2026-03-13 15:30:16] [DEBUG] Poll #30 active window: 'GOLD PRD - \\Remote'
[2026-03-13 15:30:17] [DEBUG] Poll #35 active window: 'GOLD PRD - \\Remote'
[2026-03-13 15:30:18] [DEBUG] Poll #40 active window: 'GOLD PRD - \\Remote'
[2026-03-13 15:30:18] [DEBUG] Waiting for color CCCCCC to disappear at (623,653)
[2026-03-13 15:30:18] [DEBUG] Color changed from CCCCCC to E2E8FB — loading complete
[2026-03-13 15:30:26] [DEBUG] No valid items found in clipboard for family group: F0218
[2026-03-13 15:30:26] [DEBUG] Family group F0218: 0 items added to CSV
[2026-03-13 15:30:27] [DEBUG] Clicked and typed at (712,135): F0219
[2026-03-13 15:30:30] [DEBUG] Poll #5 active window: 'GOLD PRD - \\Remote'
[2026-03-13 15:30:31] [DEBUG] Poll #10 active window: 'GOLD PRD - \\Remote'
[2026-03-13 15:30:32] [DEBUG] Poll #15 active window: 'GOLD PRD - \\Remote'
[2026-03-13 15:30:33] [DEBUG] Poll #20 active window: 'GOLD PRD - \\Remote'
[2026-03-13 15:30:34] [DEBUG] Poll #25 active window: 'GOLD PRD - \\Remote'
[2026-03-13 15:30:35] [DEBUG] Poll #30 active window: 'GOLD PRD - \\Remote'
[2026-03-13 15:30:36] [DEBUG] Poll #35 active window: 'GOLD PRD - \\Remote'
[2026-03-13 15:30:37] [DEBUG] Poll #40 active window: 'GOLD PRD - \\Remote'
[2026-03-13 15:30:37] [DEBUG] Waiting for color CCCCCC to disappear at (623,653)
[2026-03-13 15:30:38] [DEBUG] Color changed from CCCCCC to E2E8FB — loading complete
[2026-03-13 15:30:45] [DEBUG] Added 3 items to CSV for: D0024 - GROCERY -  IMPULSE > S0008 - TAKE HOME SOFT DRINKS > C0046 - MIXERS > F0219
[2026-03-13 15:30:45] [DEBUG] Family group F0219: 3 items added to CSV
[2026-03-13 15:30:47] [DEBUG] Clicked and typed at (712,135): F0220
[2026-03-13 15:30:50] [DEBUG] Poll #5 active window: 'GOLD PRD - \\Remote'
[2026-03-13 15:30:51] [DEBUG] Poll #10 active window: 'GOLD PRD - \\Remote'
[2026-03-13 15:30:52] [DEBUG] Poll #15 active window: 'GOLD PRD - \\Remote'
[2026-03-13 15:30:53] [DEBUG] Poll #20 active window: 'GOLD PRD - \\Remote'
[2026-03-13 15:30:54] [DEBUG] Poll #25 active window: 'GOLD PRD - \\Remote'
[2026-03-13 15:30:55] [DEBUG] Poll #30 active window: 'GOLD PRD - \\Remote'
[2026-03-13 15:30:56] [DEBUG] Poll #35 active window: 'GOLD PRD - \\Remote'
[2026-03-13 15:30:57] [DEBUG] Poll #40 active window: 'GOLD PRD - \\Remote'
[2026-03-13 15:30:57] [DEBUG] Waiting for color CCCCCC to disappear at (623,653)
[2026-03-13 15:30:57] [DEBUG] Color changed from CCCCCC to FFFFFF — loading complete
[2026-03-13 15:31:04] [DEBUG] Added 8 items to CSV for: D0024 - GROCERY -  IMPULSE > S0008 - TAKE HOME SOFT DRINKS > C0046 - MIXERS > F0220
[2026-03-13 15:31:04] [DEBUG] Family group F0220: 8 items added to CSV
[2026-03-13 15:31:06] [DEBUG] Clicked and typed at (712,135): F5313
[2026-03-13 15:31:09] [DEBUG] Poll #5 active window: 'GOLD PRD - \\Remote'
[2026-03-13 15:31:10] [DEBUG] Poll #10 active window: 'GOLD PRD - \\Remote'
[2026-03-13 15:31:11] [DEBUG] Poll #15 active window: 'GOLD PRD - \\Remote'
[2026-03-13 15:31:12] [DEBUG] Poll #20 active window: 'GOLD PRD - \\Remote'
[2026-03-13 15:31:13] [DEBUG] Poll #25 active window: 'GOLD PRD - \\Remote'
[2026-03-13 15:31:14] [DEBUG] Poll #30 active window: 'GOLD PRD - \\Remote'
[2026-03-13 15:31:15] [DEBUG] Poll #35 active window: 'GOLD PRD - \\Remote'
[2026-03-13 15:31:16] [DEBUG] Poll #40 active window: 'GOLD PRD - \\Remote'
[2026-03-13 15:31:16] [DEBUG] Waiting for color CCCCCC to disappear at (623,653)
[2026-03-13 15:31:16] [DEBUG] Color changed from CCCCCC to E2E8FB — loading complete
[2026-03-13 15:31:23] [DEBUG] Added 2 items to CSV for: D0024 - GROCERY -  IMPULSE > S0008 - TAKE HOME SOFT DRINKS > C0046 - MIXERS > F5313
[2026-03-13 15:31:23] [DEBUG] Family group F5313: 2 items added to CSV
[2026-03-13 15:31:25] [DEBUG] Clicked and typed at (712,135): F5314
[2026-03-13 15:31:28] [DEBUG] Poll #5 active window: 'GOLD PRD - \\Remote'
[2026-03-13 15:31:29] [DEBUG] Poll #10 active window: 'GOLD PRD - \\Remote'
[2026-03-13 15:31:30] [DEBUG] Poll #15 active window: 'GOLD PRD - \\Remote'
[2026-03-13 15:31:31] [DEBUG] Poll #20 active window: 'GOLD PRD - \\Remote'
[2026-03-13 15:31:32] [DEBUG] Poll #25 active window: 'GOLD PRD - \\Remote'
[2026-03-13 15:31:33] [DEBUG] Poll #30 active window: 'GOLD PRD - \\Remote'
[2026-03-13 15:31:34] [DEBUG] Poll #35 active window: 'GOLD PRD - \\Remote'
[2026-03-13 15:31:35] [DEBUG] Poll #40 active window: 'GOLD PRD - \\Remote'
[2026-03-13 15:31:35] [DEBUG] Waiting for color CCCCCC to disappear at (623,653)
[2026-03-13 15:31:35] [DEBUG] Color changed from CCCCCC to E2E8FB — loading complete
[2026-03-13 15:31:42] [DEBUG] Added 1 items to CSV for: D0024 - GROCERY -  IMPULSE > S0008 - TAKE HOME SOFT DRINKS > C0046 - MIXERS > F5314
[2026-03-13 15:31:42] [DEBUG] Family group F5314: 1 items added to CSV
[2026-03-13 15:31:44] [DEBUG] Clicked and typed at (712,135): F5317
[2026-03-13 15:31:47] [DEBUG] Poll #5 active window: 'GOLD PRD - \\Remote'
[2026-03-13 15:31:48] [DEBUG] Poll #10 active window: 'GOLD PRD - \\Remote'
[2026-03-13 15:31:49] [DEBUG] Poll #15 active window: 'GOLD PRD - \\Remote'
[2026-03-13 15:31:50] [DEBUG] Poll #20 active window: 'GOLD PRD - \\Remote'
[2026-03-13 15:31:51] [DEBUG] Poll #25 active window: 'GOLD PRD - \\Remote'
[2026-03-13 15:31:52] [DEBUG] Poll #30 active window: 'GOLD PRD - \\Remote'
[2026-03-13 15:31:53] [DEBUG] Poll #35 active window: 'GOLD PRD - \\Remote'
[2026-03-13 15:31:54] [DEBUG] Poll #40 active window: 'GOLD PRD - \\Remote'
[2026-03-13 15:31:54] [DEBUG] Waiting for color CCCCCC to disappear at (623,653)
[2026-03-13 15:31:54] [DEBUG] Color changed from CCCCCC to E2E8FB — loading complete
[2026-03-13 15:32:01] [DEBUG] Added 3 items to CSV for: D0024 - GROCERY -  IMPULSE > S0008 - TAKE HOME SOFT DRINKS > C0046 - MIXERS > F5317
[2026-03-13 15:32:01] [DEBUG] Family group F5317: 3 items added to CSV
[2026-03-13 15:32:03] [DEBUG] Clicked and typed at (712,135): F5319
[2026-03-13 15:32:06] [DEBUG] Poll #5 active window: 'GOLD PRD - \\Remote'
[2026-03-13 15:32:07] [DEBUG] Poll #10 active window: 'GOLD PRD - \\Remote'
[2026-03-13 15:32:08] [DEBUG] Poll #15 active window: 'GOLD PRD - \\Remote'
[2026-03-13 15:32:09] [DEBUG] Poll #20 active window: 'GOLD PRD - \\Remote'
[2026-03-13 15:32:10] [DEBUG] Poll #25 active window: 'GOLD PRD - \\Remote'
[2026-03-13 15:32:11] [DEBUG] Poll #30 active window: 'GOLD PRD - \\Remote'
[2026-03-13 15:32:12] [DEBUG] Poll #35 active window: 'GOLD PRD - \\Remote'
[2026-03-13 15:32:13] [DEBUG] Poll #40 active window: 'GOLD PRD - \\Remote'
[2026-03-13 15:32:13] [DEBUG] Waiting for color CCCCCC to disappear at (623,653)
[2026-03-13 15:32:13] [DEBUG] Color changed from CCCCCC to E2E8FB — loading complete
[2026-03-13 15:32:21] [DEBUG] Added 3 items to CSV for: D0024 - GROCERY -  IMPULSE > S0008 - TAKE HOME SOFT DRINKS > C0046 - MIXERS > F5319
[2026-03-13 15:32:21] [DEBUG] Family group F5319: 3 items added to CSV
[2026-03-13 15:32:22] [DEBUG] Clicked and typed at (712,135): F5320
[2026-03-13 15:32:25] [DEBUG] Poll #5 active window: 'GOLD PRD - \\Remote'
[2026-03-13 15:32:26] [DEBUG] Poll #10 active window: 'GOLD PRD - \\Remote'
[2026-03-13 15:32:27] [DEBUG] Poll #15 active window: 'GOLD PRD - \\Remote'
[2026-03-13 15:32:29] [DEBUG] Poll #20 active window: 'GOLD PRD - \\Remote'
[2026-03-13 15:32:30] [DEBUG] Poll #25 active window: 'GOLD PRD - \\Remote'
[2026-03-13 15:32:31] [DEBUG] Poll #30 active window: 'GOLD PRD - \\Remote'
[2026-03-13 15:32:32] [DEBUG] Poll #35 active window: 'GOLD PRD - \\Remote'
[2026-03-13 15:32:33] [DEBUG] Poll #40 active window: 'GOLD PRD - \\Remote'
[2026-03-13 15:32:33] [DEBUG] Waiting for color CCCCCC to disappear at (623,653)
[2026-03-13 15:32:33] [DEBUG] Color changed from CCCCCC to FFFFFF — loading complete
[2026-03-13 15:32:40] [DEBUG] Added 15 items to CSV for: D0024 - GROCERY -  IMPULSE > S0008 - TAKE HOME SOFT DRINKS > C0046 - MIXERS > F5320
[2026-03-13 15:32:40] [DEBUG] Family group F5320: 15 items added to CSV
[2026-03-13 15:32:42] [DEBUG] Clicked and typed at (712,135): F1000001
[2026-03-13 15:32:45] [DEBUG] Poll #5 active window: 'GOLD PRD - \\Remote'
[2026-03-13 15:32:46] [DEBUG] Poll #10 active window: 'GOLD PRD - \\Remote'
[2026-03-13 15:32:47] [DEBUG] Poll #15 active window: 'GOLD PRD - \\Remote'
[2026-03-13 15:32:48] [DEBUG] Poll #20 active window: 'GOLD PRD - \\Remote'
[2026-03-13 15:32:49] [DEBUG] Poll #25 active window: 'GOLD PRD - \\Remote'
[2026-03-13 15:32:50] [DEBUG] Poll #30 active window: 'GOLD PRD - \\Remote'
[2026-03-13 15:32:51] [DEBUG] Poll #35 active window: 'GOLD PRD - \\Remote'
[2026-03-13 15:32:52] [DEBUG] Poll #40 active window: 'GOLD PRD - \\Remote'
[2026-03-13 15:32:52] [DEBUG] Waiting for color CCCCCC to disappear at (623,653)
[2026-03-13 15:32:52] [DEBUG] Color changed from CCCCCC to FFFFFF — loading complete
[2026-03-13 15:32:59] [DEBUG] Clipboard retry #1 for F1000001
[2026-03-13 15:33:05] [DEBUG] Clipboard retry #2 for F1000001
[2026-03-13 15:33:11] [DEBUG] Clipboard still empty after 3 retries — skipping F1000001
[2026-03-13 15:33:12] [DEBUG] Clicked and typed at (712,135): F0243
[2026-03-13 15:33:15] [DEBUG] Poll #5 active window: 'GOLD PRD - \\Remote'
[2026-03-13 15:33:16] [DEBUG] Poll #10 active window: 'GOLD PRD - \\Remote'
[2026-03-13 15:33:17] [DEBUG] Poll #15 active window: 'GOLD PRD - \\Remote'
[2026-03-13 15:33:18] [DEBUG] Poll #20 active window: 'GOLD PRD - \\Remote'
[2026-03-13 15:33:19] [DEBUG] Poll #25 active window: 'GOLD PRD - \\Remote'
[2026-03-13 15:33:20] [DEBUG] Poll #30 active window: 'GOLD PRD - \\Remote'
[2026-03-13 15:33:21] [DEBUG] Poll #35 active window: 'GOLD PRD - \\Remote'
[2026-03-13 15:33:22] [DEBUG] Poll #40 active window: 'GOLD PRD - \\Remote'
[2026-03-13 15:33:22] [DEBUG] Waiting for color CCCCCC to disappear at (623,653)
[2026-03-13 15:33:22] [DEBUG] Color changed from CCCCCC to E2E8FB — loading complete
[2026-03-13 15:33:29] [DEBUG] Added 2 items to CSV for: D0025 - GROCERY - EDIBLE > S0010 - BISCUITS > C0051 - CHILDREN'S BISCUITS > F0243
[2026-03-13 15:33:29] [DEBUG] Family group F0243: 2 items added to CSV
[2026-03-13 15:33:31] [DEBUG] Clicked and typed at (712,135): F0245
[2026-03-13 15:33:34] [DEBUG] Poll #5 active window: 'GOLD PRD - \\Remote'
[2026-03-13 15:33:35] [DEBUG] Poll #10 active window: 'GOLD PRD - \\Remote'
[2026-03-13 15:33:36] [DEBUG] Poll #15 active window: 'GOLD PRD - \\Remote'
[2026-03-13 15:33:37] [DEBUG] Poll #20 active window: 'GOLD PRD - \\Remote'
[2026-03-13 15:33:38] [DEBUG] Poll #25 active window: 'GOLD PRD - \\Remote'
[2026-03-13 15:33:39] [DEBUG] Poll #30 active window: 'GOLD PRD - \\Remote'
[2026-03-13 15:33:40] [DEBUG] Poll #35 active window: 'GOLD PRD - \\Remote'
[2026-03-13 15:33:41] [DEBUG] Poll #40 active window: 'GOLD PRD - \\Remote'
[2026-03-13 15:33:41] [DEBUG] Waiting for color CCCCCC to disappear at (623,653)
[2026-03-13 15:33:41] [DEBUG] Color changed from CCCCCC to E2E8FB — loading complete
[2026-03-13 15:33:48] [DEBUG] Added 2 items to CSV for: D0025 - GROCERY - EDIBLE > S0010 - BISCUITS > C0051 - CHILDREN'S BISCUITS > F0245
[2026-03-13 15:33:48] [DEBUG] Family group F0245: 2 items added to CSV
[2026-03-13 15:33:50] [DEBUG] Clicked and typed at (712,135): F0246
[2026-03-13 15:33:53] [DEBUG] Poll #5 active window: 'GOLD PRD - \\Remote'
[2026-03-13 15:33:54] [DEBUG] Poll #10 active window: 'GOLD PRD - \\Remote'
[2026-03-13 15:33:55] [DEBUG] Poll #15 active window: 'GOLD PRD - \\Remote'
[2026-03-13 15:33:56] [DEBUG] Poll #20 active window: 'GOLD PRD - \\Remote'
[2026-03-13 15:33:57] [DEBUG] Poll #25 active window: 'GOLD PRD - \\Remote'
[2026-03-13 15:33:58] [DEBUG] Poll #30 active window: 'GOLD PRD - \\Remote'
[2026-03-13 15:33:59] [DEBUG] Poll #35 active window: 'GOLD PRD - \\Remote'
[2026-03-13 15:34:00] [DEBUG] Poll #40 active window: 'GOLD PRD - \\Remote'
[2026-03-13 15:34:00] [DEBUG] Waiting for color CCCCCC to disappear at (623,653)
[2026-03-13 15:34:00] [DEBUG] Color changed from CCCCCC to E2E8FB — loading complete
[2026-03-13 15:34:08] [DEBUG] Added 2 items to CSV for: D0025 - GROCERY - EDIBLE > S0010 - BISCUITS > C0051 - CHILDREN'S BISCUITS > F0246
[2026-03-13 15:34:08] [DEBUG] Family group F0246: 2 items added to CSV
[2026-03-13 15:34:09] [DEBUG] Clicked and typed at (712,135): F0247
[2026-03-13 15:34:12] [DEBUG] Poll #5 active window: 'GOLD PRD - \\Remote'
[2026-03-13 15:34:13] [DEBUG] Poll #10 active window: 'GOLD PRD - \\Remote'
[2026-03-13 15:34:14] [DEBUG] Poll #15 active window: 'GOLD PRD - \\Remote'
[2026-03-13 15:34:15] [DEBUG] Poll #20 active window: 'GOLD PRD - \\Remote'
[2026-03-13 15:34:16] [DEBUG] Poll #25 active window: 'GOLD PRD - \\Remote'
[2026-03-13 15:34:17] [DEBUG] Poll #30 active window: 'GOLD PRD - \\Remote'
[2026-03-13 15:34:18] [DEBUG] Poll #35 active window: 'GOLD PRD - \\Remote'
[2026-03-13 15:34:19] [DEBUG] Poll #40 active window: 'GOLD PRD - \\Remote'
[2026-03-13 15:34:19] [DEBUG] Waiting for color CCCCCC to disappear at (623,653)
[2026-03-13 15:34:27] [DEBUG] Color changed from CCCCCC to FFFFFF — loading complete
[2026-03-13 15:34:34] [DEBUG] Added 21 items to CSV for: D0025 - GROCERY - EDIBLE > S0010 - BISCUITS > C0052 - EVERYDAY BISCUIT > F0247
[2026-03-13 15:34:34] [DEBUG] Family group F0247: 21 items added to CSV
[2026-03-13 15:34:36] [DEBUG] Clicked and typed at (712,135): F0248
[2026-03-13 15:34:39] [DEBUG] Poll #5 active window: 'GOLD PRD - \\Remote'
[2026-03-13 15:34:40] [DEBUG] Poll #10 active window: 'GOLD PRD - \\Remote'
[2026-03-13 15:34:41] [DEBUG] Poll #15 active window: 'GOLD PRD - \\Remote'
[2026-03-13 15:34:42] [DEBUG] Poll #20 active window: 'GOLD PRD - \\Remote'
[2026-03-13 15:34:43] [DEBUG] Poll #25 active window: 'GOLD PRD - \\Remote'
[2026-03-13 15:34:44] [DEBUG] Poll #30 active window: 'GOLD PRD - \\Remote'
[2026-03-13 15:34:45] [DEBUG] Poll #35 active window: 'GOLD PRD - \\Remote'
[2026-03-13 15:34:46] [DEBUG] Poll #40 active window: 'GOLD PRD - \\Remote'
[2026-03-13 15:34:46] [DEBUG] Waiting for color CCCCCC to disappear at (623,653)
[2026-03-13 15:34:46] [DEBUG] Color changed from CCCCCC to FFFFFF — loading complete
[2026-03-13 15:34:53] [DEBUG] Added 6 items to CSV for: D0025 - GROCERY - EDIBLE > S0010 - BISCUITS > C0052 - EVERYDAY BISCUIT > F0248
[2026-03-13 15:34:53] [DEBUG] Family group F0248: 6 items added to CSV
[2026-03-13 15:34:55] [DEBUG] Clicked and typed at (712,135): F0249
[2026-03-13 15:34:58] [DEBUG] Poll #5 active window: 'GOLD PRD - \\Remote'
[2026-03-13 15:34:59] [DEBUG] Poll #10 active window: 'GOLD PRD - \\Remote'
[2026-03-13 15:35:00] [DEBUG] Poll #15 active window: 'GOLD PRD - \\Remote'
[2026-03-13 15:35:01] [DEBUG] Poll #20 active window: 'GOLD PRD - \\Remote'
[2026-03-13 15:35:02] [DEBUG] Poll #25 active window: 'GOLD PRD - \\Remote'
[2026-03-13 15:35:03] [DEBUG] Poll #30 active window: 'GOLD PRD - \\Remote'
[2026-03-13 15:35:04] [DEBUG] Poll #35 active window: 'GOLD PRD - \\Remote'
[2026-03-13 15:35:05] [DEBUG] Poll #40 active window: 'GOLD PRD - \\Remote'
[2026-03-13 15:35:05] [DEBUG] Waiting for color CCCCCC to disappear at (623,653)
[2026-03-13 15:35:05] [DEBUG] Color changed from CCCCCC to E2E8FB — loading complete
[2026-03-13 15:35:12] [DEBUG] Added 4 items to CSV for: D0025 - GROCERY - EDIBLE > S0010 - BISCUITS > C0052 - EVERYDAY BISCUIT > F0249
[2026-03-13 15:35:12] [DEBUG] Family group F0249: 4 items added to CSV
[2026-03-13 15:35:14] [DEBUG] Clicked and typed at (712,135): F0250
[2026-03-13 15:35:17] [DEBUG] Poll #5 active window: 'GOLD PRD - \\Remote'
[2026-03-13 15:35:18] [DEBUG] Poll #10 active window: 'GOLD PRD - \\Remote'
[2026-03-13 15:35:19] [DEBUG] Poll #15 active window: 'GOLD PRD - \\Remote'
[2026-03-13 15:35:20] [DEBUG] Poll #20 active window: 'GOLD PRD - \\Remote'
[2026-03-13 15:35:21] [DEBUG] Poll #25 active window: 'GOLD PRD - \\Remote'
[2026-03-13 15:35:22] [DEBUG] Poll #30 active window: 'GOLD PRD - \\Remote'
[2026-03-13 15:35:23] [DEBUG] Poll #35 active window: 'GOLD PRD - \\Remote'
[2026-03-13 15:35:24] [DEBUG] Poll #40 active window: 'GOLD PRD - \\Remote'
[2026-03-13 15:35:24] [DEBUG] Waiting for color CCCCCC to disappear at (623,653)
[2026-03-13 15:35:24] [DEBUG] Color changed from CCCCCC to E2E8FB — loading complete
[2026-03-13 15:35:31] [DEBUG] Added 3 items to CSV for: D0025 - GROCERY - EDIBLE > S0010 - BISCUITS > C0052 - EVERYDAY BISCUIT > F0250
[2026-03-13 15:35:31] [DEBUG] Family group F0250: 3 items added to CSV
[2026-03-13 15:35:33] [DEBUG] Clicked and typed at (712,135): F0251
[2026-03-13 15:35:36] [DEBUG] Poll #5 active window: 'GOLD PRD - \\Remote'
[2026-03-13 15:35:37] [DEBUG] Poll #10 active window: 'GOLD PRD - \\Remote'
[2026-03-13 15:35:38] [DEBUG] Poll #15 active window: 'GOLD PRD - \\Remote'
[2026-03-13 15:35:39] [DEBUG] Poll #20 active window: 'GOLD PRD - \\Remote'
[2026-03-13 15:35:40] [DEBUG] Poll #25 active window: 'GOLD PRD - \\Remote'
[2026-03-13 15:35:41] [DEBUG] Poll #30 active window: 'GOLD PRD - \\Remote'
[2026-03-13 15:35:42] [DEBUG] Poll #35 active window: 'GOLD PRD - \\Remote'
[2026-03-13 15:35:43] [DEBUG] Poll #40 active window: 'GOLD PRD - \\Remote'
[2026-03-13 15:35:43] [DEBUG] Waiting for color CCCCCC to disappear at (623,653)
[2026-03-13 15:35:43] [DEBUG] Color changed from CCCCCC to E2E8FB — loading complete
[2026-03-13 15:35:51] [DEBUG] Added 2 items to CSV for: D0025 - GROCERY - EDIBLE > S0010 - BISCUITS > C0052 - EVERYDAY BISCUIT > F0251
[2026-03-13 15:35:51] [DEBUG] Family group F0251: 2 items added to CSV
[2026-03-13 15:35:52] [DEBUG] Clicked and typed at (712,135): F0252
[2026-03-13 15:35:55] [DEBUG] Poll #5 active window: 'GOLD PRD - \\Remote'
[2026-03-13 15:35:56] [DEBUG] Poll #10 active window: 'GOLD PRD - \\Remote'
[2026-03-13 15:35:57] [DEBUG] Poll #15 active window: 'GOLD PRD - \\Remote'
[2026-03-13 15:35:58] [DEBUG] Poll #20 active window: 'GOLD PRD - \\Remote'
[2026-03-13 15:35:59] [DEBUG] Poll #25 active window: 'GOLD PRD - \\Remote'
[2026-03-13 15:36:00] [DEBUG] Poll #30 active window: 'GOLD PRD - \\Remote'
[2026-03-13 15:36:01] [DEBUG] Poll #35 active window: 'GOLD PRD - \\Remote'
[2026-03-13 15:36:02] [DEBUG] Poll #40 active window: 'GOLD PRD - \\Remote'
[2026-03-13 15:36:02] [DEBUG] Waiting for color CCCCCC to disappear at (623,653)
[2026-03-13 15:36:19] [DEBUG] Color changed from CCCCCC to FFFFFF — loading complete
[2026-03-13 15:36:26] [DEBUG] Added 23 items to CSV for: D0025 - GROCERY - EDIBLE > S0010 - BISCUITS > C0052 - EVERYDAY BISCUIT > F0252
[2026-03-13 15:36:26] [DEBUG] Family group F0252: 23 items added to CSV
[2026-03-13 15:36:28] [DEBUG] Clicked and typed at (712,135): F0253
[2026-03-13 15:36:31] [DEBUG] Poll #5 active window: 'GOLD PRD - \\Remote'
[2026-03-13 15:36:32] [DEBUG] Poll #10 active window: 'GOLD PRD - \\Remote'
[2026-03-13 15:36:33] [DEBUG] Poll #15 active window: 'GOLD PRD - \\Remote'
[2026-03-13 15:36:34] [DEBUG] Poll #20 active window: 'GOLD PRD - \\Remote'
[2026-03-13 15:36:35] [DEBUG] Poll #25 active window: 'GOLD PRD - \\Remote'
[2026-03-13 15:36:36] [DEBUG] Poll #30 active window: 'GOLD PRD - \\Remote'
[2026-03-13 15:36:37] [DEBUG] Poll #35 active window: 'GOLD PRD - \\Remote'
[2026-03-13 15:36:38] [DEBUG] Poll #40 active window: 'GOLD PRD - \\Remote'
[2026-03-13 15:36:38] [DEBUG] Waiting for color CCCCCC to disappear at (623,653)
[2026-03-13 15:36:38] [DEBUG] Color changed from CCCCCC to E2E8FB — loading complete
[2026-03-13 15:36:45] [DEBUG] Added 4 items to CSV for: D0025 - GROCERY - EDIBLE > S0010 - BISCUITS > C0052 - EVERYDAY BISCUIT > F0253
[2026-03-13 15:36:45] [DEBUG] Family group F0253: 4 items added to CSV
[2026-03-13 15:36:47] [DEBUG] Clicked and typed at (712,135): F0254
[2026-03-13 15:36:50] [DEBUG] Poll #5 active window: 'GOLD PRD - \\Remote'
[2026-03-13 15:36:51] [DEBUG] Poll #10 active window: 'GOLD PRD - \\Remote'
[2026-03-13 15:36:52] [DEBUG] Poll #15 active window: 'GOLD PRD - \\Remote'
[2026-03-13 15:36:53] [DEBUG] Poll #20 active window: 'GOLD PRD - \\Remote'
[2026-03-13 15:36:54] [DEBUG] Poll #25 active window: 'GOLD PRD - \\Remote'
[2026-03-13 15:36:55] [DEBUG] Poll #30 active window: 'GOLD PRD - \\Remote'
[2026-03-13 15:36:56] [DEBUG] Poll #35 active window: 'GOLD PRD - \\Remote'
[2026-03-13 15:36:57] [DEBUG] Poll #40 active window: 'GOLD PRD - \\Remote'
[2026-03-13 15:36:57] [DEBUG] Waiting for color CCCCCC to disappear at (623,653)
[2026-03-13 15:36:57] [DEBUG] Color changed from CCCCCC to E2E8FB — loading complete
[2026-03-13 15:37:04] [DEBUG] Added 2 items to CSV for: D0025 - GROCERY - EDIBLE > S0010 - BISCUITS > C0052 - EVERYDAY BISCUIT > F0254
[2026-03-13 15:37:04] [DEBUG] Family group F0254: 2 items added to CSV
[2026-03-13 15:37:06] [DEBUG] Clicked and typed at (712,135): F0255
[2026-03-13 15:37:09] [DEBUG] Poll #5 active window: 'GOLD PRD - \\Remote'
[2026-03-13 15:37:10] [DEBUG] Poll #10 active window: 'GOLD PRD - \\Remote'
[2026-03-13 15:37:11] [DEBUG] Poll #15 active window: 'GOLD PRD - \\Remote'
[2026-03-13 15:37:12] [DEBUG] Poll #20 active window: 'GOLD PRD - \\Remote'
[2026-03-13 15:37:13] [DEBUG] Poll #25 active window: 'GOLD PRD - \\Remote'
[2026-03-13 15:37:14] [DEBUG] Poll #30 active window: 'GOLD PRD - \\Remote'
[2026-03-13 15:37:15] [DEBUG] Poll #35 active window: 'GOLD PRD - \\Remote'
[2026-03-13 15:37:16] [DEBUG] Poll #40 active window: 'GOLD PRD - \\Remote'
[2026-03-13 15:37:16] [DEBUG] Waiting for color CCCCCC to disappear at (623,653)
[2026-03-13 15:37:21] [DEBUG] Color changed from CCCCCC to FFFFFF — loading complete
[2026-03-13 15:37:28] [DEBUG] Added 12 items to CSV for: D0025 - GROCERY - EDIBLE > S0010 - BISCUITS > C0053 - EVERYDAY BISCUIT TREAT > F0255
[2026-03-13 15:37:28] [DEBUG] Family group F0255: 12 items added to CSV
[2026-03-13 15:37:30] [DEBUG] Clicked and typed at (712,135): F0256
[2026-03-13 15:37:33] [DEBUG] Poll #5 active window: 'GOLD PRD - \\Remote'
[2026-03-13 15:37:34] [DEBUG] Poll #10 active window: 'GOLD PRD - \\Remote'
[2026-03-13 15:37:35] [DEBUG] Poll #15 active window: 'GOLD PRD - \\Remote'
[2026-03-13 15:37:36] [DEBUG] Poll #20 active window: 'GOLD PRD - \\Remote'
[2026-03-13 15:37:37] [DEBUG] Poll #25 active window: 'GOLD PRD - \\Remote'
[2026-03-13 15:37:38] [DEBUG] Poll #30 active window: 'GOLD PRD - \\Remote'
[2026-03-13 15:37:39] [DEBUG] Poll #35 active window: 'GOLD PRD - \\Remote'
[2026-03-13 15:37:40] [DEBUG] Poll #40 active window: 'GOLD PRD - \\Remote'
[2026-03-13 15:37:40] [DEBUG] Waiting for color CCCCCC to disappear at (623,653)
[2026-03-13 15:37:40] [DEBUG] Color changed from CCCCCC to FFFFFF — loading complete
[2026-03-13 15:37:47] [DEBUG] Added 3 items to CSV for: D0025 - GROCERY - EDIBLE > S0010 - BISCUITS > C0053 - EVERYDAY BISCUIT TREAT > F0256
[2026-03-13 15:37:47] [DEBUG] Family group F0256: 3 items added to CSV
[2026-03-13 15:37:49] [DEBUG] Clicked and typed at (712,135): F0257
[2026-03-13 15:37:52] [DEBUG] Poll #5 active window: 'GOLD PRD - \\Remote'
[2026-03-13 15:37:53] [DEBUG] Poll #10 active window: 'GOLD PRD - \\Remote'
[2026-03-13 15:37:54] [DEBUG] Poll #15 active window: 'GOLD PRD - \\Remote'
[2026-03-13 15:37:55] [DEBUG] Poll #20 active window: 'GOLD PRD - \\Remote'
[2026-03-13 15:37:56] [DEBUG] Poll #25 active window: 'GOLD PRD - \\Remote'
[2026-03-13 15:37:57] [DEBUG] Poll #30 active window: 'GOLD PRD - \\Remote'
[2026-03-13 15:37:58] [DEBUG] Poll #35 active window: 'GOLD PRD - \\Remote'
[2026-03-13 15:37:59] [DEBUG] Poll #40 active window: 'GOLD PRD - \\Remote'
[2026-03-13 15:37:59] [DEBUG] Waiting for color CCCCCC to disappear at (623,653)
[2026-03-13 15:37:59] [DEBUG] Color changed from CCCCCC to E2E8FB — loading complete
[2026-03-13 15:38:07] [DEBUG] Added 3 items to CSV for: D0025 - GROCERY - EDIBLE > S0010 - BISCUITS > C0053 - EVERYDAY BISCUIT TREAT > F0257
[2026-03-13 15:38:07] [DEBUG] Family group F0257: 3 items added to CSV
[2026-03-13 15:38:08] [DEBUG] Clicked and typed at (712,135): F0258
[2026-03-13 15:38:11] [DEBUG] Poll #5 active window: 'GOLD PRD - \\Remote'
[2026-03-13 15:38:12] [DEBUG] Poll #10 active window: 'GOLD PRD - \\Remote'
[2026-03-13 15:38:13] [DEBUG] Poll #15 active window: 'GOLD PRD - \\Remote'
[2026-03-13 15:38:14] [DEBUG] Poll #20 active window: 'GOLD PRD - \\Remote'
[2026-03-13 15:38:16] [DEBUG] Poll #25 active window: 'GOLD PRD - \\Remote'
[2026-03-13 15:38:17] [DEBUG] Poll #30 active window: 'GOLD PRD - \\Remote'
[2026-03-13 15:38:18] [DEBUG] Poll #35 active window: 'GOLD PRD - \\Remote'
[2026-03-13 15:38:19] [DEBUG] Poll #40 active window: 'GOLD PRD - \\Remote'
[2026-03-13 15:38:19] [DEBUG] Waiting for color CCCCCC to disappear at (623,653)
[2026-03-13 15:38:23] [DEBUG] Color changed from CCCCCC to FFFFFF — loading complete
[2026-03-13 15:38:30] [DEBUG] Added 16 items to CSV for: D0025 - GROCERY - EDIBLE > S0010 - BISCUITS > C0053 - EVERYDAY BISCUIT TREAT > F0258
[2026-03-13 15:38:30] [DEBUG] Family group F0258: 16 items added to CSV
[2026-03-13 15:38:31] [DEBUG] Clicked and typed at (712,135): F0259
[2026-03-13 15:38:34] [DEBUG] Poll #5 active window: 'GOLD PRD - \\Remote'
[2026-03-13 15:38:35] [DEBUG] Poll #10 active window: 'GOLD PRD - \\Remote'
[2026-03-13 15:38:37] [DEBUG] Poll #15 active window: 'GOLD PRD - \\Remote'
[2026-03-13 15:38:38] [DEBUG] Poll #20 active window: 'GOLD PRD - \\Remote'
[2026-03-13 15:38:39] [DEBUG] Poll #25 active window: 'GOLD PRD - \\Remote'
[2026-03-13 15:38:40] [DEBUG] Poll #30 active window: 'GOLD PRD - \\Remote'
[2026-03-13 15:38:41] [DEBUG] Poll #35 active window: 'GOLD PRD - \\Remote'
[2026-03-13 15:38:42] [DEBUG] Poll #40 active window: 'GOLD PRD - \\Remote'
[2026-03-13 15:38:42] [DEBUG] Waiting for color CCCCCC to disappear at (623,653)
[2026-03-13 15:38:42] [DEBUG] Color changed from CCCCCC to FFFFFF — loading complete
[2026-03-13 15:38:49] [DEBUG] Added 5 items to CSV for: D0025 - GROCERY - EDIBLE > S0010 - BISCUITS > C0053 - EVERYDAY BISCUIT TREAT > F0259
[2026-03-13 15:38:49] [DEBUG] Family group F0259: 5 items added to CSV
[2026-03-13 15:38:51] [DEBUG] Clicked and typed at (712,135): F0260
[2026-03-13 15:38:54] [DEBUG] Poll #5 active window: 'GOLD PRD - \\Remote'
[2026-03-13 15:38:55] [DEBUG] Poll #10 active window: 'GOLD PRD - \\Remote'
[2026-03-13 15:38:56] [DEBUG] Poll #15 active window: 'GOLD PRD - \\Remote'
[2026-03-13 15:38:57] [DEBUG] Poll #20 active window: 'GOLD PRD - \\Remote'
[2026-03-13 15:38:58] [DEBUG] Poll #25 active window: 'GOLD PRD - \\Remote'
[2026-03-13 15:38:59] [DEBUG] Poll #30 active window: 'GOLD PRD - \\Remote'
[2026-03-13 15:39:00] [DEBUG] Poll #35 active window: 'GOLD PRD - \\Remote'
[2026-03-13 15:39:01] [DEBUG] Poll #40 active window: 'GOLD PRD - \\Remote'
[2026-03-13 15:39:01] [DEBUG] Waiting for color CCCCCC to disappear at (623,653)
[2026-03-13 15:39:01] [DEBUG] Color changed from CCCCCC to FFFFFF — loading complete
[2026-03-13 15:39:08] [DEBUG] Added 3 items to CSV for: D0025 - GROCERY - EDIBLE > S0010 - BISCUITS > C0053 - EVERYDAY BISCUIT TREAT > F0260
[2026-03-13 15:39:08] [DEBUG] Family group F0260: 3 items added to CSV
[2026-03-13 15:39:10] [DEBUG] Clicked and typed at (712,135): F0261
[2026-03-13 15:39:13] [DEBUG] Poll #5 active window: 'GOLD PRD - \\Remote'
[2026-03-13 15:39:14] [DEBUG] Poll #10 active window: 'GOLD PRD - \\Remote'
[2026-03-13 15:39:15] [DEBUG] Poll #15 active window: 'GOLD PRD - \\Remote'
[2026-03-13 15:39:16] [DEBUG] Poll #20 active window: 'GOLD PRD - \\Remote'
[2026-03-13 15:39:17] [DEBUG] Poll #25 active window: 'GOLD PRD - \\Remote'
[2026-03-13 15:39:18] [DEBUG] Poll #30 active window: 'GOLD PRD - \\Remote'
[2026-03-13 15:39:19] [DEBUG] Poll #35 active window: 'GOLD PRD - \\Remote'
[2026-03-13 15:39:20] [DEBUG] Poll #40 active window: 'GOLD PRD - \\Remote'
[2026-03-13 15:39:20] [DEBUG] Waiting for color CCCCCC to disappear at (623,653)
[2026-03-13 15:39:23] [DEBUG] Color changed from CCCCCC to FFFFFF — loading complete
[2026-03-13 15:39:31] [DEBUG] Added 13 items to CSV for: D0025 - GROCERY - EDIBLE > S0010 - BISCUITS > C0053 - EVERYDAY BISCUIT TREAT > F0261
[2026-03-13 15:39:31] [DEBUG] Family group F0261: 13 items added to CSV
[2026-03-13 15:39:32] [DEBUG] Clicked and typed at (712,135): F0262
[2026-03-13 15:39:35] [DEBUG] Poll #5 active window: 'GOLD PRD - \\Remote'
[2026-03-13 15:39:36] [DEBUG] Poll #10 active window: 'GOLD PRD - \\Remote'
[2026-03-13 15:39:37] [DEBUG] Poll #15 active window: 'GOLD PRD - \\Remote'
[2026-03-13 15:39:38] [DEBUG] Poll #20 active window: 'GOLD PRD - \\Remote'
[2026-03-13 15:39:39] [DEBUG] Poll #25 active window: 'GOLD PRD - \\Remote'
[2026-03-13 15:39:40] [DEBUG] Poll #30 active window: 'GOLD PRD - \\Remote'
[2026-03-13 15:39:41] [DEBUG] Poll #35 active window: 'GOLD PRD - \\Remote'
[2026-03-13 15:39:42] [DEBUG] Poll #40 active window: 'GOLD PRD - \\Remote'
[2026-03-13 15:39:42] [DEBUG] Waiting for color CCCCCC to disappear at (623,653)
[2026-03-13 15:39:43] [DEBUG] Color changed from CCCCCC to E2E8FB — loading complete
[2026-03-13 15:39:50] [DEBUG] No valid items found in clipboard for family group: F0262
[2026-03-13 15:39:50] [DEBUG] Family group F0262: 0 items added to CSV
[2026-03-13 15:39:52] [DEBUG] Clicked and typed at (712,135): F0263
[2026-03-13 15:39:55] [DEBUG] Poll #5 active window: 'GOLD PRD - \\Remote'
[2026-03-13 15:39:56] [DEBUG] Poll #10 active window: 'GOLD PRD - \\Remote'
[2026-03-13 15:39:57] [DEBUG] Poll #15 active window: 'GOLD PRD - \\Remote'
[2026-03-13 15:39:58] [DEBUG] Poll #20 active window: 'GOLD PRD - \\Remote'
[2026-03-13 15:39:59] [DEBUG] Poll #25 active window: 'GOLD PRD - \\Remote'
[2026-03-13 15:40:00] [DEBUG] Poll #30 active window: 'GOLD PRD - \\Remote'
[2026-03-13 15:40:01] [DEBUG] Poll #35 active window: 'GOLD PRD - \\Remote'
[2026-03-13 15:40:02] [DEBUG] Poll #40 active window: 'GOLD PRD - \\Remote'
[2026-03-13 15:40:02] [DEBUG] Waiting for color CCCCCC to disappear at (623,653)
[2026-03-13 15:40:02] [DEBUG] Color changed from CCCCCC to E2E8FB — loading complete
[2026-03-13 15:40:09] [DEBUG] Added 10 items to CSV for: D0025 - GROCERY - EDIBLE > S0010 - BISCUITS > C0053 - EVERYDAY BISCUIT TREAT > F0263
[2026-03-13 15:40:09] [DEBUG] Family group F0263: 10 items added to CSV
[2026-03-13 15:40:11] [DEBUG] Clicked and typed at (712,135): F0264
[2026-03-13 15:40:14] [DEBUG] Poll #5 active window: 'GOLD PRD - \\Remote'
[2026-03-13 15:40:15] [DEBUG] Poll #10 active window: 'GOLD PRD - \\Remote'
[2026-03-13 15:40:16] [DEBUG] Poll #15 active window: 'GOLD PRD - \\Remote'
[2026-03-13 15:40:17] [DEBUG] Poll #20 active window: 'GOLD PRD - \\Remote'
[2026-03-13 15:40:18] [DEBUG] Poll #25 active window: 'GOLD PRD - \\Remote'
[2026-03-13 15:40:19] [DEBUG] Poll #30 active window: 'GOLD PRD - \\Remote'
[2026-03-13 15:40:20] [DEBUG] Poll #35 active window: 'GOLD PRD - \\Remote'
[2026-03-13 15:40:21] [DEBUG] Poll #40 active window: 'GOLD PRD - \\Remote'
[2026-03-13 15:40:21] [DEBUG] Waiting for color CCCCCC to disappear at (623,653)
[2026-03-13 15:40:21] [DEBUG] Color changed from CCCCCC to E2E8FB — loading complete
[2026-03-13 15:40:28] [DEBUG] No valid items found in clipboard for family group: F0264
[2026-03-13 15:40:28] [DEBUG] Family group F0264: 0 items added to CSV
[2026-03-13 15:40:30] [DEBUG] Clicked and typed at (712,135): F0265
[2026-03-13 15:40:33] [DEBUG] Poll #5 active window: 'GOLD PRD - \\Remote'
[2026-03-13 15:40:34] [DEBUG] Poll #10 active window: 'GOLD PRD - \\Remote'
[2026-03-13 15:40:35] [DEBUG] Poll #15 active window: 'GOLD PRD - \\Remote'
[2026-03-13 15:40:36] [DEBUG] Poll #20 active window: 'GOLD PRD - \\Remote'
[2026-03-13 15:40:37] [DEBUG] Poll #25 active window: 'GOLD PRD - \\Remote'
[2026-03-13 15:40:38] [DEBUG] Poll #30 active window: 'GOLD PRD - \\Remote'
[2026-03-13 15:40:39] [DEBUG] Poll #35 active window: 'GOLD PRD - \\Remote'
[2026-03-13 15:40:40] [DEBUG] Poll #40 active window: 'GOLD PRD - \\Remote'
[2026-03-13 15:40:40] [DEBUG] Waiting for color CCCCCC to disappear at (623,653)
[2026-03-13 15:40:40] [DEBUG] Color changed from CCCCCC to FFFFFF — loading complete
[2026-03-13 15:40:47] [DEBUG] Added 4 items to CSV for: D0025 - GROCERY - EDIBLE > S0010 - BISCUITS > C0054 - HEALTHIER BISCUITS > F0265
[2026-03-13 15:40:47] [DEBUG] Family group F0265: 4 items added to CSV
[2026-03-13 15:40:49] [DEBUG] Clicked and typed at (712,135): F0266
[2026-03-13 15:40:52] [DEBUG] Poll #5 active window: 'GOLD PRD - \\Remote'
[2026-03-13 15:40:53] [DEBUG] Poll #10 active window: 'GOLD PRD - \\Remote'
[2026-03-13 15:40:54] [DEBUG] Poll #15 active window: 'GOLD PRD - \\Remote'
[2026-03-13 15:40:55] [DEBUG] Poll #20 active window: 'GOLD PRD - \\Remote'
[2026-03-13 15:40:56] [DEBUG] Poll #25 active window: 'GOLD PRD - \\Remote'
[2026-03-13 15:40:57] [DEBUG] Poll #30 active window: 'GOLD PRD - \\Remote'
[2026-03-13 15:40:58] [DEBUG] Poll #35 active window: 'GOLD PRD - \\Remote'
[2026-03-13 15:40:59] [DEBUG] Poll #40 active window: 'GOLD PRD - \\Remote'
[2026-03-13 15:40:59] [DEBUG] Waiting for color CCCCCC to disappear at (623,653)
[2026-03-13 15:40:59] [DEBUG] Color changed from CCCCCC to E2E8FB — loading complete
[2026-03-13 15:41:06] [DEBUG] No valid items found in clipboard for family group: F0266
[2026-03-13 15:41:06] [DEBUG] Family group F0266: 0 items added to CSV
[2026-03-13 15:41:08] [DEBUG] Clicked and typed at (712,135): F0267
[2026-03-13 15:41:11] [DEBUG] Poll #5 active window: 'GOLD PRD - \\Remote'
[2026-03-13 15:41:12] [DEBUG] Poll #10 active window: 'GOLD PRD - \\Remote'
[2026-03-13 15:41:13] [DEBUG] Poll #15 active window: 'GOLD PRD - \\Remote'
[2026-03-13 15:41:14] [DEBUG] Poll #20 active window: 'GOLD PRD - \\Remote'
[2026-03-13 15:41:15] [DEBUG] Poll #25 active window: 'GOLD PRD - \\Remote'
[2026-03-13 15:41:16] [DEBUG] Poll #30 active window: 'GOLD PRD - \\Remote'
[2026-03-13 15:41:17] [DEBUG] Poll #35 active window: 'GOLD PRD - \\Remote'
[2026-03-13 15:41:18] [DEBUG] Poll #40 active window: 'GOLD PRD - \\Remote'
[2026-03-13 15:41:18] [DEBUG] Waiting for color CCCCCC to disappear at (623,653)
[2026-03-13 15:41:31] [DEBUG] Color changed from CCCCCC to FFFFFF — loading complete
[2026-03-13 15:41:38] [DEBUG] Added 34 items to CSV for: D0025 - GROCERY - EDIBLE > S0010 - BISCUITS > C0054 - HEALTHIER BISCUITS > F0267
[2026-03-13 15:41:38] [DEBUG] Family group F0267: 34 items added to CSV
[2026-03-13 15:41:40] [DEBUG] Clicked and typed at (712,135): F0268
[2026-03-13 15:41:43] [DEBUG] Poll #5 active window: 'GOLD PRD - \\Remote'
[2026-03-13 15:41:44] [DEBUG] Poll #10 active window: 'GOLD PRD - \\Remote'
[2026-03-13 15:41:45] [DEBUG] Poll #15 active window: 'GOLD PRD - \\Remote'
[2026-03-13 15:41:46] [DEBUG] Poll #20 active window: 'GOLD PRD - \\Remote'
[2026-03-13 15:41:47] [DEBUG] Poll #25 active window: 'GOLD PRD - \\Remote'
[2026-03-13 15:41:48] [DEBUG] Poll #30 active window: 'GOLD PRD - \\Remote'
[2026-03-13 15:41:49] [DEBUG] Poll #35 active window: 'GOLD PRD - \\Remote'
[2026-03-13 15:41:50] [DEBUG] Poll #40 active window: 'GOLD PRD - \\Remote'
[2026-03-13 15:41:50] [DEBUG] Waiting for color CCCCCC to disappear at (623,653)
[2026-03-13 15:41:50] [DEBUG] Color changed from CCCCCC to E2E8FB — loading complete
[2026-03-13 15:41:57] [DEBUG] Added 1 items to CSV for: D0025 - GROCERY - EDIBLE > S0010 - BISCUITS > C0055 - IMPULSE BISCUITS > F0268
[2026-03-13 15:41:57] [DEBUG] Family group F0268: 1 items added to CSV
[2026-03-13 15:41:59] [DEBUG] Clicked and typed at (712,135): F0269
[2026-03-13 15:42:02] [DEBUG] Poll #5 active window: 'GOLD PRD - \\Remote'
[2026-03-13 15:42:03] [DEBUG] Poll #10 active window: 'GOLD PRD - \\Remote'
[2026-03-13 15:42:04] [DEBUG] Poll #15 active window: 'GOLD PRD - \\Remote'
[2026-03-13 15:42:05] [DEBUG] Poll #20 active window: 'GOLD PRD - \\Remote'
[2026-03-13 15:42:06] [DEBUG] Poll #25 active window: 'GOLD PRD - \\Remote'
[2026-03-13 15:42:07] [DEBUG] Poll #30 active window: 'GOLD PRD - \\Remote'
[2026-03-13 15:42:08] [DEBUG] Poll #35 active window: 'GOLD PRD - \\Remote'
[2026-03-13 15:42:09] [DEBUG] Poll #40 active window: 'GOLD PRD - \\Remote'
[2026-03-13 15:42:09] [DEBUG] Waiting for color CCCCCC to disappear at (623,653)
[2026-03-13 15:42:09] [DEBUG] Color changed from CCCCCC to E2E8FB — loading complete
[2026-03-13 15:42:17] [DEBUG] Added 1 items to CSV for: D0025 - GROCERY - EDIBLE > S0010 - BISCUITS > C0055 - IMPULSE BISCUITS > F0269
[2026-03-13 15:42:17] [DEBUG] Family group F0269: 1 items added to CSV
[2026-03-13 15:42:18] [DEBUG] Clicked and typed at (712,135): F0271
[2026-03-13 15:42:21] [DEBUG] Poll #5 active window: 'GOLD PRD - \\Remote'
[2026-03-13 15:42:22] [DEBUG] Poll #10 active window: 'GOLD PRD - \\Remote'
[2026-03-13 15:42:23] [DEBUG] Poll #15 active window: 'GOLD PRD - \\Remote'
[2026-03-13 15:42:24] [DEBUG] Poll #20 active window: 'GOLD PRD - \\Remote'
[2026-03-13 15:42:25] [DEBUG] Poll #25 active window: 'GOLD PRD - \\Remote'
[2026-03-13 15:42:26] [DEBUG] Poll #30 active window: 'GOLD PRD - \\Remote'
[2026-03-13 15:42:27] [DEBUG] Poll #35 active window: 'GOLD PRD - \\Remote'
[2026-03-13 15:42:28] [DEBUG] Poll #40 active window: 'GOLD PRD - \\Remote'
[2026-03-13 15:42:28] [DEBUG] Waiting for color CCCCCC to disappear at (623,653)
[2026-03-13 15:42:28] [DEBUG] Color changed from CCCCCC to E2E8FB — loading complete
[2026-03-13 15:42:36] [DEBUG] Added 4 items to CSV for: D0025 - GROCERY - EDIBLE > S0010 - BISCUITS > C0055 - IMPULSE BISCUITS > F0271
[2026-03-13 15:42:36] [DEBUG] Family group F0271: 4 items added to CSV
[2026-03-13 15:42:37] [DEBUG] Clicked and typed at (712,135): F0272
[2026-03-13 15:42:40] [DEBUG] Poll #5 active window: 'GOLD PRD - \\Remote'
[2026-03-13 15:42:42] [DEBUG] Poll #10 active window: 'GOLD PRD - \\Remote'
[2026-03-13 15:42:43] [DEBUG] Poll #15 active window: 'GOLD PRD - \\Remote'
[2026-03-13 15:42:44] [DEBUG] Poll #20 active window: 'GOLD PRD - \\Remote'
[2026-03-13 15:42:45] [DEBUG] Poll #25 active window: 'GOLD PRD - \\Remote'
[2026-03-13 15:42:46] [DEBUG] Poll #30 active window: 'GOLD PRD - \\Remote'
[2026-03-13 15:42:47] [DEBUG] Poll #35 active window: 'GOLD PRD - \\Remote'
[2026-03-13 15:42:48] [DEBUG] Poll #40 active window: 'GOLD PRD - \\Remote'
[2026-03-13 15:42:48] [DEBUG] Waiting for color CCCCCC to disappear at (623,653)
[2026-03-13 15:42:48] [DEBUG] Color changed from CCCCCC to E2E8FB — loading complete
[2026-03-13 15:42:55] [DEBUG] Added 4 items to CSV for: D0025 - GROCERY - EDIBLE > S0010 - BISCUITS > C0056 - SAVOURY BISCUITS > F0272
[2026-03-13 15:42:55] [DEBUG] Family group F0272: 4 items added to CSV
[2026-03-13 15:42:57] [DEBUG] Clicked and typed at (712,135): F0273
[2026-03-13 15:43:00] [DEBUG] Poll #5 active window: 'GOLD PRD - \\Remote'
[2026-03-13 15:43:01] [DEBUG] Poll #10 active window: 'GOLD PRD - \\Remote'
[2026-03-13 15:43:02] [DEBUG] Poll #15 active window: 'GOLD PRD - \\Remote'
[2026-03-13 15:43:03] [DEBUG] Poll #20 active window: 'GOLD PRD - \\Remote'
[2026-03-13 15:43:04] [DEBUG] Poll #25 active window: 'GOLD PRD - \\Remote'
[2026-03-13 15:43:05] [DEBUG] Poll #30 active window: 'GOLD PRD - \\Remote'
[2026-03-13 15:43:06] [DEBUG] Poll #35 active window: 'GOLD PRD - \\Remote'
[2026-03-13 15:43:07] [DEBUG] Poll #40 active window: 'GOLD PRD - \\Remote'
[2026-03-13 15:43:07] [DEBUG] Waiting for color CCCCCC to disappear at (623,653)
[2026-03-13 15:43:08] [DEBUG] Color changed from CCCCCC to FFFFFF — loading complete
[2026-03-13 15:43:15] [DEBUG] Added 13 items to CSV for: D0025 - GROCERY - EDIBLE > S0010 - BISCUITS > C0056 - SAVOURY BISCUITS > F0273
[2026-03-13 15:43:15] [DEBUG] Family group F0273: 13 items added to CSV
[2026-03-13 15:43:17] [DEBUG] Clicked and typed at (712,135): F0274
[2026-03-13 15:43:20] [DEBUG] Poll #5 active window: 'GOLD PRD - \\Remote'
[2026-03-13 15:43:21] [DEBUG] Poll #10 active window: 'GOLD PRD - \\Remote'
[2026-03-13 15:43:22] [DEBUG] Poll #15 active window: 'GOLD PRD - \\Remote'
[2026-03-13 15:43:23] [DEBUG] Poll #20 active window: 'GOLD PRD - \\Remote'
[2026-03-13 15:43:24] [DEBUG] Poll #25 active window: 'GOLD PRD - \\Remote'
[2026-03-13 15:43:25] [DEBUG] Poll #30 active window: 'GOLD PRD - \\Remote'
[2026-03-13 15:43:26] [DEBUG] Poll #35 active window: 'GOLD PRD - \\Remote'
[2026-03-13 15:43:27] [DEBUG] Poll #40 active window: 'GOLD PRD - \\Remote'
[2026-03-13 15:43:27] [DEBUG] Waiting for color CCCCCC to disappear at (623,653)
[2026-03-13 15:43:27] [DEBUG] Color changed from CCCCCC to FFFFFF — loading complete
[2026-03-13 15:43:34] [DEBUG] Added 6 items to CSV for: D0025 - GROCERY - EDIBLE > S0010 - BISCUITS > C0056 - SAVOURY BISCUITS > F0274
[2026-03-13 15:43:34] [DEBUG] Family group F0274: 6 items added to CSV
[2026-03-13 15:43:36] [DEBUG] Clicked and typed at (712,135): F0275
[2026-03-13 15:43:39] [DEBUG] Poll #5 active window: 'GOLD PRD - \\Remote'
[2026-03-13 15:43:40] [DEBUG] Poll #10 active window: 'GOLD PRD - \\Remote'
[2026-03-13 15:43:41] [DEBUG] Poll #15 active window: 'GOLD PRD - \\Remote'
[2026-03-13 15:43:42] [DEBUG] Poll #20 active window: 'GOLD PRD - \\Remote'
[2026-03-13 15:43:43] [DEBUG] Poll #25 active window: 'GOLD PRD - \\Remote'
[2026-03-13 15:43:44] [DEBUG] Poll #30 active window: 'GOLD PRD - \\Remote'
[2026-03-13 15:43:45] [DEBUG] Poll #35 active window: 'GOLD PRD - \\Remote'
[2026-03-13 15:43:46] [DEBUG] Poll #40 active window: 'GOLD PRD - \\Remote'
[2026-03-13 15:43:46] [DEBUG] Waiting for color CCCCCC to disappear at (623,653)
[2026-03-13 15:43:46] [DEBUG] Color changed from CCCCCC to FFFFFF — loading complete
[2026-03-13 15:43:54] [DEBUG] Added 14 items to CSV for: D0025 - GROCERY - EDIBLE > S0010 - BISCUITS > C0056 - SAVOURY BISCUITS > F0275
[2026-03-13 15:43:54] [DEBUG] Family group F0275: 14 items added to CSV
[2026-03-13 15:43:55] [DEBUG] Clicked and typed at (712,135): F0276
[2026-03-13 15:43:58] [DEBUG] Poll #5 active window: 'GOLD PRD - \\Remote'
[2026-03-13 15:43:59] [DEBUG] Poll #10 active window: 'GOLD PRD - \\Remote'
[2026-03-13 15:44:00] [DEBUG] Poll #15 active window: 'GOLD PRD - \\Remote'
[2026-03-13 15:44:01] [DEBUG] Poll #20 active window: 'GOLD PRD - \\Remote'
[2026-03-13 15:44:02] [DEBUG] Poll #25 active window: 'GOLD PRD - \\Remote'
[2026-03-13 15:44:03] [DEBUG] Poll #30 active window: 'GOLD PRD - \\Remote'
[2026-03-13 15:44:04] [DEBUG] Poll #35 active window: 'GOLD PRD - \\Remote'
[2026-03-13 15:44:05] [DEBUG] Poll #40 active window: 'GOLD PRD - \\Remote'
[2026-03-13 15:44:05] [DEBUG] Waiting for color CCCCCC to disappear at (623,653)
[2026-03-13 15:44:06] [DEBUG] Color changed from CCCCCC to E2E8FB — loading complete
[2026-03-13 15:44:13] [DEBUG] Added 2 items to CSV for: D0025 - GROCERY - EDIBLE > S0010 - BISCUITS > C0056 - SAVOURY BISCUITS > F0276
[2026-03-13 15:44:13] [DEBUG] Family group F0276: 2 items added to CSV
[2026-03-13 15:44:14] [DEBUG] Clicked and typed at (712,135): F0278
[2026-03-13 15:44:18] [DEBUG] Poll #5 active window: 'GOLD PRD - \\Remote'
[2026-03-13 15:44:19] [DEBUG] Poll #10 active window: 'GOLD PRD - \\Remote'
[2026-03-13 15:44:20] [DEBUG] Poll #15 active window: 'GOLD PRD - \\Remote'
[2026-03-13 15:44:21] [DEBUG] Poll #20 active window: 'GOLD PRD - \\Remote'
[2026-03-13 15:44:22] [DEBUG] Poll #25 active window: 'GOLD PRD - \\Remote'
[2026-03-13 15:44:23] [DEBUG] Poll #30 active window: 'GOLD PRD - \\Remote'
[2026-03-13 15:44:24] [DEBUG] Poll #35 active window: 'GOLD PRD - \\Remote'
[2026-03-13 15:44:25] [DEBUG] Poll #40 active window: 'GOLD PRD - \\Remote'
[2026-03-13 15:44:25] [DEBUG] Waiting for color CCCCCC to disappear at (623,653)
[2026-03-13 15:44:25] [DEBUG] Color changed from CCCCCC to E2E8FB — loading complete
[2026-03-13 15:44:32] [DEBUG] Added 2 items to CSV for: D0025 - GROCERY - EDIBLE > S0010 - BISCUITS > C0056 - SAVOURY BISCUITS > F0278
[2026-03-13 15:44:32] [DEBUG] Family group F0278: 2 items added to CSV
[2026-03-13 15:44:34] [DEBUG] Clicked and typed at (712,135): F0279
[2026-03-13 15:44:37] [DEBUG] Poll #5 active window: 'GOLD PRD - \\Remote'
[2026-03-13 15:44:38] [DEBUG] Poll #10 active window: 'GOLD PRD - \\Remote'
[2026-03-13 15:44:39] [DEBUG] Poll #15 active window: 'GOLD PRD - \\Remote'
[2026-03-13 15:44:40] [DEBUG] Poll #20 active window: 'GOLD PRD - \\Remote'
[2026-03-13 15:44:41] [DEBUG] Poll #25 active window: 'GOLD PRD - \\Remote'
[2026-03-13 15:44:42] [DEBUG] Poll #30 active window: 'GOLD PRD - \\Remote'
[2026-03-13 15:44:43] [DEBUG] Poll #35 active window: 'GOLD PRD - \\Remote'
[2026-03-13 15:44:44] [DEBUG] Poll #40 active window: 'GOLD PRD - \\Remote'
[2026-03-13 15:44:44] [DEBUG] Waiting for color CCCCCC to disappear at (623,653)
[2026-03-13 15:44:44] [DEBUG] Color changed from CCCCCC to E2E8FB — loading complete
[2026-03-13 15:44:51] [DEBUG] Added 4 items to CSV for: D0025 - GROCERY - EDIBLE > S0010 - BISCUITS > C0056 - SAVOURY BISCUITS > F0279
[2026-03-13 15:44:51] [DEBUG] Family group F0279: 4 items added to CSV
[2026-03-13 15:44:53] [DEBUG] Clicked and typed at (712,135): F0280
[2026-03-13 15:44:56] [DEBUG] Poll #5 active window: 'GOLD PRD - \\Remote'
[2026-03-13 15:44:57] [DEBUG] Poll #10 active window: 'GOLD PRD - \\Remote'
[2026-03-13 15:44:58] [DEBUG] Poll #15 active window: 'GOLD PRD - \\Remote'
[2026-03-13 15:44:59] [DEBUG] Poll #20 active window: 'GOLD PRD - \\Remote'
[2026-03-13 15:45:00] [DEBUG] Poll #25 active window: 'GOLD PRD - \\Remote'
[2026-03-13 15:45:01] [DEBUG] Poll #30 active window: 'GOLD PRD - \\Remote'
[2026-03-13 15:45:02] [DEBUG] Poll #35 active window: 'GOLD PRD - \\Remote'
[2026-03-13 15:45:03] [DEBUG] Poll #40 active window: 'GOLD PRD - \\Remote'
[2026-03-13 15:45:03] [DEBUG] Waiting for color CCCCCC to disappear at (623,653)
[2026-03-13 15:45:08] [DEBUG] Color changed from CCCCCC to FFFFFF — loading complete
[2026-03-13 15:45:15] [DEBUG] Added 17 items to CSV for: D0025 - GROCERY - EDIBLE > S0010 - BISCUITS > C0057 - SEASONAL TIN/BOXED BISCUITS > F0280
[2026-03-13 15:45:15] [DEBUG] Family group F0280: 17 items added to CSV
[2026-03-13 15:45:17] [DEBUG] Clicked and typed at (712,135): F0281
[2026-03-13 15:45:20] [DEBUG] Poll #5 active window: 'GOLD PRD - \\Remote'
[2026-03-13 15:45:21] [DEBUG] Poll #10 active window: 'GOLD PRD - \\Remote'
[2026-03-13 15:45:22] [DEBUG] Poll #15 active window: 'GOLD PRD - \\Remote'
[2026-03-13 15:45:23] [DEBUG] Poll #20 active window: 'GOLD PRD - \\Remote'
[2026-03-13 15:45:24] [DEBUG] Poll #25 active window: 'GOLD PRD - \\Remote'
[2026-03-13 15:45:25] [DEBUG] Poll #30 active window: 'GOLD PRD - \\Remote'
[2026-03-13 15:45:26] [DEBUG] Poll #35 active window: 'GOLD PRD - \\Remote'
[2026-03-13 15:45:27] [DEBUG] Poll #40 active window: 'GOLD PRD - \\Remote'
[2026-03-13 15:45:27] [DEBUG] Waiting for color CCCCCC to disappear at (623,653)
[2026-03-13 15:45:27] [DEBUG] Color changed from CCCCCC to FFFFFF — loading complete
[2026-03-13 15:45:34] [DEBUG] Added 3 items to CSV for: D0025 - GROCERY - EDIBLE > S0010 - BISCUITS > C0057 - SEASONAL TIN/BOXED BISCUITS > F0281
[2026-03-13 15:45:34] [DEBUG] Family group F0281: 3 items added to CSV
[2026-03-13 15:45:36] [DEBUG] Clicked and typed at (712,135): F0282
[2026-03-13 15:45:39] [DEBUG] Poll #5 active window: 'GOLD PRD - \\Remote'
[2026-03-13 15:45:40] [DEBUG] Poll #10 active window: 'GOLD PRD - \\Remote'
[2026-03-13 15:45:41] [DEBUG] Poll #15 active window: 'GOLD PRD - \\Remote'
[2026-03-13 15:45:42] [DEBUG] Poll #20 active window: 'GOLD PRD - \\Remote'
[2026-03-13 15:45:43] [DEBUG] Poll #25 active window: 'GOLD PRD - \\Remote'
[2026-03-13 15:45:44] [DEBUG] Poll #30 active window: 'GOLD PRD - \\Remote'
[2026-03-13 15:45:45] [DEBUG] Poll #35 active window: 'GOLD PRD - \\Remote'
[2026-03-13 15:45:46] [DEBUG] Poll #40 active window: 'GOLD PRD - \\Remote'
[2026-03-13 15:45:46] [DEBUG] Waiting for color CCCCCC to disappear at (623,653)
[2026-03-13 15:45:46] [DEBUG] Color changed from CCCCCC to E2E8FB — loading complete
[2026-03-13 15:45:53] [DEBUG] Added 5 items to CSV for: D0025 - GROCERY - EDIBLE > S0010 - BISCUITS > C0057 - SEASONAL TIN/BOXED BISCUITS > F0282
[2026-03-13 15:45:53] [DEBUG] Family group F0282: 5 items added to CSV
[2026-03-13 15:45:55] [DEBUG] Clicked and typed at (712,135): F0283
[2026-03-13 15:45:58] [DEBUG] Poll #5 active window: 'GOLD PRD - \\Remote'
[2026-03-13 15:45:59] [DEBUG] Poll #10 active window: 'GOLD PRD - \\Remote'
[2026-03-13 15:46:00] [DEBUG] Poll #15 active window: 'GOLD PRD - \\Remote'
[2026-03-13 15:46:01] [DEBUG] Poll #20 active window: 'GOLD PRD - \\Remote'
[2026-03-13 15:46:02] [DEBUG] Poll #25 active window: 'GOLD PRD - \\Remote'
[2026-03-13 15:46:03] [DEBUG] Poll #30 active window: 'GOLD PRD - \\Remote'
[2026-03-13 15:46:04] [DEBUG] Poll #35 active window: 'GOLD PRD - \\Remote'
[2026-03-13 15:46:05] [DEBUG] Poll #40 active window: 'GOLD PRD - \\Remote'
[2026-03-13 15:46:05] [DEBUG] Waiting for color CCCCCC to disappear at (623,653)
[2026-03-13 15:46:11] [DEBUG] Color changed from CCCCCC to FFFFFF — loading complete
[2026-03-13 15:46:18] [DEBUG] Added 16 items to CSV for: D0025 - GROCERY - EDIBLE > S0010 - BISCUITS > C0057 - SEASONAL TIN/BOXED BISCUITS > F0283
[2026-03-13 15:46:18] [DEBUG] Family group F0283: 16 items added to CSV
[2026-03-13 15:46:20] [DEBUG] Clicked and typed at (712,135): F0284
[2026-03-13 15:46:23] [DEBUG] Poll #5 active window: 'GOLD PRD - \\Remote'
[2026-03-13 15:46:24] [DEBUG] Poll #10 active window: 'GOLD PRD - \\Remote'
[2026-03-13 15:46:25] [DEBUG] Poll #15 active window: 'GOLD PRD - \\Remote'
[2026-03-13 15:46:26] [DEBUG] Poll #20 active window: 'GOLD PRD - \\Remote'
[2026-03-13 15:46:27] [DEBUG] Poll #25 active window: 'GOLD PRD - \\Remote'
[2026-03-13 15:46:28] [DEBUG] Poll #30 active window: 'GOLD PRD - \\Remote'
[2026-03-13 15:46:29] [DEBUG] Poll #35 active window: 'GOLD PRD - \\Remote'
[2026-03-13 15:46:30] [DEBUG] Poll #40 active window: 'GOLD PRD - \\Remote'
[2026-03-13 15:46:30] [DEBUG] Waiting for color CCCCCC to disappear at (623,653)
[2026-03-13 15:46:30] [DEBUG] Color changed from CCCCCC to E2E8FB — loading complete
[2026-03-13 15:46:38] [DEBUG] Added 2 items to CSV for: D0025 - GROCERY - EDIBLE > S0010 - BISCUITS > C0057 - SEASONAL TIN/BOXED BISCUITS > F0284
[2026-03-13 15:46:38] [DEBUG] Family group F0284: 2 items added to CSV
[2026-03-13 15:46:39] [DEBUG] Clicked and typed at (712,135): F3235
[2026-03-13 15:46:42] [DEBUG] Poll #5 active window: 'GOLD PRD - \\Remote'
[2026-03-13 15:46:43] [DEBUG] Poll #10 active window: 'GOLD PRD - \\Remote'
[2026-03-13 15:46:44] [DEBUG] Poll #15 active window: 'GOLD PRD - \\Remote'
[2026-03-13 15:46:45] [DEBUG] Poll #20 active window: 'GOLD PRD - \\Remote'
[2026-03-13 15:46:46] [DEBUG] Poll #25 active window: 'GOLD PRD - \\Remote'
[2026-03-13 15:46:47] [DEBUG] Poll #30 active window: 'GOLD PRD - \\Remote'
[2026-03-13 15:46:48] [DEBUG] Poll #35 active window: 'GOLD PRD - \\Remote'
[2026-03-13 15:46:49] [DEBUG] Poll #40 active window: 'GOLD PRD - \\Remote'
[2026-03-13 15:46:49] [DEBUG] Waiting for color CCCCCC to disappear at (623,653)
[2026-03-13 15:46:49] [DEBUG] Color changed from CCCCCC to E2E8FB — loading complete
[2026-03-13 15:46:57] [DEBUG] No valid items found in clipboard for family group: F3235
[2026-03-13 15:46:57] [DEBUG] Family group F3235: 0 items added to CSV
[2026-03-13 15:46:58] [DEBUG] Clicked and typed at (712,135): F0285
[2026-03-13 15:47:01] [DEBUG] Poll #5 active window: 'GOLD PRD - \\Remote'
[2026-03-13 15:47:02] [DEBUG] Poll #10 active window: 'GOLD PRD - \\Remote'
[2026-03-13 15:47:03] [DEBUG] Poll #15 active window: 'GOLD PRD - \\Remote'
[2026-03-13 15:47:04] [DEBUG] Poll #20 active window: 'GOLD PRD - \\Remote'
[2026-03-13 15:47:06] [DEBUG] Poll #25 active window: 'GOLD PRD - \\Remote'
[2026-03-13 15:47:07] [DEBUG] Poll #30 active window: 'GOLD PRD - \\Remote'
[2026-03-13 15:47:08] [DEBUG] Poll #35 active window: 'GOLD PRD - \\Remote'
[2026-03-13 15:47:09] [DEBUG] Poll #40 active window: 'GOLD PRD - \\Remote'
[2026-03-13 15:47:09] [DEBUG] Waiting for color CCCCCC to disappear at (623,653)
[2026-03-13 15:47:09] [DEBUG] Color changed from CCCCCC to E2E8FB — loading complete
[2026-03-13 15:47:16] [DEBUG] Added 1 items to CSV for: D0025 - GROCERY - EDIBLE > S0010 - BISCUITS > C0058 - SPECIAL BISCUIT TREATS > F0285
[2026-03-13 15:47:16] [DEBUG] Family group F0285: 1 items added to CSV
[2026-03-13 15:47:18] [DEBUG] Clicked and typed at (712,135): F0286
[2026-03-13 15:47:21] [DEBUG] Poll #5 active window: 'GOLD PRD - \\Remote'
[2026-03-13 15:47:22] [DEBUG] Poll #10 active window: 'GOLD PRD - \\Remote'
[2026-03-13 15:47:23] [DEBUG] Poll #15 active window: 'GOLD PRD - \\Remote'
[2026-03-13 15:47:24] [DEBUG] Poll #20 active window: 'GOLD PRD - \\Remote'
[2026-03-13 15:47:25] [DEBUG] Poll #25 active window: 'GOLD PRD - \\Remote'
[2026-03-13 15:47:26] [DEBUG] Poll #30 active window: 'GOLD PRD - \\Remote'
[2026-03-13 15:47:27] [DEBUG] Poll #35 active window: 'GOLD PRD - \\Remote'
[2026-03-13 15:47:28] [DEBUG] Poll #40 active window: 'GOLD PRD - \\Remote'
[2026-03-13 15:47:28] [DEBUG] Waiting for color CCCCCC to disappear at (623,653)
[2026-03-13 15:47:30] [DEBUG] Color changed from CCCCCC to FFFFFF — loading complete
[2026-03-13 15:47:37] [DEBUG] Added 14 items to CSV for: D0025 - GROCERY - EDIBLE > S0010 - BISCUITS > C0058 - SPECIAL BISCUIT TREATS > F0286
[2026-03-13 15:47:37] [DEBUG] Family group F0286: 14 items added to CSV
[2026-03-13 15:47:39] [DEBUG] Clicked and typed at (712,135): F0287
[2026-03-13 15:47:42] [DEBUG] Poll #5 active window: 'GOLD PRD - \\Remote'
[2026-03-13 15:47:43] [DEBUG] Poll #10 active window: 'GOLD PRD - \\Remote'
[2026-03-13 15:47:44] [DEBUG] Poll #15 active window: 'GOLD PRD - \\Remote'
[2026-03-13 15:47:45] [DEBUG] Poll #20 active window: 'GOLD PRD - \\Remote'
[2026-03-13 15:47:46] [DEBUG] Poll #25 active window: 'GOLD PRD - \\Remote'
[2026-03-13 15:47:47] [DEBUG] Poll #30 active window: 'GOLD PRD - \\Remote'
[2026-03-13 15:47:48] [DEBUG] Poll #35 active window: 'GOLD PRD - \\Remote'
[2026-03-13 15:47:49] [DEBUG] Poll #40 active window: 'GOLD PRD - \\Remote'
[2026-03-13 15:47:49] [DEBUG] Waiting for color CCCCCC to disappear at (623,653)
[2026-03-13 15:47:49] [DEBUG] Color changed from CCCCCC to FFFFFF — loading complete
[2026-03-13 15:47:56] [DEBUG] Added 4 items to CSV for: D0025 - GROCERY - EDIBLE > S0010 - BISCUITS > C0058 - SPECIAL BISCUIT TREATS > F0287
[2026-03-13 15:47:56] [DEBUG] Family group F0287: 4 items added to CSV
[2026-03-13 15:47:58] [DEBUG] Clicked and typed at (712,135): F0288
[2026-03-13 15:48:01] [DEBUG] Poll #5 active window: 'GOLD PRD - \\Remote'
[2026-03-13 15:48:02] [DEBUG] Poll #10 active window: 'GOLD PRD - \\Remote'
[2026-03-13 15:48:03] [DEBUG] Poll #15 active window: 'GOLD PRD - \\Remote'
[2026-03-13 15:48:04] [DEBUG] Poll #20 active window: 'GOLD PRD - \\Remote'
[2026-03-13 15:48:05] [DEBUG] Poll #25 active window: 'GOLD PRD - \\Remote'
[2026-03-13 15:48:06] [DEBUG] Poll #30 active window: 'GOLD PRD - \\Remote'
[2026-03-13 15:48:07] [DEBUG] Poll #35 active window: 'GOLD PRD - \\Remote'
[2026-03-13 15:48:08] [DEBUG] Poll #40 active window: 'GOLD PRD - \\Remote'
[2026-03-13 15:48:08] [DEBUG] Waiting for color CCCCCC to disappear at (623,653)
[2026-03-13 15:48:08] [DEBUG] Color changed from CCCCCC to E2E8FB — loading complete
[2026-03-13 15:48:15] [DEBUG] No valid items found in clipboard for family group: F0288
[2026-03-13 15:48:15] [DEBUG] Family group F0288: 0 items added to CSV
[2026-03-13 15:48:17] [DEBUG] Clicked and typed at (712,135): F0289
[2026-03-13 15:48:20] [DEBUG] Poll #5 active window: 'GOLD PRD - \\Remote'
[2026-03-13 15:48:21] [DEBUG] Poll #10 active window: 'GOLD PRD - \\Remote'
[2026-03-13 15:48:22] [DEBUG] Poll #15 active window: 'GOLD PRD - \\Remote'
[2026-03-13 15:48:23] [DEBUG] Poll #20 active window: 'GOLD PRD - \\Remote'
[2026-03-13 15:48:24] [DEBUG] Poll #25 active window: 'GOLD PRD - \\Remote'
[2026-03-13 15:48:25] [DEBUG] Poll #30 active window: 'GOLD PRD - \\Remote'
[2026-03-13 15:48:26] [DEBUG] Poll #35 active window: 'GOLD PRD - \\Remote'
[2026-03-13 15:48:27] [DEBUG] Poll #40 active window: 'GOLD PRD - \\Remote'
[2026-03-13 15:48:27] [DEBUG] Waiting for color CCCCCC to disappear at (623,653)
[2026-03-13 15:48:30] [DEBUG] Color changed from CCCCCC to FFFFFF — loading complete
[2026-03-13 15:48:37] [DEBUG] Added 15 items to CSV for: D0025 - GROCERY - EDIBLE > S0010 - BISCUITS > C0058 - SPECIAL BISCUIT TREATS > F0289
[2026-03-13 15:48:37] [DEBUG] Family group F0289: 15 items added to CSV
[2026-03-13 15:48:39] [DEBUG] Clicked and typed at (712,135): F0290
[2026-03-13 15:48:42] [DEBUG] Poll #5 active window: 'GOLD PRD - \\Remote'
[2026-03-13 15:48:43] [DEBUG] Poll #10 active window: 'GOLD PRD - \\Remote'
[2026-03-13 15:48:44] [DEBUG] Poll #15 active window: 'GOLD PRD - \\Remote'
[2026-03-13 15:48:45] [DEBUG] Poll #20 active window: 'GOLD PRD - \\Remote'
[2026-03-13 15:48:46] [DEBUG] Poll #25 active window: 'GOLD PRD - \\Remote'
[2026-03-13 15:48:47] [DEBUG] Poll #30 active window: 'GOLD PRD - \\Remote'
[2026-03-13 15:48:48] [DEBUG] Poll #35 active window: 'GOLD PRD - \\Remote'
[2026-03-13 15:48:49] [DEBUG] Poll #40 active window: 'GOLD PRD - \\Remote'
[2026-03-13 15:48:49] [DEBUG] Waiting for color CCCCCC to disappear at (623,653)
[2026-03-13 15:48:49] [DEBUG] Color changed from CCCCCC to E2E8FB — loading complete
[2026-03-13 15:48:56] [DEBUG] Added 1 items to CSV for: D0025 - GROCERY - EDIBLE > S0010 - BISCUITS > C0058 - SPECIAL BISCUIT TREATS > F0290
[2026-03-13 15:48:56] [DEBUG] Family group F0290: 1 items added to CSV
[2026-03-13 15:48:58] [DEBUG] Clicked and typed at (712,135): F0291
[2026-03-13 15:49:01] [DEBUG] Poll #5 active window: 'GOLD PRD - \\Remote'
[2026-03-13 15:49:02] [DEBUG] Poll #10 active window: 'GOLD PRD - \\Remote'
[2026-03-13 15:49:03] [DEBUG] Poll #15 active window: 'GOLD PRD - \\Remote'
[2026-03-13 15:49:04] [DEBUG] Poll #20 active window: 'GOLD PRD - \\Remote'
[2026-03-13 15:49:05] [DEBUG] Poll #25 active window: 'GOLD PRD - \\Remote'
[2026-03-13 15:49:06] [DEBUG] Poll #30 active window: 'GOLD PRD - \\Remote'
[2026-03-13 15:49:07] [DEBUG] Poll #35 active window: 'GOLD PRD - \\Remote'
[2026-03-13 15:49:08] [DEBUG] Poll #40 active window: 'GOLD PRD - \\Remote'
[2026-03-13 15:49:08] [DEBUG] Waiting for color CCCCCC to disappear at (623,653)
[2026-03-13 15:49:08] [DEBUG] Color changed from CCCCCC to E2E8FB — loading complete
[2026-03-13 15:49:15] [DEBUG] No valid items found in clipboard for family group: F0291
[2026-03-13 15:49:15] [DEBUG] Family group F0291: 0 items added to CSV
[2026-03-13 15:49:17] [DEBUG] Clicked and typed at (712,135): F0292
[2026-03-13 15:49:20] [DEBUG] Poll #5 active window: 'GOLD PRD - \\Remote'
[2026-03-13 15:49:21] [DEBUG] Poll #10 active window: 'GOLD PRD - \\Remote'
[2026-03-13 15:49:22] [DEBUG] Poll #15 active window: 'GOLD PRD - \\Remote'
[2026-03-13 15:49:23] [DEBUG] Poll #20 active window: 'GOLD PRD - \\Remote'
[2026-03-13 15:49:24] [DEBUG] Poll #25 active window: 'GOLD PRD - \\Remote'
[2026-03-13 15:49:25] [DEBUG] Poll #30 active window: 'GOLD PRD - \\Remote'
[2026-03-13 15:49:26] [DEBUG] Poll #35 active window: 'GOLD PRD - \\Remote'
[2026-03-13 15:49:27] [DEBUG] Poll #40 active window: 'GOLD PRD - \\Remote'
[2026-03-13 15:49:27] [DEBUG] Waiting for color CCCCCC to disappear at (623,653)
[2026-03-13 15:49:27] [DEBUG] Color changed from CCCCCC to E2E8FB — loading complete
[2026-03-13 15:49:35] [DEBUG] Added 3 items to CSV for: D0025 - GROCERY - EDIBLE > S0010 - BISCUITS > C0058 - SPECIAL BISCUIT TREATS > F0292
[2026-03-13 15:49:35] [DEBUG] Family group F0292: 3 items added to CSV
[2026-03-13 15:49:36] [DEBUG] Clicked and typed at (712,135): F3330
[2026-03-13 15:49:39] [DEBUG] Poll #5 active window: 'GOLD PRD - \\Remote'
[2026-03-13 15:49:40] [DEBUG] Poll #10 active window: 'GOLD PRD - \\Remote'
[2026-03-13 15:49:41] [DEBUG] Poll #15 active window: 'GOLD PRD - \\Remote'
[2026-03-13 15:49:42] [DEBUG] Poll #20 active window: 'GOLD PRD - \\Remote'
[2026-03-13 15:49:44] [DEBUG] Poll #25 active window: 'GOLD PRD - \\Remote'
[2026-03-13 15:49:45] [DEBUG] Poll #30 active window: 'GOLD PRD - \\Remote'
[2026-03-13 15:49:46] [DEBUG] Poll #35 active window: 'GOLD PRD - \\Remote'
[2026-03-13 15:49:47] [DEBUG] Poll #40 active window: 'GOLD PRD - \\Remote'
[2026-03-13 15:49:47] [DEBUG] Waiting for color CCCCCC to disappear at (623,653)
[2026-03-13 15:50:02] [DEBUG] Color changed from CCCCCC to FFFFFF — loading complete
[2026-03-13 15:50:09] [DEBUG] Added 33 items to CSV for: D0025 - GROCERY - EDIBLE > S0010 - BISCUITS > C0655 - BISCUIT BARS > F3330
[2026-03-13 15:50:09] [DEBUG] Family group F3330: 33 items added to CSV
[2026-03-13 15:50:11] [DEBUG] Clicked and typed at (712,135): F3331
[2026-03-13 15:50:14] [DEBUG] Poll #5 active window: 'GOLD PRD - \\Remote'
[2026-03-13 15:50:15] [DEBUG] Poll #10 active window: 'GOLD PRD - \\Remote'
[2026-03-13 15:50:16] [DEBUG] Poll #15 active window: 'GOLD PRD - \\Remote'
[2026-03-13 15:50:17] [DEBUG] Poll #20 active window: 'GOLD PRD - \\Remote'
[2026-03-13 15:50:18] [DEBUG] Poll #25 active window: 'GOLD PRD - \\Remote'
[2026-03-13 15:50:19] [DEBUG] Poll #30 active window: 'GOLD PRD - \\Remote'
[2026-03-13 15:50:20] [DEBUG] Poll #35 active window: 'GOLD PRD - \\Remote'
[2026-03-13 15:50:21] [DEBUG] Poll #40 active window: 'GOLD PRD - \\Remote'
[2026-03-13 15:50:21] [DEBUG] Waiting for color CCCCCC to disappear at (623,653)
[2026-03-13 15:50:21] [DEBUG] Color changed from CCCCCC to E2E8FB — loading complete
[2026-03-13 15:50:28] [DEBUG] No valid items found in clipboard for family group: F3331
[2026-03-13 15:50:28] [DEBUG] Family group F3331: 0 items added to CSV
[2026-03-13 15:50:30] [DEBUG] Clicked and typed at (712,135): F3332
[2026-03-13 15:50:33] [DEBUG] Poll #5 active window: 'GOLD PRD - \\Remote'
[2026-03-13 15:50:34] [DEBUG] Poll #10 active window: 'GOLD PRD - \\Remote'
[2026-03-13 15:50:35] [DEBUG] Poll #15 active window: 'GOLD PRD - \\Remote'
[2026-03-13 15:50:36] [DEBUG] Poll #20 active window: 'GOLD PRD - \\Remote'
[2026-03-13 15:50:37] [DEBUG] Poll #25 active window: 'GOLD PRD - \\Remote'
[2026-03-13 15:50:38] [DEBUG] Poll #30 active window: 'GOLD PRD - \\Remote'
[2026-03-13 15:50:39] [DEBUG] Poll #35 active window: 'GOLD PRD - \\Remote'
[2026-03-13 15:50:40] [DEBUG] Poll #40 active window: 'GOLD PRD - \\Remote'
[2026-03-13 15:50:40] [DEBUG] Waiting for color CCCCCC to disappear at (623,653)
[2026-03-13 15:50:40] [DEBUG] Color changed from CCCCCC to E2E8FB — loading complete
[2026-03-13 15:50:47] [DEBUG] No valid items found in clipboard for family group: F3332
[2026-03-13 15:50:47] [DEBUG] Family group F3332: 0 items added to CSV
[2026-03-13 15:50:49] [DEBUG] Clicked and typed at (712,135): F0293
[2026-03-13 15:50:52] [DEBUG] Poll #5 active window: 'GOLD PRD - \\Remote'
[2026-03-13 15:50:53] [DEBUG] Poll #10 active window: 'GOLD PRD - \\Remote'
[2026-03-13 15:50:54] [DEBUG] Poll #15 active window: 'GOLD PRD - \\Remote'
[2026-03-13 15:50:55] [DEBUG] Poll #20 active window: 'GOLD PRD - \\Remote'
[2026-03-13 15:50:56] [DEBUG] Poll #25 active window: 'GOLD PRD - \\Remote'
[2026-03-13 15:50:57] [DEBUG] Poll #30 active window: 'GOLD PRD - \\Remote'
[2026-03-13 15:50:58] [DEBUG] Poll #35 active window: 'GOLD PRD - \\Remote'
[2026-03-13 15:50:59] [DEBUG] Poll #40 active window: 'GOLD PRD - \\Remote'
[2026-03-13 15:50:59] [DEBUG] Waiting for color CCCCCC to disappear at (623,653)
[2026-03-13 15:51:03] [DEBUG] Color changed from CCCCCC to FFFFFF — loading complete
[2026-03-13 15:51:10] [DEBUG] Added 13 items to CSV for: D0025 - GROCERY - EDIBLE > S0011 - BREAKFAST CEREALS > C0059 - ADULT CEREALS > F0293
[2026-03-13 15:51:10] [DEBUG] Family group F0293: 13 items added to CSV
[2026-03-13 15:51:12] [DEBUG] Clicked and typed at (712,135): F0294
[2026-03-13 15:51:15] [DEBUG] Poll #5 active window: 'GOLD PRD - \\Remote'
[2026-03-13 15:51:16] [DEBUG] Poll #10 active window: 'GOLD PRD - \\Remote'
[2026-03-13 15:51:17] [DEBUG] Poll #15 active window: 'GOLD PRD - \\Remote'
[2026-03-13 15:51:18] [DEBUG] Poll #20 active window: 'GOLD PRD - \\Remote'
[2026-03-13 15:51:19] [DEBUG] Poll #25 active window: 'GOLD PRD - \\Remote'
[2026-03-13 15:51:20] [DEBUG] Poll #30 active window: 'GOLD PRD - \\Remote'
[2026-03-13 15:51:21] [DEBUG] Poll #35 active window: 'GOLD PRD - \\Remote'
[2026-03-13 15:51:22] [DEBUG] Poll #40 active window: 'GOLD PRD - \\Remote'
[2026-03-13 15:51:22] [DEBUG] Waiting for color CCCCCC to disappear at (623,653)
[2026-03-13 15:51:22] [DEBUG] Color changed from CCCCCC to E2E8FB — loading complete
[2026-03-13 15:51:29] [DEBUG] Added 1 items to CSV for: D0025 - GROCERY - EDIBLE > S0011 - BREAKFAST CEREALS > C0059 - ADULT CEREALS > F0294
[2026-03-13 15:51:29] [DEBUG] Family group F0294: 1 items added to CSV
[2026-03-13 15:51:31] [DEBUG] Clicked and typed at (712,135): F0296
[2026-03-13 15:51:34] [DEBUG] Poll #5 active window: 'GOLD PRD - \\Remote'
[2026-03-13 15:51:35] [DEBUG] Poll #10 active window: 'GOLD PRD - \\Remote'
[2026-03-13 15:51:36] [DEBUG] Poll #15 active window: 'GOLD PRD - \\Remote'
[2026-03-13 15:51:37] [DEBUG] Poll #20 active window: 'GOLD PRD - \\Remote'
[2026-03-13 15:51:38] [DEBUG] Poll #25 active window: 'GOLD PRD - \\Remote'
[2026-03-13 15:51:39] [DEBUG] Poll #30 active window: 'GOLD PRD - \\Remote'
[2026-03-13 15:51:40] [DEBUG] Poll #35 active window: 'GOLD PRD - \\Remote'
[2026-03-13 15:51:41] [DEBUG] Poll #40 active window: 'GOLD PRD - \\Remote'
[2026-03-13 15:51:41] [DEBUG] Waiting for color CCCCCC to disappear at (623,653)
[2026-03-13 15:51:41] [DEBUG] Color changed from CCCCCC to E2E8FB — loading complete
[2026-03-13 15:51:48] [DEBUG] Added 1 items to CSV for: D0025 - GROCERY - EDIBLE > S0011 - BREAKFAST CEREALS > C0059 - ADULT CEREALS > F0296
[2026-03-13 15:51:48] [DEBUG] Family group F0296: 1 items added to CSV
[2026-03-13 15:51:50] [DEBUG] Clicked and typed at (712,135): F5045
[2026-03-13 15:51:53] [DEBUG] Poll #5 active window: 'GOLD PRD - \\Remote'
[2026-03-13 15:51:54] [DEBUG] Poll #10 active window: 'GOLD PRD - \\Remote'
[2026-03-13 15:51:55] [DEBUG] Poll #15 active window: 'GOLD PRD - \\Remote'
[2026-03-13 15:51:56] [DEBUG] Poll #20 active window: 'GOLD PRD - \\Remote'
[2026-03-13 15:51:57] [DEBUG] Poll #25 active window: 'GOLD PRD - \\Remote'
[2026-03-13 15:51:58] [DEBUG] Poll #30 active window: 'GOLD PRD - \\Remote'
[2026-03-13 15:51:59] [DEBUG] Poll #35 active window: 'GOLD PRD - \\Remote'
[2026-03-13 15:52:00] [DEBUG] Poll #40 active window: 'GOLD PRD - \\Remote'
[2026-03-13 15:52:00] [DEBUG] Waiting for color CCCCCC to disappear at (623,653)
[2026-03-13 15:52:00] [DEBUG] Color changed from CCCCCC to FFFFFF — loading complete
[2026-03-13 15:52:07] [DEBUG] Added 16 items to CSV for: D0025 - GROCERY - EDIBLE > S0011 - BREAKFAST CEREALS > C0059 - ADULT CEREALS > F5045
[2026-03-13 15:52:07] [DEBUG] Family group F5045: 16 items added to CSV
[2026-03-13 15:52:09] [DEBUG] Clicked and typed at (712,135): F0298
[2026-03-13 15:52:12] [DEBUG] IsGoldWindowActive: matched active title 'G.O.L.D. - LOCAL SALES PRICE SIMPLIFIED INPUT - Fri Mar 13 15:52:13 GMT 2026 - \\Remote'
[2026-03-13 15:52:16] [DEBUG] Family group not found — skipping F0298
[2026-03-13 15:52:17] [DEBUG] Clicked and typed at (712,135): F0300
[2026-03-13 15:52:20] [DEBUG] Poll #5 active window: 'GOLD PRD - \\Remote'
[2026-03-13 15:52:21] [DEBUG] Poll #10 active window: 'GOLD PRD - \\Remote'
[2026-03-13 15:52:22] [DEBUG] Poll #15 active window: 'GOLD PRD - \\Remote'
[2026-03-13 15:52:23] [DEBUG] Poll #20 active window: 'GOLD PRD - \\Remote'
[2026-03-13 15:52:24] [DEBUG] Poll #25 active window: 'GOLD PRD - \\Remote'
[2026-03-13 15:52:25] [DEBUG] Poll #30 active window: 'GOLD PRD - \\Remote'
[2026-03-13 15:52:26] [DEBUG] Poll #35 active window: 'GOLD PRD - \\Remote'
[2026-03-13 15:52:27] [DEBUG] Poll #40 active window: 'GOLD PRD - \\Remote'
[2026-03-13 15:52:27] [DEBUG] Waiting for color CCCCCC to disappear at (623,653)
[2026-03-13 15:52:27] [DEBUG] Color changed from CCCCCC to E2E8FB — loading complete
[2026-03-13 15:52:34] [DEBUG] No valid items found in clipboard for family group: F0300
[2026-03-13 15:52:34] [DEBUG] Family group F0300: 0 items added to CSV
[2026-03-13 15:52:36] [DEBUG] Clicked and typed at (712,135): F0301
[2026-03-13 15:52:39] [DEBUG] Poll #5 active window: 'GOLD PRD - \\Remote'
[2026-03-13 15:52:40] [DEBUG] Poll #10 active window: 'GOLD PRD - \\Remote'
[2026-03-13 15:52:41] [DEBUG] Poll #15 active window: 'GOLD PRD - \\Remote'
[2026-03-13 15:52:42] [DEBUG] Poll #20 active window: 'GOLD PRD - \\Remote'
[2026-03-13 15:52:43] [DEBUG] Poll #25 active window: 'GOLD PRD - \\Remote'
[2026-03-13 15:52:44] [DEBUG] Poll #30 active window: 'GOLD PRD - \\Remote'
[2026-03-13 15:52:45] [DEBUG] Poll #35 active window: 'GOLD PRD - \\Remote'
[2026-03-13 15:52:46] [DEBUG] Poll #40 active window: 'GOLD PRD - \\Remote'
[2026-03-13 15:52:46] [DEBUG] Waiting for color CCCCCC to disappear at (623,653)
[2026-03-13 15:52:46] [DEBUG] Color changed from CCCCCC to E2E8FB — loading complete
[2026-03-13 15:52:53] [DEBUG] No valid items found in clipboard for family group: F0301
[2026-03-13 15:52:53] [DEBUG] Family group F0301: 0 items added to CSV
[2026-03-13 15:52:55] [DEBUG] Clicked and typed at (712,135): F0302
[2026-03-13 15:52:58] [DEBUG] Poll #5 active window: 'GOLD PRD - \\Remote'
[2026-03-13 15:52:59] [DEBUG] Poll #10 active window: 'GOLD PRD - \\Remote'
[2026-03-13 15:53:00] [DEBUG] Poll #15 active window: 'GOLD PRD - \\Remote'
[2026-03-13 15:53:01] [DEBUG] Poll #20 active window: 'GOLD PRD - \\Remote'
[2026-03-13 15:53:02] [DEBUG] Poll #25 active window: 'GOLD PRD - \\Remote'
[2026-03-13 15:53:03] [DEBUG] Poll #30 active window: 'GOLD PRD - \\Remote'
[2026-03-13 15:53:04] [DEBUG] Poll #35 active window: 'GOLD PRD - \\Remote'
[2026-03-13 15:53:05] [DEBUG] Poll #40 active window: 'GOLD PRD - \\Remote'
[2026-03-13 15:53:05] [DEBUG] Waiting for color CCCCCC to disappear at (623,653)
[2026-03-13 15:53:05] [DEBUG] Color changed from CCCCCC to FFFFFF — loading complete
[2026-03-13 15:53:13] [DEBUG] Added 2 items to CSV for: D0025 - GROCERY - EDIBLE > S0011 - BREAKFAST CEREALS > C0062 - CEREAL BARS > F0302
[2026-03-13 15:53:13] [DEBUG] Family group F0302: 2 items added to CSV
[2026-03-13 15:53:14] [DEBUG] Clicked and typed at (712,135): F0303
[2026-03-13 15:53:17] [DEBUG] Poll #5 active window: 'GOLD PRD - \\Remote'
[2026-03-13 15:53:19] [DEBUG] Poll #10 active window: 'GOLD PRD - \\Remote'
[2026-03-13 15:53:20] [DEBUG] Poll #15 active window: 'GOLD PRD - \\Remote'
[2026-03-13 15:53:21] [DEBUG] Poll #20 active window: 'GOLD PRD - \\Remote'
[2026-03-13 15:53:22] [DEBUG] Poll #25 active window: 'GOLD PRD - \\Remote'
[2026-03-13 15:53:23] [DEBUG] Poll #30 active window: 'GOLD PRD - \\Remote'
[2026-03-13 15:53:24] [DEBUG] Poll #35 active window: 'GOLD PRD - \\Remote'
[2026-03-13 15:53:25] [DEBUG] Poll #40 active window: 'GOLD PRD - \\Remote'
[2026-03-13 15:53:25] [DEBUG] Waiting for color CCCCCC to disappear at (623,653)
[2026-03-13 15:53:25] [DEBUG] Color changed from CCCCCC to FFFFFF — loading complete
[2026-03-13 15:53:32] [DEBUG] Added 17 items to CSV for: D0025 - GROCERY - EDIBLE > S0011 - BREAKFAST CEREALS > C0062 - CEREAL BARS > F0303
[2026-03-13 15:53:32] [DEBUG] Family group F0303: 17 items added to CSV
[2026-03-13 15:53:34] [DEBUG] Clicked and typed at (712,135): F0306
[2026-03-13 15:53:37] [DEBUG] Poll #5 active window: 'GOLD PRD - \\Remote'
[2026-03-13 15:53:38] [DEBUG] Poll #10 active window: 'GOLD PRD - \\Remote'
[2026-03-13 15:53:39] [DEBUG] Poll #15 active window: 'GOLD PRD - \\Remote'
[2026-03-13 15:53:40] [DEBUG] Poll #20 active window: 'GOLD PRD - \\Remote'
[2026-03-13 15:53:41] [DEBUG] Poll #25 active window: 'GOLD PRD - \\Remote'
[2026-03-13 15:53:42] [DEBUG] Poll #30 active window: 'GOLD PRD - \\Remote'
[2026-03-13 15:53:43] [DEBUG] Poll #35 active window: 'GOLD PRD - \\Remote'
[2026-03-13 15:53:44] [DEBUG] Poll #40 active window: 'GOLD PRD - \\Remote'
[2026-03-13 15:53:44] [DEBUG] Waiting for color CCCCCC to disappear at (623,653)
[2026-03-13 15:53:44] [DEBUG] Color changed from CCCCCC to FFFFFF — loading complete
[2026-03-13 15:53:51] [DEBUG] Added 13 items to CSV for: D0025 - GROCERY - EDIBLE > S0011 - BREAKFAST CEREALS > C0063 - CHILDREN CEREALS > F0306
[2026-03-13 15:53:51] [DEBUG] Family group F0306: 13 items added to CSV
[2026-03-13 15:53:53] [DEBUG] Clicked and typed at (712,135): F0307
[2026-03-13 15:53:56] [DEBUG] Poll #5 active window: 'GOLD PRD - \\Remote'
[2026-03-13 15:53:57] [DEBUG] Poll #10 active window: 'GOLD PRD - \\Remote'
[2026-03-13 15:53:58] [DEBUG] Poll #15 active window: 'GOLD PRD - \\Remote'
[2026-03-13 15:53:59] [DEBUG] Poll #20 active window: 'GOLD PRD - \\Remote'
[2026-03-13 15:54:00] [DEBUG] Poll #25 active window: 'GOLD PRD - \\Remote'
[2026-03-13 15:54:01] [DEBUG] Poll #30 active window: 'GOLD PRD - \\Remote'
[2026-03-13 15:54:02] [DEBUG] Poll #35 active window: 'GOLD PRD - \\Remote'
[2026-03-13 15:54:03] [DEBUG] Poll #40 active window: 'GOLD PRD - \\Remote'
[2026-03-13 15:54:03] [DEBUG] Waiting for color CCCCCC to disappear at (623,653)
[2026-03-13 15:54:04] [DEBUG] Color changed from CCCCCC to E2E8FB — loading complete
[2026-03-13 15:54:11] [DEBUG] Added 1 items to CSV for: D0025 - GROCERY - EDIBLE > S0011 - BREAKFAST CEREALS > C0063 - CHILDREN CEREALS > F0307
[2026-03-13 15:54:11] [DEBUG] Family group F0307: 1 items added to CSV
[2026-03-13 15:54:13] [DEBUG] Clicked and typed at (712,135): F0309
[2026-03-13 15:54:16] [DEBUG] Poll #5 active window: 'GOLD PRD - \\Remote'
[2026-03-13 15:54:17] [DEBUG] Poll #10 active window: 'GOLD PRD - \\Remote'
[2026-03-13 15:54:18] [DEBUG] Poll #15 active window: 'GOLD PRD - \\Remote'
[2026-03-13 15:54:19] [DEBUG] Poll #20 active window: 'GOLD PRD - \\Remote'
[2026-03-13 15:54:20] [DEBUG] Poll #25 active window: 'GOLD PRD - \\Remote'
[2026-03-13 15:54:21] [DEBUG] Poll #30 active window: 'GOLD PRD - \\Remote'
[2026-03-13 15:54:22] [DEBUG] Poll #35 active window: 'GOLD PRD - \\Remote'
[2026-03-13 15:54:23] [DEBUG] Poll #40 active window: 'GOLD PRD - \\Remote'
[2026-03-13 15:54:23] [DEBUG] Waiting for color CCCCCC to disappear at (623,653)
[2026-03-13 15:54:23] [DEBUG] Color changed from CCCCCC to E2E8FB — loading complete
[2026-03-13 15:54:30] [DEBUG] No valid items found in clipboard for family group: F0309
[2026-03-13 15:54:30] [DEBUG] Family group F0309: 0 items added to CSV
[2026-03-13 15:54:32] [DEBUG] Clicked and typed at (712,135): F0310
[2026-03-13 15:54:35] [DEBUG] Poll #5 active window: 'GOLD PRD - \\Remote'
[2026-03-13 15:54:36] [DEBUG] Poll #10 active window: 'GOLD PRD - \\Remote'
[2026-03-13 15:54:37] [DEBUG] Poll #15 active window: 'GOLD PRD - \\Remote'
[2026-03-13 15:54:38] [DEBUG] Poll #20 active window: 'GOLD PRD - \\Remote'
[2026-03-13 15:54:39] [DEBUG] Poll #25 active window: 'GOLD PRD - \\Remote'
[2026-03-13 15:54:40] [DEBUG] Poll #30 active window: 'GOLD PRD - \\Remote'
[2026-03-13 15:54:41] [DEBUG] Poll #35 active window: 'GOLD PRD - \\Remote'
[2026-03-13 15:54:42] [DEBUG] Poll #40 active window: 'GOLD PRD - \\Remote'
[2026-03-13 15:54:42] [DEBUG] Waiting for color CCCCCC to disappear at (623,653)
[2026-03-13 15:54:42] [DEBUG] Color changed from CCCCCC to FFFFFF — loading complete
[2026-03-13 15:54:49] [DEBUG] Added 15 items to CSV for: D0025 - GROCERY - EDIBLE > S0011 - BREAKFAST CEREALS > C0063 - CHILDREN CEREALS > F0310
[2026-03-13 15:54:49] [DEBUG] Family group F0310: 15 items added to CSV
[2026-03-13 15:54:51] [DEBUG] Clicked and typed at (712,135): F0311
[2026-03-13 15:54:54] [DEBUG] Poll #5 active window: 'GOLD PRD - \\Remote'
[2026-03-13 15:54:55] [DEBUG] Poll #10 active window: 'GOLD PRD - \\Remote'
[2026-03-13 15:54:56] [DEBUG] Poll #15 active window: 'GOLD PRD - \\Remote'
[2026-03-13 15:54:57] [DEBUG] Poll #20 active window: 'GOLD PRD - \\Remote'
[2026-03-13 15:54:58] [DEBUG] Poll #25 active window: 'GOLD PRD - \\Remote'
[2026-03-13 15:54:59] [DEBUG] Poll #30 active window: 'GOLD PRD - \\Remote'
[2026-03-13 15:55:00] [DEBUG] Poll #35 active window: 'GOLD PRD - \\Remote'
[2026-03-13 15:55:01] [DEBUG] Poll #40 active window: 'GOLD PRD - \\Remote'
[2026-03-13 15:55:01] [DEBUG] Waiting for color CCCCCC to disappear at (623,653)
[2026-03-13 15:55:02] [DEBUG] Color changed from CCCCCC to E2E8FB — loading complete
[2026-03-13 15:55:09] [DEBUG] Added 2 items to CSV for: D0025 - GROCERY - EDIBLE > S0011 - BREAKFAST CEREALS > C0063 - CHILDREN CEREALS > F0311
[2026-03-13 15:55:09] [DEBUG] Family group F0311: 2 items added to CSV
[2026-03-13 15:55:11] [DEBUG] Clicked and typed at (712,135): F0313
[2026-03-13 15:55:14] [DEBUG] Poll #5 active window: 'GOLD PRD - \\Remote'
[2026-03-13 15:55:15] [DEBUG] Poll #10 active window: 'GOLD PRD - \\Remote'
[2026-03-13 15:55:16] [DEBUG] Poll #15 active window: 'GOLD PRD - \\Remote'
[2026-03-13 15:55:17] [DEBUG] Poll #20 active window: 'GOLD PRD - \\Remote'
[2026-03-13 15:55:18] [DEBUG] Poll #25 active window: 'GOLD PRD - \\Remote'
[2026-03-13 15:55:19] [DEBUG] Poll #30 active window: 'GOLD PRD - \\Remote'
[2026-03-13 15:55:20] [DEBUG] Poll #35 active window: 'GOLD PRD - \\Remote'
[2026-03-13 15:55:21] [DEBUG] Poll #40 active window: 'GOLD PRD - \\Remote'
[2026-03-13 15:55:21] [DEBUG] Waiting for color CCCCCC to disappear at (623,653)
[2026-03-13 15:55:21] [DEBUG] Color changed from CCCCCC to E2E8FB — loading complete
[2026-03-13 15:55:28] [DEBUG] No valid items found in clipboard for family group: F0313
[2026-03-13 15:55:28] [DEBUG] Family group F0313: 0 items added to CSV
[2026-03-13 15:55:30] [DEBUG] Clicked and typed at (712,135): F0314
[2026-03-13 15:55:33] [DEBUG] Poll #5 active window: 'GOLD PRD - \\Remote'
[2026-03-13 15:55:34] [DEBUG] Poll #10 active window: 'GOLD PRD - \\Remote'
[2026-03-13 15:55:35] [DEBUG] Poll #15 active window: 'GOLD PRD - \\Remote'
[2026-03-13 15:55:36] [DEBUG] Poll #20 active window: 'GOLD PRD - \\Remote'
[2026-03-13 15:55:37] [DEBUG] Poll #25 active window: 'GOLD PRD - \\Remote'
[2026-03-13 15:55:38] [DEBUG] Poll #30 active window: 'GOLD PRD - \\Remote'
[2026-03-13 15:55:39] [DEBUG] Poll #35 active window: 'GOLD PRD - \\Remote'
[2026-03-13 15:55:40] [DEBUG] Poll #40 active window: 'GOLD PRD - \\Remote'
[2026-03-13 15:55:40] [DEBUG] Waiting for color CCCCCC to disappear at (623,653)
[2026-03-13 15:55:40] [DEBUG] Color changed from CCCCCC to E2E8FB — loading complete
[2026-03-13 15:55:47] [DEBUG] No valid items found in clipboard for family group: F0314
[2026-03-13 15:55:47] [DEBUG] Family group F0314: 0 items added to CSV
[2026-03-13 15:55:49] [DEBUG] Clicked and typed at (712,135): F0315
[2026-03-13 15:55:52] [DEBUG] Poll #5 active window: 'GOLD PRD - \\Remote'
[2026-03-13 15:55:53] [DEBUG] Poll #10 active window: 'GOLD PRD - \\Remote'
[2026-03-13 15:55:54] [DEBUG] Poll #15 active window: 'GOLD PRD - \\Remote'
[2026-03-13 15:55:55] [DEBUG] Poll #20 active window: 'GOLD PRD - \\Remote'
[2026-03-13 15:55:56] [DEBUG] Poll #25 active window: 'GOLD PRD - \\Remote'
[2026-03-13 15:55:57] [DEBUG] Poll #30 active window: 'GOLD PRD - \\Remote'
[2026-03-13 15:55:58] [DEBUG] Poll #35 active window: 'GOLD PRD - \\Remote'
[2026-03-13 15:55:59] [DEBUG] Poll #40 active window: 'GOLD PRD - \\Remote'
[2026-03-13 15:55:59] [DEBUG] Waiting for color CCCCCC to disappear at (623,653)
[2026-03-13 15:55:59] [DEBUG] Color changed from CCCCCC to FFFFFF — loading complete
[2026-03-13 15:56:07] [DEBUG] No valid items found in clipboard for family group: F0315
[2026-03-13 15:56:07] [DEBUG] Family group F0315: 0 items added to CSV
[2026-03-13 15:56:09] [DEBUG] Clicked and typed at (712,135): F3234
[2026-03-13 15:56:12] [DEBUG] Poll #5 active window: 'GOLD PRD - \\Remote'
[2026-03-13 15:56:13] [DEBUG] Poll #10 active window: 'GOLD PRD - \\Remote'
[2026-03-13 15:56:14] [DEBUG] Poll #15 active window: 'GOLD PRD - \\Remote'
[2026-03-13 15:56:15] [DEBUG] Poll #20 active window: 'GOLD PRD - \\Remote'
[2026-03-13 15:56:16] [DEBUG] Poll #25 active window: 'GOLD PRD - \\Remote'
[2026-03-13 15:56:17] [DEBUG] Poll #30 active window: 'GOLD PRD - \\Remote'
[2026-03-13 15:56:18] [DEBUG] Poll #35 active window: 'GOLD PRD - \\Remote'
[2026-03-13 15:56:19] [DEBUG] Poll #40 active window: 'GOLD PRD - \\Remote'
[2026-03-13 15:56:19] [DEBUG] Waiting for color CCCCCC to disappear at (623,653)
[2026-03-13 15:56:19] [DEBUG] Color changed from CCCCCC to E2E8FB — loading complete
[2026-03-13 15:56:26] [DEBUG] No valid items found in clipboard for family group: F3234
[2026-03-13 15:56:26] [DEBUG] Family group F3234: 0 items added to CSV
[2026-03-13 15:56:28] [DEBUG] Clicked and typed at (712,135): F0316
[2026-03-13 15:56:31] [DEBUG] Poll #5 active window: 'GOLD PRD - \\Remote'
[2026-03-13 15:56:32] [DEBUG] Poll #10 active window: 'GOLD PRD - \\Remote'
[2026-03-13 15:56:33] [DEBUG] Poll #15 active window: 'GOLD PRD - \\Remote'
[2026-03-13 15:56:34] [DEBUG] Poll #20 active window: 'GOLD PRD - \\Remote'
[2026-03-13 15:56:35] [DEBUG] Poll #25 active window: 'GOLD PRD - \\Remote'
[2026-03-13 15:56:36] [DEBUG] Poll #30 active window: 'GOLD PRD - \\Remote'
[2026-03-13 15:56:37] [DEBUG] Poll #35 active window: 'GOLD PRD - \\Remote'
[2026-03-13 15:56:38] [DEBUG] Poll #40 active window: 'GOLD PRD - \\Remote'
[2026-03-13 15:56:38] [DEBUG] Waiting for color CCCCCC to disappear at (623,653)
[2026-03-13 15:56:38] [DEBUG] Color changed from CCCCCC to E2E8FB — loading complete
[2026-03-13 15:56:45] [DEBUG] Added 3 items to CSV for: D0025 - GROCERY - EDIBLE > S0011 - BREAKFAST CEREALS > C0065 - CORN CEREALS > F0316
[2026-03-13 15:56:45] [DEBUG] Family group F0316: 3 items added to CSV
[2026-03-13 15:56:47] [DEBUG] Clicked and typed at (712,135): F0317
[2026-03-13 15:56:50] [DEBUG] Poll #5 active window: 'GOLD PRD - \\Remote'
[2026-03-13 15:56:51] [DEBUG] Poll #10 active window: 'GOLD PRD - \\Remote'
[2026-03-13 15:56:52] [DEBUG] Poll #15 active window: 'GOLD PRD - \\Remote'
[2026-03-13 15:56:53] [DEBUG] Poll #20 active window: 'GOLD PRD - \\Remote'
[2026-03-13 15:56:54] [DEBUG] Poll #25 active window: 'GOLD PRD - \\Remote'
[2026-03-13 15:56:55] [DEBUG] Poll #30 active window: 'GOLD PRD - \\Remote'
[2026-03-13 15:56:56] [DEBUG] Poll #35 active window: 'GOLD PRD - \\Remote'
[2026-03-13 15:56:57] [DEBUG] Poll #40 active window: 'GOLD PRD - \\Remote'
[2026-03-13 15:56:57] [DEBUG] Waiting for color CCCCCC to disappear at (623,653)
[2026-03-13 15:56:57] [DEBUG] Color changed from CCCCCC to FFFFFF — loading complete
[2026-03-13 15:57:05] [DEBUG] Added 3 items to CSV for: D0025 - GROCERY - EDIBLE > S0011 - BREAKFAST CEREALS > C0065 - CORN CEREALS > F0317
[2026-03-13 15:57:05] [DEBUG] Family group F0317: 3 items added to CSV
[2026-03-13 15:57:07] [DEBUG] Clicked and typed at (712,135): F0319
[2026-03-13 15:57:09] [DEBUG] IsGoldWindowActive: matched active title 'G.O.L.D. - LOCAL SALES PRICE SIMPLIFIED INPUT - Fri Mar 13 15:57:10 GMT 2026 - \\Remote'
[2026-03-13 15:57:13] [DEBUG] Family group not found — skipping F0319
[2026-03-13 15:57:14] [DEBUG] Clicked and typed at (712,135): F0320
[2026-03-13 15:57:17] [DEBUG] Poll #5 active window: 'GOLD PRD - \\Remote'
[2026-03-13 15:57:18] [DEBUG] Poll #10 active window: 'GOLD PRD - \\Remote'
[2026-03-13 15:57:19] [DEBUG] Poll #15 active window: 'GOLD PRD - \\Remote'
[2026-03-13 15:57:20] [DEBUG] Poll #20 active window: 'GOLD PRD - \\Remote'
[2026-03-13 15:57:21] [DEBUG] Poll #25 active window: 'GOLD PRD - \\Remote'
[2026-03-13 15:57:22] [DEBUG] Poll #30 active window: 'GOLD PRD - \\Remote'
[2026-03-13 15:57:23] [DEBUG] Poll #35 active window: 'GOLD PRD - \\Remote'
[2026-03-13 15:57:24] [DEBUG] Poll #40 active window: 'GOLD PRD - \\Remote'
[2026-03-13 15:57:24] [DEBUG] Waiting for color CCCCCC to disappear at (623,653)
[2026-03-13 15:57:24] [DEBUG] Color changed from CCCCCC to FFFFFF — loading complete
[2026-03-13 15:57:31] [DEBUG] Added 15 items to CSV for: D0025 - GROCERY - EDIBLE > S0011 - BREAKFAST CEREALS > C0066 - HOT CEREALS > F0320
[2026-03-13 15:57:31] [DEBUG] Family group F0320: 15 items added to CSV
[2026-03-13 15:57:33] [DEBUG] Clicked and typed at (712,135): F0321
[2026-03-13 15:57:36] [DEBUG] Poll #5 active window: 'GOLD PRD - \\Remote'
[2026-03-13 15:57:37] [DEBUG] Poll #10 active window: 'GOLD PRD - \\Remote'
[2026-03-13 15:57:38] [DEBUG] Poll #15 active window: 'GOLD PRD - \\Remote'
[2026-03-13 15:57:39] [DEBUG] Poll #20 active window: 'GOLD PRD - \\Remote'
[2026-03-13 15:57:40] [DEBUG] Poll #25 active window: 'GOLD PRD - \\Remote'
[2026-03-13 15:57:41] [DEBUG] Poll #30 active window: 'GOLD PRD - \\Remote'
[2026-03-13 15:57:42] [DEBUG] Poll #35 active window: 'GOLD PRD - \\Remote'
[2026-03-13 15:57:43] [DEBUG] Poll #40 active window: 'GOLD PRD - \\Remote'
[2026-03-13 15:57:43] [DEBUG] Waiting for color CCCCCC to disappear at (623,653)
[2026-03-13 15:57:44] [DEBUG] Color changed from CCCCCC to E2E8FB — loading complete
[2026-03-13 15:57:51] [DEBUG] Added 6 items to CSV for: D0025 - GROCERY - EDIBLE > S0011 - BREAKFAST CEREALS > C0066 - HOT CEREALS > F0321
[2026-03-13 15:57:51] [DEBUG] Family group F0321: 6 items added to CSV
[2026-03-13 15:57:53] [DEBUG] Clicked and typed at (712,135): F0322
[2026-03-13 15:57:56] [DEBUG] Poll #5 active window: 'GOLD PRD - \\Remote'
[2026-03-13 15:57:57] [DEBUG] Poll #10 active window: 'GOLD PRD - \\Remote'
[2026-03-13 15:57:58] [DEBUG] Poll #15 active window: 'GOLD PRD - \\Remote'
[2026-03-13 15:57:59] [DEBUG] Poll #20 active window: 'GOLD PRD - \\Remote'
[2026-03-13 15:58:00] [DEBUG] Poll #25 active window: 'GOLD PRD - \\Remote'
[2026-03-13 15:58:01] [DEBUG] Poll #30 active window: 'GOLD PRD - \\Remote'
[2026-03-13 15:58:02] [DEBUG] Poll #35 active window: 'GOLD PRD - \\Remote'
[2026-03-13 15:58:03] [DEBUG] Poll #40 active window: 'GOLD PRD - \\Remote'
[2026-03-13 15:58:03] [DEBUG] Waiting for color CCCCCC to disappear at (623,653)
[2026-03-13 15:58:03] [DEBUG] Color changed from CCCCCC to E2E8FB — loading complete
[2026-03-13 15:58:10] [DEBUG] No valid items found in clipboard for family group: F0322
[2026-03-13 15:58:10] [DEBUG] Family group F0322: 0 items added to CSV
[2026-03-13 15:58:12] [DEBUG] Clicked and typed at (712,135): F0323
[2026-03-13 15:58:15] [DEBUG] Poll #5 active window: 'GOLD PRD - \\Remote'
[2026-03-13 15:58:16] [DEBUG] Poll #10 active window: 'GOLD PRD - \\Remote'
[2026-03-13 15:58:17] [DEBUG] Poll #15 active window: 'GOLD PRD - \\Remote'
[2026-03-13 15:58:18] [DEBUG] Poll #20 active window: 'GOLD PRD - \\Remote'
[2026-03-13 15:58:19] [DEBUG] Poll #25 active window: 'GOLD PRD - \\Remote'
[2026-03-13 15:58:20] [DEBUG] Poll #30 active window: 'GOLD PRD - \\Remote'
[2026-03-13 15:58:21] [DEBUG] Poll #35 active window: 'GOLD PRD - \\Remote'
[2026-03-13 15:58:22] [DEBUG] Poll #40 active window: 'GOLD PRD - \\Remote'
[2026-03-13 15:58:22] [DEBUG] Waiting for color CCCCCC to disappear at (623,653)
[2026-03-13 15:58:22] [DEBUG] Color changed from CCCCCC to E2E8FB — loading complete
[2026-03-13 15:58:29] [DEBUG] Added 4 items to CSV for: D0025 - GROCERY - EDIBLE > S0011 - BREAKFAST CEREALS > C0067 - MUESLI CEREALS > F0323
[2026-03-13 15:58:29] [DEBUG] Family group F0323: 4 items added to CSV
[2026-03-13 15:58:31] [DEBUG] Clicked and typed at (712,135): F0324
[2026-03-13 15:58:34] [DEBUG] Poll #5 active window: 'GOLD PRD - \\Remote'
[2026-03-13 15:58:35] [DEBUG] Poll #10 active window: 'GOLD PRD - \\Remote'
[2026-03-13 15:58:36] [DEBUG] Poll #15 active window: 'GOLD PRD - \\Remote'
[2026-03-13 15:58:37] [DEBUG] Poll #20 active window: 'GOLD PRD - \\Remote'
[2026-03-13 15:58:38] [DEBUG] Poll #25 active window: 'GOLD PRD - \\Remote'
[2026-03-13 15:58:39] [DEBUG] Poll #30 active window: 'GOLD PRD - \\Remote'
[2026-03-13 15:58:40] [DEBUG] Poll #35 active window: 'GOLD PRD - \\Remote'
[2026-03-13 15:58:41] [DEBUG] Poll #40 active window: 'GOLD PRD - \\Remote'
[2026-03-13 15:58:41] [DEBUG] Waiting for color CCCCCC to disappear at (623,653)
[2026-03-13 15:58:41] [DEBUG] Color changed from CCCCCC to E2E8FB — loading complete
[2026-03-13 15:58:49] [DEBUG] Added 5 items to CSV for: D0025 - GROCERY - EDIBLE > S0011 - BREAKFAST CEREALS > C0067 - MUESLI CEREALS > F0324
[2026-03-13 15:58:49] [DEBUG] Family group F0324: 5 items added to CSV
[2026-03-13 15:58:51] [DEBUG] Clicked and typed at (712,135): F0325
[2026-03-13 15:58:54] [DEBUG] Poll #5 active window: 'GOLD PRD - \\Remote'
[2026-03-13 15:58:55] [DEBUG] Poll #10 active window: 'GOLD PRD - \\Remote'
[2026-03-13 15:58:56] [DEBUG] Poll #15 active window: 'GOLD PRD - \\Remote'
[2026-03-13 15:58:57] [DEBUG] Poll #20 active window: 'GOLD PRD - \\Remote'
[2026-03-13 15:58:58] [DEBUG] Poll #25 active window: 'GOLD PRD - \\Remote'
[2026-03-13 15:58:59] [DEBUG] Poll #30 active window: 'GOLD PRD - \\Remote'
[2026-03-13 15:59:00] [DEBUG] Poll #35 active window: 'GOLD PRD - \\Remote'
[2026-03-13 15:59:01] [DEBUG] Poll #40 active window: 'GOLD PRD - \\Remote'
[2026-03-13 15:59:01] [DEBUG] Waiting for color CCCCCC to disappear at (623,653)
[2026-03-13 15:59:01] [DEBUG] Color changed from CCCCCC to E2E8FB — loading complete
[2026-03-13 15:59:08] [DEBUG] Added 2 items to CSV for: D0025 - GROCERY - EDIBLE > S0011 - BREAKFAST CEREALS > C0067 - MUESLI CEREALS > F0325
[2026-03-13 15:59:08] [DEBUG] Family group F0325: 2 items added to CSV
[2026-03-13 15:59:10] [DEBUG] Clicked and typed at (712,135): F0326
[2026-03-13 15:59:13] [DEBUG] Poll #5 active window: 'GOLD PRD - \\Remote'
[2026-03-13 15:59:14] [DEBUG] Poll #10 active window: 'GOLD PRD - \\Remote'
[2026-03-13 15:59:15] [DEBUG] Poll #15 active window: 'GOLD PRD - \\Remote'
[2026-03-13 15:59:16] [DEBUG] Poll #20 active window: 'GOLD PRD - \\Remote'
[2026-03-13 15:59:17] [DEBUG] Poll #25 active window: 'GOLD PRD - \\Remote'
[2026-03-13 15:59:18] [DEBUG] Poll #30 active window: 'GOLD PRD - \\Remote'
[2026-03-13 15:59:19] [DEBUG] Poll #35 active window: 'GOLD PRD - \\Remote'
[2026-03-13 15:59:20] [DEBUG] Poll #40 active window: 'GOLD PRD - \\Remote'
[2026-03-13 15:59:20] [DEBUG] Waiting for color CCCCCC to disappear at (623,653)
[2026-03-13 15:59:20] [DEBUG] Color changed from CCCCCC to E2E8FB — loading complete
[2026-03-13 15:59:27] [DEBUG] No valid items found in clipboard for family group: F0326
[2026-03-13 15:59:27] [DEBUG] Family group F0326: 0 items added to CSV
[2026-03-13 15:59:29] [DEBUG] Clicked and typed at (712,135): F0327
[2026-03-13 15:59:32] [DEBUG] Poll #5 active window: 'GOLD PRD - \\Remote'
[2026-03-13 15:59:33] [DEBUG] Poll #10 active window: 'GOLD PRD - \\Remote'
[2026-03-13 15:59:34] [DEBUG] Poll #15 active window: 'GOLD PRD - \\Remote'
[2026-03-13 15:59:35] [DEBUG] Poll #20 active window: 'GOLD PRD - \\Remote'
[2026-03-13 15:59:36] [DEBUG] Poll #25 active window: 'GOLD PRD - \\Remote'
[2026-03-13 15:59:37] [DEBUG] Poll #30 active window: 'GOLD PRD - \\Remote'
[2026-03-13 15:59:38] [DEBUG] Poll #35 active window: 'GOLD PRD - \\Remote'
[2026-03-13 15:59:39] [DEBUG] Poll #40 active window: 'GOLD PRD - \\Remote'
[2026-03-13 15:59:39] [DEBUG] Waiting for color CCCCCC to disappear at (623,653)
[2026-03-13 15:59:39] [DEBUG] Color changed from CCCCCC to FFFFFF — loading complete
[2026-03-13 15:59:47] [DEBUG] Added 8 items to CSV for: D0025 - GROCERY - EDIBLE > S0011 - BREAKFAST CEREALS > C0068 - WHEAT CEREAL > F0327
[2026-03-13 15:59:47] [DEBUG] Family group F0327: 8 items added to CSV
[2026-03-13 15:59:48] [DEBUG] Clicked and typed at (712,135): F0329
[2026-03-13 15:59:52] [DEBUG] Poll #5 active window: 'GOLD PRD - \\Remote'
[2026-03-13 15:59:53] [DEBUG] Poll #10 active window: 'GOLD PRD - \\Remote'
[2026-03-13 15:59:54] [DEBUG] Poll #15 active window: 'GOLD PRD - \\Remote'
[2026-03-13 15:59:55] [DEBUG] Poll #20 active window: 'GOLD PRD - \\Remote'
[2026-03-13 15:59:56] [DEBUG] Poll #25 active window: 'GOLD PRD - \\Remote'
[2026-03-13 15:59:57] [DEBUG] Poll #30 active window: 'GOLD PRD - \\Remote'
[2026-03-13 15:59:58] [DEBUG] Poll #35 active window: 'GOLD PRD - \\Remote'
[2026-03-13 15:59:59] [DEBUG] Poll #40 active window: 'GOLD PRD - \\Remote'
[2026-03-13 15:59:59] [DEBUG] Waiting for color CCCCCC to disappear at (623,653)
[2026-03-13 15:59:59] [DEBUG] Color changed from CCCCCC to E2E8FB — loading complete
[2026-03-13 16:00:06] [DEBUG] Added 6 items to CSV for: D0025 - GROCERY - EDIBLE > S0012 - CANNED DRIED VEG/MEAT > C0069 - BAKED BEANS > F0329
[2026-03-13 16:00:06] [DEBUG] Family group F0329: 6 items added to CSV
[2026-03-13 16:00:08] [DEBUG] Clicked and typed at (712,135): F0330
[2026-03-13 16:00:11] [DEBUG] Poll #5 active window: 'GOLD PRD - \\Remote'
[2026-03-13 16:00:12] [DEBUG] Poll #10 active window: 'GOLD PRD - \\Remote'
[2026-03-13 16:00:13] [DEBUG] Poll #15 active window: 'GOLD PRD - \\Remote'
[2026-03-13 16:00:14] [DEBUG] Poll #20 active window: 'GOLD PRD - \\Remote'
[2026-03-13 16:00:15] [DEBUG] Poll #25 active window: 'GOLD PRD - \\Remote'
[2026-03-13 16:00:16] [DEBUG] Poll #30 active window: 'GOLD PRD - \\Remote'
[2026-03-13 16:00:17] [DEBUG] Poll #35 active window: 'GOLD PRD - \\Remote'
[2026-03-13 16:00:18] [DEBUG] Poll #40 active window: 'GOLD PRD - \\Remote'
[2026-03-13 16:00:18] [DEBUG] Waiting for color CCCCCC to disappear at (623,653)
[2026-03-13 16:00:18] [DEBUG] Color changed from CCCCCC to E2E8FB — loading complete
[2026-03-13 16:00:25] [DEBUG] Added 14 items to CSV for: D0025 - GROCERY - EDIBLE > S0012 - CANNED DRIED VEG/MEAT > C0069 - BAKED BEANS > F0330
[2026-03-13 16:00:25] [DEBUG] Family group F0330: 14 items added to CSV
[2026-03-13 16:00:27] [DEBUG] Clicked and typed at (712,135): F0331
[2026-03-13 16:00:30] [DEBUG] IsGoldWindowActive: matched active title 'G.O.L.D. - LOCAL SALES PRICE SIMPLIFIED INPUT - Fri Mar 13 16:00:31 GMT 2026 - \\Remote'
[2026-03-13 16:00:34] [DEBUG] Family group not found — skipping F0331
[2026-03-13 16:00:35] [DEBUG] Clicked and typed at (712,135): F0332
[2026-03-13 16:00:38] [DEBUG] Poll #5 active window: 'GOLD PRD - \\Remote'
[2026-03-13 16:00:39] [DEBUG] Poll #10 active window: 'GOLD PRD - \\Remote'
[2026-03-13 16:00:40] [DEBUG] Poll #15 active window: 'GOLD PRD - \\Remote'
[2026-03-13 16:00:41] [DEBUG] Poll #20 active window: 'GOLD PRD - \\Remote'
[2026-03-13 16:00:42] [DEBUG] Poll #25 active window: 'GOLD PRD - \\Remote'
[2026-03-13 16:00:43] [DEBUG] Poll #30 active window: 'GOLD PRD - \\Remote'
[2026-03-13 16:00:44] [DEBUG] Poll #35 active window: 'GOLD PRD - \\Remote'
[2026-03-13 16:00:45] [DEBUG] Poll #40 active window: 'GOLD PRD - \\Remote'
[2026-03-13 16:00:45] [DEBUG] Waiting for color CCCCCC to disappear at (623,653)
[2026-03-13 16:00:45] [DEBUG] Color changed from CCCCCC to E2E8FB — loading complete
[2026-03-13 16:00:52] [DEBUG] No valid items found in clipboard for family group: F0332
[2026-03-13 16:00:52] [DEBUG] Family group F0332: 0 items added to CSV
[2026-03-13 16:00:54] [DEBUG] Clicked and typed at (712,135): F0333
[2026-03-13 16:00:57] [DEBUG] Poll #5 active window: 'GOLD PRD - \\Remote'
[2026-03-13 16:00:58] [DEBUG] Poll #10 active window: 'GOLD PRD - \\Remote'
[2026-03-13 16:00:59] [DEBUG] Poll #15 active window: 'GOLD PRD - \\Remote'
[2026-03-13 16:01:00] [DEBUG] Poll #20 active window: 'GOLD PRD - \\Remote'
[2026-03-13 16:01:01] [DEBUG] Poll #25 active window: 'GOLD PRD - \\Remote'
[2026-03-13 16:01:02] [DEBUG] Poll #30 active window: 'GOLD PRD - \\Remote'
[2026-03-13 16:01:03] [DEBUG] Poll #35 active window: 'GOLD PRD - \\Remote'
[2026-03-13 16:01:04] [DEBUG] Poll #40 active window: 'GOLD PRD - \\Remote'
[2026-03-13 16:01:04] [DEBUG] Waiting for color CCCCCC to disappear at (623,653)
[2026-03-13 16:01:04] [DEBUG] Color changed from CCCCCC to FFFFFF — loading complete
[2026-03-13 16:01:11] [DEBUG] Added 15 items to CSV for: D0025 - GROCERY - EDIBLE > S0012 - CANNED DRIED VEG/MEAT > C0069 - BAKED BEANS > F0333
[2026-03-13 16:01:11] [DEBUG] Family group F0333: 15 items added to CSV
[2026-03-13 16:01:13] [DEBUG] Clicked and typed at (712,135): F0335
[2026-03-13 16:01:16] [DEBUG] Poll #5 active window: 'GOLD PRD - \\Remote'
[2026-03-13 16:01:17] [DEBUG] Poll #10 active window: 'GOLD PRD - \\Remote'
[2026-03-13 16:01:18] [DEBUG] Poll #15 active window: 'GOLD PRD - \\Remote'
[2026-03-13 16:01:19] [DEBUG] Poll #20 active window: 'GOLD PRD - \\Remote'
[2026-03-13 16:01:20] [DEBUG] Poll #25 active window: 'GOLD PRD - \\Remote'
[2026-03-13 16:01:21] [DEBUG] Poll #30 active window: 'GOLD PRD - \\Remote'
[2026-03-13 16:01:22] [DEBUG] Poll #35 active window: 'GOLD PRD - \\Remote'
[2026-03-13 16:01:23] [DEBUG] Poll #40 active window: 'GOLD PRD - \\Remote'
[2026-03-13 16:01:23] [DEBUG] Waiting for color CCCCCC to disappear at (623,653)
[2026-03-13 16:01:23] [DEBUG] Color changed from CCCCCC to E2E8FB — loading complete
[2026-03-13 16:01:31] [DEBUG] Added 5 items to CSV for: D0025 - GROCERY - EDIBLE > S0012 - CANNED DRIED VEG/MEAT > C0070 - CANNED BEANS & PULSES > F0335
[2026-03-13 16:01:31] [DEBUG] Family group F0335: 5 items added to CSV
[2026-03-13 16:01:33] [DEBUG] Clicked and typed at (712,135): F0336
[2026-03-13 16:01:36] [DEBUG] Poll #5 active window: 'GOLD PRD - \\Remote'
[2026-03-13 16:01:37] [DEBUG] Poll #10 active window: 'GOLD PRD - \\Remote'
[2026-03-13 16:01:38] [DEBUG] Poll #15 active window: 'GOLD PRD - \\Remote'
[2026-03-13 16:01:39] [DEBUG] Poll #20 active window: 'GOLD PRD - \\Remote'
[2026-03-13 16:01:40] [DEBUG] Poll #25 active window: 'GOLD PRD - \\Remote'
[2026-03-13 16:01:41] [DEBUG] Poll #30 active window: 'GOLD PRD - \\Remote'
[2026-03-13 16:01:42] [DEBUG] Poll #35 active window: 'GOLD PRD - \\Remote'
[2026-03-13 16:01:43] [DEBUG] Poll #40 active window: 'GOLD PRD - \\Remote'
[2026-03-13 16:01:43] [DEBUG] Waiting for color CCCCCC to disappear at (623,653)
[2026-03-13 16:01:43] [DEBUG] Color changed from CCCCCC to E2E8FB — loading complete
[2026-03-13 16:01:50] [DEBUG] Added 5 items to CSV for: D0025 - GROCERY - EDIBLE > S0012 - CANNED DRIED VEG/MEAT > C0070 - CANNED BEANS & PULSES > F0336
[2026-03-13 16:01:50] [DEBUG] Family group F0336: 5 items added to CSV
[2026-03-13 16:01:52] [DEBUG] Clicked and typed at (712,135): F0337
[2026-03-13 16:01:55] [DEBUG] Poll #5 active window: 'GOLD PRD - \\Remote'
[2026-03-13 16:01:56] [DEBUG] Poll #10 active window: 'GOLD PRD - \\Remote'
[2026-03-13 16:01:57] [DEBUG] Poll #15 active window: 'GOLD PRD - \\Remote'
[2026-03-13 16:01:58] [DEBUG] Poll #20 active window: 'GOLD PRD - \\Remote'
[2026-03-13 16:01:59] [DEBUG] Poll #25 active window: 'GOLD PRD - \\Remote'
[2026-03-13 16:02:00] [DEBUG] Poll #30 active window: 'GOLD PRD - \\Remote'
[2026-03-13 16:02:01] [DEBUG] Poll #35 active window: 'GOLD PRD - \\Remote'
[2026-03-13 16:02:02] [DEBUG] Poll #40 active window: 'GOLD PRD - \\Remote'
[2026-03-13 16:02:02] [DEBUG] Waiting for color CCCCCC to disappear at (623,653)
[2026-03-13 16:02:02] [DEBUG] Color changed from CCCCCC to E2E8FB — loading complete
[2026-03-13 16:02:09] [DEBUG] Added 1 items to CSV for: D0025 - GROCERY - EDIBLE > S0012 - CANNED DRIED VEG/MEAT > C0070 - CANNED BEANS & PULSES > F0337
[2026-03-13 16:02:09] [DEBUG] Family group F0337: 1 items added to CSV
[2026-03-13 16:02:11] [DEBUG] Clicked and typed at (712,135): F0338
[2026-03-13 16:02:14] [DEBUG] Poll #5 active window: 'GOLD PRD - \\Remote'
[2026-03-13 16:02:15] [DEBUG] Poll #10 active window: 'GOLD PRD - \\Remote'
[2026-03-13 16:02:16] [DEBUG] Poll #15 active window: 'GOLD PRD - \\Remote'
[2026-03-13 16:02:17] [DEBUG] Poll #20 active window: 'GOLD PRD - \\Remote'
[2026-03-13 16:02:18] [DEBUG] Poll #25 active window: 'GOLD PRD - \\Remote'
[2026-03-13 16:02:19] [DEBUG] Poll #30 active window: 'GOLD PRD - \\Remote'
[2026-03-13 16:02:20] [DEBUG] Poll #35 active window: 'GOLD PRD - \\Remote'
[2026-03-13 16:02:21] [DEBUG] Poll #40 active window: 'GOLD PRD - \\Remote'
[2026-03-13 16:02:21] [DEBUG] Waiting for color CCCCCC to disappear at (623,653)
[2026-03-13 16:02:21] [DEBUG] Color changed from CCCCCC to E2E8FB — loading complete
[2026-03-13 16:02:29] [DEBUG] Added 3 items to CSV for: D0025 - GROCERY - EDIBLE > S0012 - CANNED DRIED VEG/MEAT > C0070 - CANNED BEANS & PULSES > F0338
[2026-03-13 16:02:29] [DEBUG] Family group F0338: 3 items added to CSV
[2026-03-13 16:02:30] [DEBUG] Clicked and typed at (712,135): F0339
[2026-03-13 16:02:34] [DEBUG] Poll #5 active window: 'GOLD PRD - \\Remote'
[2026-03-13 16:02:35] [DEBUG] Poll #10 active window: 'GOLD PRD - \\Remote'
[2026-03-13 16:02:36] [DEBUG] Poll #15 active window: 'GOLD PRD - \\Remote'
[2026-03-13 16:02:37] [DEBUG] Poll #20 active window: 'GOLD PRD - \\Remote'
[2026-03-13 16:02:38] [DEBUG] Poll #25 active window: 'GOLD PRD - \\Remote'
[2026-03-13 16:02:39] [DEBUG] Poll #30 active window: 'GOLD PRD - \\Remote'
[2026-03-13 16:02:40] [DEBUG] Poll #35 active window: 'GOLD PRD - \\Remote'
[2026-03-13 16:02:41] [DEBUG] Poll #40 active window: 'GOLD PRD - \\Remote'
[2026-03-13 16:02:41] [DEBUG] Waiting for color CCCCCC to disappear at (623,653)
[2026-03-13 16:02:41] [DEBUG] Color changed from CCCCCC to FFFFFF — loading complete
[2026-03-13 16:02:48] [DEBUG] Added 8 items to CSV for: D0025 - GROCERY - EDIBLE > S0012 - CANNED DRIED VEG/MEAT > C0070 - CANNED BEANS & PULSES > F0339
[2026-03-13 16:02:48] [DEBUG] Family group F0339: 8 items added to CSV
[2026-03-13 16:02:50] [DEBUG] Clicked and typed at (712,135): F0342
[2026-03-13 16:02:53] [DEBUG] Poll #5 active window: 'GOLD PRD - \\Remote'
[2026-03-13 16:02:54] [DEBUG] Poll #10 active window: 'GOLD PRD - \\Remote'
[2026-03-13 16:02:55] [DEBUG] Poll #15 active window: 'GOLD PRD - \\Remote'
[2026-03-13 16:02:56] [DEBUG] Poll #20 active window: 'GOLD PRD - \\Remote'
[2026-03-13 16:02:57] [DEBUG] Poll #25 active window: 'GOLD PRD - \\Remote'
[2026-03-13 16:02:58] [DEBUG] Poll #30 active window: 'GOLD PRD - \\Remote'
[2026-03-13 16:02:59] [DEBUG] Poll #35 active window: 'GOLD PRD - \\Remote'
[2026-03-13 16:03:00] [DEBUG] Poll #40 active window: 'GOLD PRD - \\Remote'
[2026-03-13 16:03:00] [DEBUG] Waiting for color CCCCCC to disappear at (623,653)
[2026-03-13 16:03:00] [DEBUG] Color changed from CCCCCC to E2E8FB — loading complete
[2026-03-13 16:03:07] [DEBUG] Added 2 items to CSV for: D0025 - GROCERY - EDIBLE > S0012 - CANNED DRIED VEG/MEAT > C0071 - CANNED PASTA > F0342
[2026-03-13 16:03:07] [DEBUG] Family group F0342: 2 items added to CSV
[2026-03-13 16:03:09] [DEBUG] Clicked and typed at (712,135): F0344
[2026-03-13 16:03:12] [DEBUG] IsGoldWindowActive: matched active title 'G.O.L.D. - LOCAL SALES PRICE SIMPLIFIED INPUT - Fri Mar 13 16:03:13 GMT 2026 - \\Remote'
[2026-03-13 16:03:16] [DEBUG] Family group not found — skipping F0344
[2026-03-13 16:03:17] [DEBUG] Clicked and typed at (712,135): F0345
[2026-03-13 16:03:20] [DEBUG] Poll #5 active window: 'GOLD PRD - \\Remote'
[2026-03-13 16:03:21] [DEBUG] Poll #10 active window: 'GOLD PRD - \\Remote'
[2026-03-13 16:03:22] [DEBUG] Poll #15 active window: 'GOLD PRD - \\Remote'
[2026-03-13 16:03:23] [DEBUG] Poll #20 active window: 'GOLD PRD - \\Remote'
[2026-03-13 16:03:24] [DEBUG] Poll #25 active window: 'GOLD PRD - \\Remote'
[2026-03-13 16:03:25] [DEBUG] Poll #30 active window: 'GOLD PRD - \\Remote'
[2026-03-13 16:03:26] [DEBUG] Poll #35 active window: 'GOLD PRD - \\Remote'
[2026-03-13 16:03:27] [DEBUG] Poll #40 active window: 'GOLD PRD - \\Remote'
[2026-03-13 16:03:27] [DEBUG] Waiting for color CCCCCC to disappear at (623,653)
[2026-03-13 16:03:27] [DEBUG] Color changed from CCCCCC to E2E8FB — loading complete
[2026-03-13 16:03:34] [DEBUG] Added 6 items to CSV for: D0025 - GROCERY - EDIBLE > S0012 - CANNED DRIED VEG/MEAT > C0071 - CANNED PASTA > F0345
[2026-03-13 16:03:34] [DEBUG] Family group F0345: 6 items added to CSV
[2026-03-13 16:03:36] [DEBUG] Clicked and typed at (712,135): F0349
[2026-03-13 16:03:39] [DEBUG] Poll #5 active window: 'GOLD PRD - \\Remote'
[2026-03-13 16:03:40] [DEBUG] Poll #10 active window: 'GOLD PRD - \\Remote'
[2026-03-13 16:03:41] [DEBUG] Poll #15 active window: 'GOLD PRD - \\Remote'
[2026-03-13 16:03:42] [DEBUG] Poll #20 active window: 'GOLD PRD - \\Remote'
[2026-03-13 16:03:43] [DEBUG] Poll #25 active window: 'GOLD PRD - \\Remote'
[2026-03-13 16:03:44] [DEBUG] Poll #30 active window: 'GOLD PRD - \\Remote'
[2026-03-13 16:03:45] [DEBUG] Poll #35 active window: 'GOLD PRD - \\Remote'
[2026-03-13 16:03:46] [DEBUG] Poll #40 active window: 'GOLD PRD - \\Remote'
[2026-03-13 16:03:46] [DEBUG] Waiting for color CCCCCC to disappear at (623,653)
[2026-03-13 16:03:46] [DEBUG] Color changed from CCCCCC to E2E8FB — loading complete
[2026-03-13 16:03:53] [DEBUG] No valid items found in clipboard for family group: F0349
[2026-03-13 16:03:53] [DEBUG] Family group F0349: 0 items added to CSV
[2026-03-13 16:03:55] [DEBUG] Clicked and typed at (712,135): F0353
[2026-03-13 16:03:58] [DEBUG] Poll #5 active window: 'GOLD PRD - \\Remote'
[2026-03-13 16:03:59] [DEBUG] Poll #10 active window: 'GOLD PRD - \\Remote'
[2026-03-13 16:04:00] [DEBUG] Poll #15 active window: 'GOLD PRD - \\Remote'
[2026-03-13 16:04:01] [DEBUG] Poll #20 active window: 'GOLD PRD - \\Remote'
[2026-03-13 16:04:02] [DEBUG] Poll #25 active window: 'GOLD PRD - \\Remote'
[2026-03-13 16:04:03] [DEBUG] Poll #30 active window: 'GOLD PRD - \\Remote'
[2026-03-13 16:04:04] [DEBUG] Poll #35 active window: 'GOLD PRD - \\Remote'
[2026-03-13 16:04:05] [DEBUG] Poll #40 active window: 'GOLD PRD - \\Remote'
[2026-03-13 16:04:05] [DEBUG] Waiting for color CCCCCC to disappear at (623,653)
[2026-03-13 16:04:05] [DEBUG] Color changed from CCCCCC to E2E8FB — loading complete
[2026-03-13 16:04:13] [DEBUG] Added 1 items to CSV for: D0025 - GROCERY - EDIBLE > S0012 - CANNED DRIED VEG/MEAT > C0073 - CANNED CARROTS > F0353
[2026-03-13 16:04:13] [DEBUG] Family group F0353: 1 items added to CSV
[2026-03-13 16:04:15] [DEBUG] Clicked and typed at (712,135): F0356
[2026-03-13 16:04:18] [DEBUG] Poll #5 active window: 'GOLD PRD - \\Remote'
[2026-03-13 16:04:19] [DEBUG] Poll #10 active window: 'GOLD PRD - \\Remote'
[2026-03-13 16:04:20] [DEBUG] Poll #15 active window: 'GOLD PRD - \\Remote'
[2026-03-13 16:04:21] [DEBUG] Poll #20 active window: 'GOLD PRD - \\Remote'
[2026-03-13 16:04:22] [DEBUG] Poll #25 active window: 'GOLD PRD - \\Remote'
[2026-03-13 16:04:23] [DEBUG] Poll #30 active window: 'GOLD PRD - \\Remote'
[2026-03-13 16:04:24] [DEBUG] Poll #35 active window: 'GOLD PRD - \\Remote'
[2026-03-13 16:04:25] [DEBUG] Poll #40 active window: 'GOLD PRD - \\Remote'
[2026-03-13 16:04:25] [DEBUG] Waiting for color CCCCCC to disappear at (623,653)
[2026-03-13 16:04:25] [DEBUG] Color changed from CCCCCC to E2E8FB — loading complete
[2026-03-13 16:04:32] [DEBUG] No valid items found in clipboard for family group: F0356
[2026-03-13 16:04:32] [DEBUG] Family group F0356: 0 items added to CSV
[2026-03-13 16:04:34] [DEBUG] Clicked and typed at (712,135): F0357
[2026-03-13 16:04:37] [DEBUG] Poll #5 active window: 'GOLD PRD - \\Remote'
[2026-03-13 16:04:38] [DEBUG] Poll #10 active window: 'GOLD PRD - \\Remote'
[2026-03-13 16:04:39] [DEBUG] Poll #15 active window: 'GOLD PRD - \\Remote'
[2026-03-13 16:04:40] [DEBUG] Poll #20 active window: 'GOLD PRD - \\Remote'
[2026-03-13 16:04:41] [DEBUG] Poll #25 active window: 'GOLD PRD - \\Remote'
[2026-03-13 16:04:42] [DEBUG] Poll #30 active window: 'GOLD PRD - \\Remote'
[2026-03-13 16:04:43] [DEBUG] Poll #35 active window: 'GOLD PRD - \\Remote'
[2026-03-13 16:04:44] [DEBUG] Poll #40 active window: 'GOLD PRD - \\Remote'
[2026-03-13 16:04:44] [DEBUG] Waiting for color CCCCCC to disappear at (623,653)
[2026-03-13 16:04:44] [DEBUG] Color changed from CCCCCC to FFFFFF — loading complete
[2026-03-13 16:04:51] [DEBUG] Added 8 items to CSV for: D0025 - GROCERY - EDIBLE > S0012 - CANNED DRIED VEG/MEAT > C0074 - CANNED CORN > F0357
[2026-03-13 16:04:51] [DEBUG] Family group F0357: 8 items added to CSV
[2026-03-13 16:04:53] [DEBUG] Clicked and typed at (712,135): F0359
[2026-03-13 16:04:56] [DEBUG] Poll #5 active window: 'GOLD PRD - \\Remote'
[2026-03-13 16:04:57] [DEBUG] Poll #10 active window: 'GOLD PRD - \\Remote'
[2026-03-13 16:04:58] [DEBUG] Poll #15 active window: 'GOLD PRD - \\Remote'
[2026-03-13 16:04:59] [DEBUG] Poll #20 active window: 'GOLD PRD - \\Remote'
[2026-03-13 16:05:00] [DEBUG] Poll #25 active window: 'GOLD PRD - \\Remote'
[2026-03-13 16:05:01] [DEBUG] Poll #30 active window: 'GOLD PRD - \\Remote'
[2026-03-13 16:05:02] [DEBUG] Poll #35 active window: 'GOLD PRD - \\Remote'
[2026-03-13 16:05:03] [DEBUG] Poll #40 active window: 'GOLD PRD - \\Remote'
[2026-03-13 16:05:03] [DEBUG] Waiting for color CCCCCC to disappear at (623,653)
[2026-03-13 16:05:03] [DEBUG] Color changed from CCCCCC to E2E8FB — loading complete
[2026-03-13 16:05:11] [DEBUG] No valid items found in clipboard for family group: F0359
[2026-03-13 16:05:11] [DEBUG] Family group F0359: 0 items added to CSV
[2026-03-13 16:05:12] [DEBUG] Clicked and typed at (712,135): F0362
[2026-03-13 16:05:15] [DEBUG] IsGoldWindowActive: matched active title 'G.O.L.D. - LOCAL SALES PRICE SIMPLIFIED INPUT - Fri Mar 13 16:05:16 GMT 2026 - \\Remote'
[2026-03-13 16:05:19] [DEBUG] Family group not found — skipping F0362
[2026-03-13 16:05:20] [DEBUG] Clicked and typed at (712,135): F0363
[2026-03-13 16:05:23] [DEBUG] Poll #5 active window: 'GOLD PRD - \\Remote'
[2026-03-13 16:05:24] [DEBUG] Poll #10 active window: 'GOLD PRD - \\Remote'
[2026-03-13 16:05:25] [DEBUG] Poll #15 active window: 'GOLD PRD - \\Remote'
[2026-03-13 16:05:26] [DEBUG] Poll #20 active window: 'GOLD PRD - \\Remote'
[2026-03-13 16:05:27] [DEBUG] Poll #25 active window: 'GOLD PRD - \\Remote'
[2026-03-13 16:05:28] [DEBUG] Poll #30 active window: 'GOLD PRD - \\Remote'
[2026-03-13 16:05:29] [DEBUG] Poll #35 active window: 'GOLD PRD - \\Remote'
[2026-03-13 16:05:30] [DEBUG] Poll #40 active window: 'GOLD PRD - \\Remote'
[2026-03-13 16:05:30] [DEBUG] Waiting for color CCCCCC to disappear at (623,653)
[2026-03-13 16:05:30] [DEBUG] Color changed from CCCCCC to E2E8FB — loading complete
[2026-03-13 16:05:37] [DEBUG] Added 1 items to CSV for: D0025 - GROCERY - EDIBLE > S0012 - CANNED DRIED VEG/MEAT > C0075 - AMBIENT DRIED VEG > F0363
[2026-03-13 16:05:37] [DEBUG] Family group F0363: 1 items added to CSV
[2026-03-13 16:05:39] [DEBUG] Clicked and typed at (712,135): F0364
[2026-03-13 16:05:42] [DEBUG] Poll #5 active window: 'GOLD PRD - \\Remote'
[2026-03-13 16:05:43] [DEBUG] Poll #10 active window: 'GOLD PRD - \\Remote'
[2026-03-13 16:05:44] [DEBUG] Poll #15 active window: 'GOLD PRD - \\Remote'
[2026-03-13 16:05:45] [DEBUG] Poll #20 active window: 'GOLD PRD - \\Remote'
[2026-03-13 16:05:46] [DEBUG] Poll #25 active window: 'GOLD PRD - \\Remote'
[2026-03-13 16:05:47] [DEBUG] Poll #30 active window: 'GOLD PRD - \\Remote'
[2026-03-13 16:05:48] [DEBUG] Poll #35 active window: 'GOLD PRD - \\Remote'
[2026-03-13 16:05:49] [DEBUG] Poll #40 active window: 'GOLD PRD - \\Remote'
[2026-03-13 16:05:49] [DEBUG] Waiting for color CCCCCC to disappear at (623,653)
[2026-03-13 16:05:49] [DEBUG] Color changed from CCCCCC to E2E8FB — loading complete
[2026-03-13 16:05:57] [DEBUG] Added 1 items to CSV for: D0025 - GROCERY - EDIBLE > S0012 - CANNED DRIED VEG/MEAT > C0075 - AMBIENT DRIED VEG > F0364
[2026-03-13 16:05:57] [DEBUG] Family group F0364: 1 items added to CSV
[2026-03-13 16:05:59] [DEBUG] Clicked and typed at (712,135): F0366
[2026-03-13 16:06:02] [DEBUG] Poll #5 active window: 'GOLD PRD - \\Remote'
[2026-03-13 16:06:03] [DEBUG] Poll #10 active window: 'GOLD PRD - \\Remote'
[2026-03-13 16:06:04] [DEBUG] Poll #15 active window: 'GOLD PRD - \\Remote'
[2026-03-13 16:06:05] [DEBUG] Poll #20 active window: 'GOLD PRD - \\Remote'
[2026-03-13 16:06:06] [DEBUG] Poll #25 active window: 'GOLD PRD - \\Remote'
[2026-03-13 16:06:07] [DEBUG] Poll #30 active window: 'GOLD PRD - \\Remote'
[2026-03-13 16:06:08] [DEBUG] Poll #35 active window: 'GOLD PRD - \\Remote'
[2026-03-13 16:06:09] [DEBUG] Poll #40 active window: 'GOLD PRD - \\Remote'
[2026-03-13 16:06:09] [DEBUG] Waiting for color CCCCCC to disappear at (623,653)
[2026-03-13 16:06:09] [DEBUG] Color changed from CCCCCC to E2E8FB — loading complete
[2026-03-13 16:06:16] [DEBUG] No valid items found in clipboard for family group: F0366
[2026-03-13 16:06:16] [DEBUG] Family group F0366: 0 items added to CSV
[2026-03-13 16:06:18] [DEBUG] Clicked and typed at (712,135): F0367
[2026-03-13 16:06:21] [DEBUG] Poll #5 active window: 'GOLD PRD - \\Remote'
[2026-03-13 16:06:22] [DEBUG] Poll #10 active window: 'GOLD PRD - \\Remote'
[2026-03-13 16:06:23] [DEBUG] Poll #15 active window: 'GOLD PRD - \\Remote'
[2026-03-13 16:06:24] [DEBUG] Poll #20 active window: 'GOLD PRD - \\Remote'
[2026-03-13 16:06:25] [DEBUG] Poll #25 active window: 'GOLD PRD - \\Remote'
[2026-03-13 16:06:26] [DEBUG] Poll #30 active window: 'GOLD PRD - \\Remote'
[2026-03-13 16:06:27] [DEBUG] Poll #35 active window: 'GOLD PRD - \\Remote'
[2026-03-13 16:06:28] [DEBUG] Poll #40 active window: 'GOLD PRD - \\Remote'
[2026-03-13 16:06:28] [DEBUG] Waiting for color CCCCCC to disappear at (623,653)
[2026-03-13 16:06:28] [DEBUG] Color changed from CCCCCC to E2E8FB — loading complete
[2026-03-13 16:06:35] [DEBUG] No valid items found in clipboard for family group: F0367
[2026-03-13 16:06:35] [DEBUG] Family group F0367: 0 items added to CSV
[2026-03-13 16:06:37] [DEBUG] Clicked and typed at (712,135): F0369
[2026-03-13 16:06:40] [DEBUG] Poll #5 active window: 'GOLD PRD - \\Remote'
[2026-03-13 16:06:41] [DEBUG] Poll #10 active window: 'GOLD PRD - \\Remote'
[2026-03-13 16:06:42] [DEBUG] Poll #15 active window: 'GOLD PRD - \\Remote'
[2026-03-13 16:06:43] [DEBUG] Poll #20 active window: 'GOLD PRD - \\Remote'
[2026-03-13 16:06:44] [DEBUG] Poll #25 active window: 'GOLD PRD - \\Remote'
[2026-03-13 16:06:45] [DEBUG] Poll #30 active window: 'GOLD PRD - \\Remote'
[2026-03-13 16:06:46] [DEBUG] Poll #35 active window: 'GOLD PRD - \\Remote'
[2026-03-13 16:06:47] [DEBUG] Poll #40 active window: 'GOLD PRD - \\Remote'
[2026-03-13 16:06:47] [DEBUG] Waiting for color CCCCCC to disappear at (623,653)
[2026-03-13 16:06:47] [DEBUG] Color changed from CCCCCC to E2E8FB — loading complete
[2026-03-13 16:06:55] [DEBUG] No valid items found in clipboard for family group: F0369
[2026-03-13 16:06:55] [DEBUG] Family group F0369: 0 items added to CSV
[2026-03-13 16:06:57] [DEBUG] Clicked and typed at (712,135): F0371
[2026-03-13 16:07:00] [DEBUG] Poll #5 active window: 'GOLD PRD - \\Remote'
[2026-03-13 16:07:01] [DEBUG] Poll #10 active window: 'GOLD PRD - \\Remote'
[2026-03-13 16:07:02] [DEBUG] Poll #15 active window: 'GOLD PRD - \\Remote'
[2026-03-13 16:07:03] [DEBUG] Poll #20 active window: 'GOLD PRD - \\Remote'
[2026-03-13 16:07:04] [DEBUG] Poll #25 active window: 'GOLD PRD - \\Remote'
[2026-03-13 16:07:05] [DEBUG] Poll #30 active window: 'GOLD PRD - \\Remote'
[2026-03-13 16:07:06] [DEBUG] Poll #35 active window: 'GOLD PRD - \\Remote'
[2026-03-13 16:07:07] [DEBUG] Poll #40 active window: 'GOLD PRD - \\Remote'
[2026-03-13 16:07:07] [DEBUG] Waiting for color CCCCCC to disappear at (623,653)
[2026-03-13 16:07:08] [DEBUG] Color changed from CCCCCC to E2E8FB — loading complete
[2026-03-13 16:07:15] [DEBUG] Added 5 items to CSV for: D0025 - GROCERY - EDIBLE > S0012 - CANNED DRIED VEG/MEAT > C0076 - OTHER CANNED VEG > F0371
[2026-03-13 16:07:15] [DEBUG] Family group F0371: 5 items added to CSV
[2026-03-13 16:07:17] [DEBUG] Clicked and typed at (712,135): F0372
[2026-03-13 16:07:20] [DEBUG] Poll #5 active window: 'GOLD PRD - \\Remote'
[2026-03-13 16:07:21] [DEBUG] Poll #10 active window: 'GOLD PRD - \\Remote'
[2026-03-13 16:07:22] [DEBUG] Poll #15 active window: 'GOLD PRD - \\Remote'
[2026-03-13 16:07:23] [DEBUG] Poll #20 active window: 'GOLD PRD - \\Remote'
[2026-03-13 16:07:24] [DEBUG] Poll #25 active window: 'GOLD PRD - \\Remote'
[2026-03-13 16:07:25] [DEBUG] Poll #30 active window: 'GOLD PRD - \\Remote'
[2026-03-13 16:07:26] [DEBUG] Poll #35 active window: 'GOLD PRD - \\Remote'
[2026-03-13 16:07:27] [DEBUG] Poll #40 active window: 'GOLD PRD - \\Remote'
[2026-03-13 16:07:27] [DEBUG] Waiting for color CCCCCC to disappear at (623,653)
[2026-03-13 16:07:27] [DEBUG] Color changed from CCCCCC to E2E8FB — loading complete
[2026-03-13 16:07:34] [DEBUG] No valid items found in clipboard for family group: F0372
[2026-03-13 16:07:34] [DEBUG] Family group F0372: 0 items added to CSV
[2026-03-13 16:07:36] [DEBUG] Clicked and typed at (712,135): F0374
[2026-03-13 16:07:39] [DEBUG] Poll #5 active window: 'GOLD PRD - \\Remote'
[2026-03-13 16:07:40] [DEBUG] Poll #10 active window: 'GOLD PRD - \\Remote'
[2026-03-13 16:07:41] [DEBUG] Poll #15 active window: 'GOLD PRD - \\Remote'
[2026-03-13 16:07:42] [DEBUG] Poll #20 active window: 'GOLD PRD - \\Remote'
[2026-03-13 16:07:43] [DEBUG] Poll #25 active window: 'GOLD PRD - \\Remote'
[2026-03-13 16:07:44] [DEBUG] Poll #30 active window: 'GOLD PRD - \\Remote'
[2026-03-13 16:07:45] [DEBUG] Poll #35 active window: 'GOLD PRD - \\Remote'
[2026-03-13 16:07:46] [DEBUG] Poll #40 active window: 'GOLD PRD - \\Remote'
[2026-03-13 16:07:46] [DEBUG] Waiting for color CCCCCC to disappear at (623,653)
[2026-03-13 16:07:46] [DEBUG] Color changed from CCCCCC to E2E8FB — loading complete
[2026-03-13 16:07:54] [DEBUG] No valid items found in clipboard for family group: F0374
[2026-03-13 16:07:54] [DEBUG] Family group F0374: 0 items added to CSV
[2026-03-13 16:07:55] [DEBUG] Clicked and typed at (712,135): F0375
[2026-03-13 16:07:58] [DEBUG] Poll #5 active window: 'GOLD PRD - \\Remote'
[2026-03-13 16:07:59] [DEBUG] Poll #10 active window: 'GOLD PRD - \\Remote'
[2026-03-13 16:08:00] [DEBUG] Poll #15 active window: 'GOLD PRD - \\Remote'
[2026-03-13 16:08:01] [DEBUG] Poll #20 active window: 'GOLD PRD - \\Remote'
[2026-03-13 16:08:03] [DEBUG] Poll #25 active window: 'GOLD PRD - \\Remote'
[2026-03-13 16:08:04] [DEBUG] Poll #30 active window: 'GOLD PRD - \\Remote'
[2026-03-13 16:08:05] [DEBUG] Poll #35 active window: 'GOLD PRD - \\Remote'
[2026-03-13 16:08:06] [DEBUG] Poll #40 active window: 'GOLD PRD - \\Remote'
[2026-03-13 16:08:06] [DEBUG] Waiting for color CCCCCC to disappear at (623,653)
[2026-03-13 16:08:06] [DEBUG] Color changed from CCCCCC to E2E8FB — loading complete
[2026-03-13 16:08:13] [DEBUG] Added 3 items to CSV for: D0025 - GROCERY - EDIBLE > S0012 - CANNED DRIED VEG/MEAT > C0077 - CANNED PEAS > F0375
[2026-03-13 16:08:13] [DEBUG] Family group F0375: 3 items added to CSV
[2026-03-13 16:08:15] [DEBUG] Clicked and typed at (712,135): F0377
[2026-03-13 16:08:18] [DEBUG] Poll #5 active window: 'GOLD PRD - \\Remote'
[2026-03-13 16:08:19] [DEBUG] Poll #10 active window: 'GOLD PRD - \\Remote'
[2026-03-13 16:08:20] [DEBUG] Poll #15 active window: 'GOLD PRD - \\Remote'
[2026-03-13 16:08:21] [DEBUG] Poll #20 active window: 'GOLD PRD - \\Remote'
[2026-03-13 16:08:22] [DEBUG] Poll #25 active window: 'GOLD PRD - \\Remote'
[2026-03-13 16:08:23] [DEBUG] Poll #30 active window: 'GOLD PRD - \\Remote'
[2026-03-13 16:08:24] [DEBUG] Poll #35 active window: 'GOLD PRD - \\Remote'
[2026-03-13 16:08:25] [DEBUG] Poll #40 active window: 'GOLD PRD - \\Remote'
[2026-03-13 16:08:25] [DEBUG] Waiting for color CCCCCC to disappear at (623,653)
[2026-03-13 16:08:25] [DEBUG] Color changed from CCCCCC to E2E8FB — loading complete
[2026-03-13 16:08:32] [DEBUG] Added 3 items to CSV for: D0025 - GROCERY - EDIBLE > S0012 - CANNED DRIED VEG/MEAT > C0077 - CANNED PEAS > F0377
[2026-03-13 16:08:32] [DEBUG] Family group F0377: 3 items added to CSV
[2026-03-13 16:08:34] [DEBUG] Clicked and typed at (712,135): F0378
[2026-03-13 16:08:37] [DEBUG] Poll #5 active window: 'GOLD PRD - \\Remote'
[2026-03-13 16:08:38] [DEBUG] Poll #10 active window: 'GOLD PRD - \\Remote'
[2026-03-13 16:08:39] [DEBUG] Poll #15 active window: 'GOLD PRD - \\Remote'
[2026-03-13 16:08:40] [DEBUG] Poll #20 active window: 'GOLD PRD - \\Remote'
[2026-03-13 16:08:41] [DEBUG] Poll #25 active window: 'GOLD PRD - \\Remote'
[2026-03-13 16:08:42] [DEBUG] Poll #30 active window: 'GOLD PRD - \\Remote'
[2026-03-13 16:08:43] [DEBUG] Poll #35 active window: 'GOLD PRD - \\Remote'
[2026-03-13 16:08:44] [DEBUG] Poll #40 active window: 'GOLD PRD - \\Remote'
[2026-03-13 16:08:44] [DEBUG] Waiting for color CCCCCC to disappear at (623,653)
[2026-03-13 16:08:44] [DEBUG] Color changed from CCCCCC to E2E8FB — loading complete
[2026-03-13 16:08:52] [DEBUG] Added 7 items to CSV for: D0025 - GROCERY - EDIBLE > S0012 - CANNED DRIED VEG/MEAT > C0077 - CANNED PEAS > F0378
[2026-03-13 16:08:52] [DEBUG] Family group F0378: 7 items added to CSV
[2026-03-13 16:08:53] [DEBUG] Clicked and typed at (712,135): F5403
[2026-03-13 16:08:56] [DEBUG] Poll #5 active window: 'GOLD PRD - \\Remote'
[2026-03-13 16:08:57] [DEBUG] Poll #10 active window: 'GOLD PRD - \\Remote'
[2026-03-13 16:08:58] [DEBUG] Poll #15 active window: 'GOLD PRD - \\Remote'
[2026-03-13 16:08:59] [DEBUG] Poll #20 active window: 'GOLD PRD - \\Remote'
[2026-03-13 16:09:00] [DEBUG] Poll #25 active window: 'GOLD PRD - \\Remote'
[2026-03-13 16:09:01] [DEBUG] Poll #30 active window: 'GOLD PRD - \\Remote'
[2026-03-13 16:09:02] [DEBUG] Poll #35 active window: 'GOLD PRD - \\Remote'
[2026-03-13 16:09:03] [DEBUG] Poll #40 active window: 'GOLD PRD - \\Remote'
[2026-03-13 16:09:03] [DEBUG] Waiting for color CCCCCC to disappear at (623,653)
[2026-03-13 16:09:08] [DEBUG] Color changed from CCCCCC to FFFFFF — loading complete
[2026-03-13 16:09:15] [DEBUG] Added 2 items to CSV for: D0025 - GROCERY - EDIBLE > S0012 - CANNED DRIED VEG/MEAT > C0939 - CANNED MEAT & SPREADS > F5403
[2026-03-13 16:09:15] [DEBUG] Family group F5403: 2 items added to CSV
[2026-03-13 16:09:17] [DEBUG] Clicked and typed at (712,135): F5404
[2026-03-13 16:09:20] [DEBUG] Poll #5 active window: 'GOLD PRD - \\Remote'
[2026-03-13 16:09:21] [DEBUG] Poll #10 active window: 'GOLD PRD - \\Remote'
[2026-03-13 16:09:22] [DEBUG] Poll #15 active window: 'GOLD PRD - \\Remote'
[2026-03-13 16:09:23] [DEBUG] Poll #20 active window: 'GOLD PRD - \\Remote'
[2026-03-13 16:09:24] [DEBUG] Poll #25 active window: 'GOLD PRD - \\Remote'
[2026-03-13 16:09:25] [DEBUG] Poll #30 active window: 'GOLD PRD - \\Remote'
[2026-03-13 16:09:26] [DEBUG] Poll #35 active window: 'GOLD PRD - \\Remote'
[2026-03-13 16:09:27] [DEBUG] Poll #40 active window: 'GOLD PRD - \\Remote'
[2026-03-13 16:09:27] [DEBUG] Waiting for color CCCCCC to disappear at (623,653)
[2026-03-13 16:09:27] [DEBUG] Color changed from CCCCCC to E2E8FB — loading complete
[2026-03-13 16:09:34] [DEBUG] Added 4 items to CSV for: D0025 - GROCERY - EDIBLE > S0012 - CANNED DRIED VEG/MEAT > C0939 - CANNED MEAT & SPREADS > F5404
[2026-03-13 16:09:34] [DEBUG] Family group F5404: 4 items added to CSV
[2026-03-13 16:09:36] [DEBUG] Clicked and typed at (712,135): F5405
[2026-03-13 16:09:39] [DEBUG] Poll #5 active window: 'GOLD PRD - \\Remote'
[2026-03-13 16:09:40] [DEBUG] Poll #10 active window: 'GOLD PRD - \\Remote'
[2026-03-13 16:09:41] [DEBUG] Poll #15 active window: 'GOLD PRD - \\Remote'
[2026-03-13 16:09:42] [DEBUG] Poll #20 active window: 'GOLD PRD - \\Remote'
[2026-03-13 16:09:43] [DEBUG] Poll #25 active window: 'GOLD PRD - \\Remote'
[2026-03-13 16:09:44] [DEBUG] Poll #30 active window: 'GOLD PRD - \\Remote'
[2026-03-13 16:09:45] [DEBUG] Poll #35 active window: 'GOLD PRD - \\Remote'
[2026-03-13 16:09:46] [DEBUG] Poll #40 active window: 'GOLD PRD - \\Remote'
[2026-03-13 16:09:46] [DEBUG] Waiting for color CCCCCC to disappear at (623,653)
[2026-03-13 16:09:46] [DEBUG] Color changed from CCCCCC to E2E8FB — loading complete
[2026-03-13 16:09:54] [DEBUG] No valid items found in clipboard for family group: F5405
[2026-03-13 16:09:54] [DEBUG] Family group F5405: 0 items added to CSV
[2026-03-13 16:09:55] [DEBUG] Clicked and typed at (712,135): F0402
[2026-03-13 16:09:58] [DEBUG] Poll #5 active window: 'GOLD PRD - \\Remote'
[2026-03-13 16:09:59] [DEBUG] Poll #10 active window: 'GOLD PRD - \\Remote'
[2026-03-13 16:10:00] [DEBUG] Poll #15 active window: 'GOLD PRD - \\Remote'
[2026-03-13 16:10:01] [DEBUG] Poll #20 active window: 'GOLD PRD - \\Remote'
[2026-03-13 16:10:03] [DEBUG] Poll #25 active window: 'GOLD PRD - \\Remote'
[2026-03-13 16:10:04] [DEBUG] Poll #30 active window: 'GOLD PRD - \\Remote'
[2026-03-13 16:10:05] [DEBUG] Poll #35 active window: 'GOLD PRD - \\Remote'
[2026-03-13 16:10:06] [DEBUG] Poll #40 active window: 'GOLD PRD - \\Remote'
[2026-03-13 16:10:06] [DEBUG] Waiting for color CCCCCC to disappear at (623,653)
[2026-03-13 16:10:06] [DEBUG] Color changed from CCCCCC to E2E8FB — loading complete
[2026-03-13 16:10:13] [DEBUG] Added 3 items to CSV for: D0025 - GROCERY - EDIBLE > S0013 - CANNED FISH > C0082 - OTHER CANNED FISH > F0402
[2026-03-13 16:10:13] [DEBUG] Family group F0402: 3 items added to CSV
[2026-03-13 16:10:15] [DEBUG] Clicked and typed at (712,135): F0403
[2026-03-13 16:10:18] [DEBUG] Poll #5 active window: 'GOLD PRD - \\Remote'
[2026-03-13 16:10:19] [DEBUG] Poll #10 active window: 'GOLD PRD - \\Remote'
[2026-03-13 16:10:20] [DEBUG] Poll #15 active window: 'GOLD PRD - \\Remote'
[2026-03-13 16:10:21] [DEBUG] Poll #20 active window: 'GOLD PRD - \\Remote'
[2026-03-13 16:10:22] [DEBUG] Poll #25 active window: 'GOLD PRD - \\Remote'
[2026-03-13 16:10:23] [DEBUG] Poll #30 active window: 'GOLD PRD - \\Remote'
[2026-03-13 16:10:24] [DEBUG] Poll #35 active window: 'GOLD PRD - \\Remote'
[2026-03-13 16:10:25] [DEBUG] Poll #40 active window: 'GOLD PRD - \\Remote'
[2026-03-13 16:10:25] [DEBUG] Waiting for color CCCCCC to disappear at (623,653)
[2026-03-13 16:10:25] [DEBUG] Color changed from CCCCCC to E2E8FB — loading complete
[2026-03-13 16:10:32] [DEBUG] Added 1 items to CSV for: D0025 - GROCERY - EDIBLE > S0013 - CANNED FISH > C0082 - OTHER CANNED FISH > F0403
[2026-03-13 16:10:32] [DEBUG] Family group F0403: 1 items added to CSV
[2026-03-13 16:10:34] [DEBUG] Clicked and typed at (712,135): F0405
[2026-03-13 16:10:37] [DEBUG] Poll #5 active window: 'GOLD PRD - \\Remote'
[2026-03-13 16:10:38] [DEBUG] Poll #10 active window: 'GOLD PRD - \\Remote'
[2026-03-13 16:10:39] [DEBUG] Poll #15 active window: 'GOLD PRD - \\Remote'
[2026-03-13 16:10:40] [DEBUG] Poll #20 active window: 'GOLD PRD - \\Remote'
[2026-03-13 16:10:41] [DEBUG] Poll #25 active window: 'GOLD PRD - \\Remote'
[2026-03-13 16:10:42] [DEBUG] Poll #30 active window: 'GOLD PRD - \\Remote'
[2026-03-13 16:10:43] [DEBUG] Poll #35 active window: 'GOLD PRD - \\Remote'
[2026-03-13 16:10:44] [DEBUG] Poll #40 active window: 'GOLD PRD - \\Remote'
[2026-03-13 16:10:44] [DEBUG] Waiting for color CCCCCC to disappear at (623,653)
[2026-03-13 16:10:44] [DEBUG] Color changed from CCCCCC to E2E8FB — loading complete
[2026-03-13 16:10:52] [DEBUG] Added 9 items to CSV for: D0025 - GROCERY - EDIBLE > S0013 - CANNED FISH > C0082 - OTHER CANNED FISH > F0405
[2026-03-13 16:10:52] [DEBUG] Family group F0405: 9 items added to CSV
[2026-03-13 16:10:53] [DEBUG] Clicked and typed at (712,135): F0406
[2026-03-13 16:10:56] [DEBUG] Poll #5 active window: 'GOLD PRD - \\Remote'
[2026-03-13 16:10:57] [DEBUG] Poll #10 active window: 'GOLD PRD - \\Remote'
[2026-03-13 16:10:58] [DEBUG] Poll #15 active window: 'GOLD PRD - \\Remote'
[2026-03-13 16:10:59] [DEBUG] Poll #20 active window: 'GOLD PRD - \\Remote'
[2026-03-13 16:11:00] [DEBUG] Poll #25 active window: 'GOLD PRD - \\Remote'
[2026-03-13 16:11:01] [DEBUG] Poll #30 active window: 'GOLD PRD - \\Remote'
[2026-03-13 16:11:03] [DEBUG] Poll #35 active window: 'GOLD PRD - \\Remote'
[2026-03-13 16:11:04] [DEBUG] Poll #40 active window: 'GOLD PRD - \\Remote'
[2026-03-13 16:11:04] [DEBUG] Waiting for color CCCCCC to disappear at (623,653)
[2026-03-13 16:11:04] [DEBUG] Color changed from CCCCCC to FFFFFF — loading complete
[2026-03-13 16:11:12] [DEBUG] Added 2 items to CSV for: D0025 - GROCERY - EDIBLE > S0013 - CANNED FISH > C0082 - OTHER CANNED FISH > F0406
[2026-03-13 16:11:12] [DEBUG] Family group F0406: 2 items added to CSV
[2026-03-13 16:11:13] [DEBUG] Clicked and typed at (712,135): F0408
[2026-03-13 16:11:16] [DEBUG] Poll #5 active window: 'GOLD PRD - \\Remote'
[2026-03-13 16:11:17] [DEBUG] Poll #10 active window: 'GOLD PRD - \\Remote'
[2026-03-13 16:11:18] [DEBUG] Poll #15 active window: 'GOLD PRD - \\Remote'
[2026-03-13 16:11:20] [DEBUG] Poll #20 active window: 'GOLD PRD - \\Remote'
[2026-03-13 16:11:21] [DEBUG] Poll #25 active window: 'GOLD PRD - \\Remote'
[2026-03-13 16:11:22] [DEBUG] Poll #30 active window: 'GOLD PRD - \\Remote'
[2026-03-13 16:11:23] [DEBUG] Poll #35 active window: 'GOLD PRD - \\Remote'
[2026-03-13 16:11:24] [DEBUG] Poll #40 active window: 'GOLD PRD - \\Remote'
[2026-03-13 16:11:24] [DEBUG] Waiting for color CCCCCC to disappear at (623,653)
[2026-03-13 16:11:24] [DEBUG] Color changed from CCCCCC to E2E8FB — loading complete
[2026-03-13 16:11:31] [DEBUG] No valid items found in clipboard for family group: F0408
[2026-03-13 16:11:31] [DEBUG] Family group F0408: 0 items added to CSV
[2026-03-13 16:11:33] [DEBUG] Clicked and typed at (712,135): F0409
[2026-03-13 16:11:36] [DEBUG] Poll #5 active window: 'GOLD PRD - \\Remote'
[2026-03-13 16:11:37] [DEBUG] Poll #10 active window: 'GOLD PRD - \\Remote'
[2026-03-13 16:11:38] [DEBUG] Poll #15 active window: 'GOLD PRD - \\Remote'
[2026-03-13 16:11:39] [DEBUG] Poll #20 active window: 'GOLD PRD - \\Remote'
[2026-03-13 16:11:40] [DEBUG] Poll #25 active window: 'GOLD PRD - \\Remote'
[2026-03-13 16:11:41] [DEBUG] Poll #30 active window: 'GOLD PRD - \\Remote'
[2026-03-13 16:11:42] [DEBUG] Poll #35 active window: 'GOLD PRD - \\Remote'
[2026-03-13 16:11:43] [DEBUG] Poll #40 active window: 'GOLD PRD - \\Remote'
[2026-03-13 16:11:43] [DEBUG] Waiting for color CCCCCC to disappear at (623,653)
[2026-03-13 16:11:43] [DEBUG] Color changed from CCCCCC to E2E8FB — loading complete
[2026-03-13 16:11:50] [DEBUG] Added 6 items to CSV for: D0025 - GROCERY - EDIBLE > S0013 - CANNED FISH > C0083 - CANNED SALMON > F0409
[2026-03-13 16:11:50] [DEBUG] Family group F0409: 6 items added to CSV
[2026-03-13 16:11:52] [DEBUG] Clicked and typed at (712,135): F0410
[2026-03-13 16:11:55] [DEBUG] Poll #5 active window: 'GOLD PRD - \\Remote'
[2026-03-13 16:11:56] [DEBUG] Poll #10 active window: 'GOLD PRD - \\Remote'
[2026-03-13 16:11:57] [DEBUG] Poll #15 active window: 'GOLD PRD - \\Remote'
[2026-03-13 16:11:58] [DEBUG] Poll #20 active window: 'GOLD PRD - \\Remote'
[2026-03-13 16:11:59] [DEBUG] Poll #25 active window: 'GOLD PRD - \\Remote'
[2026-03-13 16:12:00] [DEBUG] Poll #30 active window: 'GOLD PRD - \\Remote'
[2026-03-13 16:12:01] [DEBUG] Poll #35 active window: 'GOLD PRD - \\Remote'
[2026-03-13 16:12:02] [DEBUG] Poll #40 active window: 'GOLD PRD - \\Remote'
[2026-03-13 16:12:02] [DEBUG] Waiting for color CCCCCC to disappear at (623,653)
[2026-03-13 16:12:02] [DEBUG] Color changed from CCCCCC to E2E8FB — loading complete
[2026-03-13 16:12:10] [DEBUG] Added 3 items to CSV for: D0025 - GROCERY - EDIBLE > S0013 - CANNED FISH > C0083 - CANNED SALMON > F0410
[2026-03-13 16:12:10] [DEBUG] Family group F0410: 3 items added to CSV
[2026-03-13 16:12:11] [DEBUG] Clicked and typed at (712,135): F0412
[2026-03-13 16:12:14] [DEBUG] Poll #5 active window: 'GOLD PRD - \\Remote'
[2026-03-13 16:12:15] [DEBUG] Poll #10 active window: 'GOLD PRD - \\Remote'
[2026-03-13 16:12:16] [DEBUG] Poll #15 active window: 'GOLD PRD - \\Remote'
[2026-03-13 16:12:17] [DEBUG] Poll #20 active window: 'GOLD PRD - \\Remote'
[2026-03-13 16:12:18] [DEBUG] Poll #25 active window: 'GOLD PRD - \\Remote'
[2026-03-13 16:12:19] [DEBUG] Poll #30 active window: 'GOLD PRD - \\Remote'
[2026-03-13 16:12:20] [DEBUG] Poll #35 active window: 'GOLD PRD - \\Remote'
[2026-03-13 16:12:22] [DEBUG] Poll #40 active window: 'GOLD PRD - \\Remote'
[2026-03-13 16:12:22] [DEBUG] Waiting for color CCCCCC to disappear at (623,653)
[2026-03-13 16:12:22] [DEBUG] Color changed from CCCCCC to FFFFFF — loading complete
[2026-03-13 16:12:29] [DEBUG] Added 12 items to CSV for: D0025 - GROCERY - EDIBLE > S0013 - CANNED FISH > C0084 - CANNED SARDINES > F0412
[2026-03-13 16:12:29] [DEBUG] Family group F0412: 12 items added to CSV
[2026-03-13 16:12:31] [DEBUG] Clicked and typed at (712,135): F0415
[2026-03-13 16:12:34] [DEBUG] Poll #5 active window: 'GOLD PRD - \\Remote'
[2026-03-13 16:12:35] [DEBUG] Poll #10 active window: 'GOLD PRD - \\Remote'
[2026-03-13 16:12:36] [DEBUG] Poll #15 active window: 'GOLD PRD - \\Remote'
[2026-03-13 16:12:37] [DEBUG] Poll #20 active window: 'GOLD PRD - \\Remote'
[2026-03-13 16:12:38] [DEBUG] Poll #25 active window: 'GOLD PRD - \\Remote'
[2026-03-13 16:12:39] [DEBUG] Poll #30 active window: 'GOLD PRD - \\Remote'
[2026-03-13 16:12:40] [DEBUG] Poll #35 active window: 'GOLD PRD - \\Remote'
[2026-03-13 16:12:41] [DEBUG] Poll #40 active window: 'GOLD PRD - \\Remote'
[2026-03-13 16:12:41] [DEBUG] Waiting for color CCCCCC to disappear at (623,653)
[2026-03-13 16:12:41] [DEBUG] Color changed from CCCCCC to FFFFFF — loading complete
[2026-03-13 16:12:48] [DEBUG] Added 13 items to CSV for: D0025 - GROCERY - EDIBLE > S0013 - CANNED FISH > C0085 - CANNED TUNA > F0415
[2026-03-13 16:12:48] [DEBUG] Family group F0415: 13 items added to CSV
[2026-03-13 16:12:50] [DEBUG] Clicked and typed at (712,135): F0417
[2026-03-13 16:12:53] [DEBUG] Poll #5 active window: 'GOLD PRD - \\Remote'
[2026-03-13 16:12:54] [DEBUG] Poll #10 active window: 'GOLD PRD - \\Remote'
[2026-03-13 16:12:55] [DEBUG] Poll #15 active window: 'GOLD PRD - \\Remote'
[2026-03-13 16:12:56] [DEBUG] Poll #20 active window: 'GOLD PRD - \\Remote'
[2026-03-13 16:12:57] [DEBUG] Poll #25 active window: 'GOLD PRD - \\Remote'
[2026-03-13 16:12:58] [DEBUG] Poll #30 active window: 'GOLD PRD - \\Remote'
[2026-03-13 16:12:59] [DEBUG] Poll #35 active window: 'GOLD PRD - \\Remote'
[2026-03-13 16:13:00] [DEBUG] Poll #40 active window: 'GOLD PRD - \\Remote'
[2026-03-13 16:13:00] [DEBUG] Waiting for color CCCCCC to disappear at (623,653)
[2026-03-13 16:13:00] [DEBUG] Color changed from CCCCCC to E2E8FB — loading complete
[2026-03-13 16:13:07] [DEBUG] No valid items found in clipboard for family group: F0417
[2026-03-13 16:13:07] [DEBUG] Family group F0417: 0 items added to CSV
[2026-03-13 16:13:09] [DEBUG] Clicked and typed at (712,135): F0418
[2026-03-13 16:13:12] [DEBUG] Poll #5 active window: 'GOLD PRD - \\Remote'
[2026-03-13 16:13:13] [DEBUG] Poll #10 active window: 'GOLD PRD - \\Remote'
[2026-03-13 16:13:14] [DEBUG] Poll #15 active window: 'GOLD PRD - \\Remote'
[2026-03-13 16:13:15] [DEBUG] Poll #20 active window: 'GOLD PRD - \\Remote'
[2026-03-13 16:13:16] [DEBUG] Poll #25 active window: 'GOLD PRD - \\Remote'
[2026-03-13 16:13:17] [DEBUG] Poll #30 active window: 'GOLD PRD - \\Remote'
[2026-03-13 16:13:18] [DEBUG] Poll #35 active window: 'GOLD PRD - \\Remote'
[2026-03-13 16:13:19] [DEBUG] Poll #40 active window: 'GOLD PRD - \\Remote'
[2026-03-13 16:13:19] [DEBUG] Waiting for color CCCCCC to disappear at (623,653)
[2026-03-13 16:13:20] [DEBUG] Color changed from CCCCCC to FFFFFF — loading complete
[2026-03-13 16:13:27] [DEBUG] Added 17 items to CSV for: D0025 - GROCERY - EDIBLE > S0013 - CANNED FISH > C0085 - CANNED TUNA > F0418
[2026-03-13 16:13:27] [DEBUG] Family group F0418: 17 items added to CSV
[2026-03-13 16:13:29] [DEBUG] Clicked and typed at (712,135): F0419
[2026-03-13 16:13:32] [DEBUG] Poll #5 active window: 'GOLD PRD - \\Remote'
[2026-03-13 16:13:33] [DEBUG] Poll #10 active window: 'GOLD PRD - \\Remote'
[2026-03-13 16:13:34] [DEBUG] Poll #15 active window: 'GOLD PRD - \\Remote'
[2026-03-13 16:13:35] [DEBUG] Poll #20 active window: 'GOLD PRD - \\Remote'
[2026-03-13 16:13:36] [DEBUG] Poll #25 active window: 'GOLD PRD - \\Remote'
[2026-03-13 16:13:37] [DEBUG] Poll #30 active window: 'GOLD PRD - \\Remote'
[2026-03-13 16:13:38] [DEBUG] Poll #35 active window: 'GOLD PRD - \\Remote'
[2026-03-13 16:13:39] [DEBUG] Poll #40 active window: 'GOLD PRD - \\Remote'
[2026-03-13 16:13:39] [DEBUG] Waiting for color CCCCCC to disappear at (623,653)
[2026-03-13 16:13:39] [DEBUG] Color changed from CCCCCC to E2E8FB — loading complete
[2026-03-13 16:13:46] [DEBUG] Added 3 items to CSV for: D0025 - GROCERY - EDIBLE > S0013 - CANNED FISH > C0085 - CANNED TUNA > F0419
[2026-03-13 16:13:46] [DEBUG] Family group F0419: 3 items added to CSV
[2026-03-13 16:13:48] [DEBUG] Clicked and typed at (712,135): F0420
[2026-03-13 16:13:51] [DEBUG] Poll #5 active window: 'GOLD PRD - \\Remote'
[2026-03-13 16:13:52] [DEBUG] Poll #10 active window: 'GOLD PRD - \\Remote'
[2026-03-13 16:13:53] [DEBUG] Poll #15 active window: 'GOLD PRD - \\Remote'
[2026-03-13 16:13:54] [DEBUG] Poll #20 active window: 'GOLD PRD - \\Remote'
[2026-03-13 16:13:55] [DEBUG] Poll #25 active window: 'GOLD PRD - \\Remote'
[2026-03-13 16:13:56] [DEBUG] Poll #30 active window: 'GOLD PRD - \\Remote'
[2026-03-13 16:13:57] [DEBUG] Poll #35 active window: 'GOLD PRD - \\Remote'
[2026-03-13 16:13:58] [DEBUG] Poll #40 active window: 'GOLD PRD - \\Remote'
[2026-03-13 16:13:58] [DEBUG] Waiting for color CCCCCC to disappear at (623,653)
[2026-03-13 16:13:58] [DEBUG] Color changed from CCCCCC to FFFFFF — loading complete
[2026-03-13 16:14:05] [DEBUG] Added 13 items to CSV for: D0025 - GROCERY - EDIBLE > S0013 - CANNED FISH > C0085 - CANNED TUNA > F0420
[2026-03-13 16:14:05] [DEBUG] Family group F0420: 13 items added to CSV
[2026-03-13 16:14:07] [DEBUG] Clicked and typed at (712,135): F0428
[2026-03-13 16:14:10] [DEBUG] Poll #5 active window: 'GOLD PRD - \\Remote'
[2026-03-13 16:14:11] [DEBUG] Poll #10 active window: 'GOLD PRD - \\Remote'
[2026-03-13 16:14:12] [DEBUG] Poll #15 active window: 'GOLD PRD - \\Remote'
[2026-03-13 16:14:13] [DEBUG] Poll #20 active window: 'GOLD PRD - \\Remote'
[2026-03-13 16:14:14] [DEBUG] Poll #25 active window: 'GOLD PRD - \\Remote'
[2026-03-13 16:14:15] [DEBUG] Poll #30 active window: 'GOLD PRD - \\Remote'
[2026-03-13 16:14:16] [DEBUG] Poll #35 active window: 'GOLD PRD - \\Remote'
[2026-03-13 16:14:17] [DEBUG] Poll #40 active window: 'GOLD PRD - \\Remote'
[2026-03-13 16:14:17] [DEBUG] Waiting for color CCCCCC to disappear at (623,653)
[2026-03-13 16:14:18] [DEBUG] Color changed from CCCCCC to E2E8FB — loading complete
[2026-03-13 16:14:25] [DEBUG] Added 6 items to CSV for: D0025 - GROCERY - EDIBLE > S0014 - CANNED FRUIT/DESSERTS > C0086 - CANNED FRUIT > F0428
[2026-03-13 16:14:25] [DEBUG] Family group F0428: 6 items added to CSV
[2026-03-13 16:14:27] [DEBUG] Clicked and typed at (712,135): F0429
[2026-03-13 16:14:30] [DEBUG] Poll #5 active window: 'GOLD PRD - \\Remote'
[2026-03-13 16:14:31] [DEBUG] Poll #10 active window: 'GOLD PRD - \\Remote'
[2026-03-13 16:14:32] [DEBUG] Poll #15 active window: 'GOLD PRD - \\Remote'
[2026-03-13 16:14:33] [DEBUG] Poll #20 active window: 'GOLD PRD - \\Remote'
[2026-03-13 16:14:34] [DEBUG] Poll #25 active window: 'GOLD PRD - \\Remote'
[2026-03-13 16:14:35] [DEBUG] Poll #30 active window: 'GOLD PRD - \\Remote'
[2026-03-13 16:14:36] [DEBUG] Poll #35 active window: 'GOLD PRD - \\Remote'
[2026-03-13 16:14:37] [DEBUG] Poll #40 active window: 'GOLD PRD - \\Remote'
[2026-03-13 16:14:37] [DEBUG] Waiting for color CCCCCC to disappear at (623,653)
[2026-03-13 16:14:37] [DEBUG] Color changed from CCCCCC to E2E8FB — loading complete
[2026-03-13 16:14:44] [DEBUG] Added 5 items to CSV for: D0025 - GROCERY - EDIBLE > S0014 - CANNED FRUIT/DESSERTS > C0086 - CANNED FRUIT > F0429
[2026-03-13 16:14:44] [DEBUG] Family group F0429: 5 items added to CSV
[2026-03-13 16:14:46] [DEBUG] Clicked and typed at (712,135): F0430
[2026-03-13 16:14:49] [DEBUG] Poll #5 active window: 'GOLD PRD - \\Remote'
[2026-03-13 16:14:50] [DEBUG] Poll #10 active window: 'GOLD PRD - \\Remote'
[2026-03-13 16:14:51] [DEBUG] Poll #15 active window: 'GOLD PRD - \\Remote'
[2026-03-13 16:14:52] [DEBUG] Poll #20 active window: 'GOLD PRD - \\Remote'
[2026-03-13 16:14:53] [DEBUG] Poll #25 active window: 'GOLD PRD - \\Remote'
[2026-03-13 16:14:54] [DEBUG] Poll #30 active window: 'GOLD PRD - \\Remote'
[2026-03-13 16:14:55] [DEBUG] Poll #35 active window: 'GOLD PRD - \\Remote'
[2026-03-13 16:14:56] [DEBUG] Poll #40 active window: 'GOLD PRD - \\Remote'
[2026-03-13 16:14:56] [DEBUG] Waiting for color CCCCCC to disappear at (623,653)
[2026-03-13 16:14:56] [DEBUG] Color changed from CCCCCC to E2E8FB — loading complete
[2026-03-13 16:15:03] [DEBUG] Added 2 items to CSV for: D0025 - GROCERY - EDIBLE > S0014 - CANNED FRUIT/DESSERTS > C0086 - CANNED FRUIT > F0430
[2026-03-13 16:15:03] [DEBUG] Family group F0430: 2 items added to CSV
[2026-03-13 16:15:05] [DEBUG] Clicked and typed at (712,135): F0432
[2026-03-13 16:15:08] [DEBUG] Poll #5 active window: 'GOLD PRD - \\Remote'
[2026-03-13 16:15:09] [DEBUG] Poll #10 active window: 'GOLD PRD - \\Remote'
[2026-03-13 16:15:10] [DEBUG] Poll #15 active window: 'GOLD PRD - \\Remote'
[2026-03-13 16:15:11] [DEBUG] Poll #20 active window: 'GOLD PRD - \\Remote'
[2026-03-13 16:15:12] [DEBUG] Poll #25 active window: 'GOLD PRD - \\Remote'
[2026-03-13 16:15:13] [DEBUG] Poll #30 active window: 'GOLD PRD - \\Remote'
[2026-03-13 16:15:14] [DEBUG] Poll #35 active window: 'GOLD PRD - \\Remote'
[2026-03-13 16:15:15] [DEBUG] Poll #40 active window: 'GOLD PRD - \\Remote'
[2026-03-13 16:15:15] [DEBUG] Waiting for color CCCCCC to disappear at (623,653)
[2026-03-13 16:15:16] [DEBUG] Color changed from CCCCCC to E2E8FB — loading complete
[2026-03-13 16:15:23] [DEBUG] Added 3 items to CSV for: D0025 - GROCERY - EDIBLE > S0014 - CANNED FRUIT/DESSERTS > C0086 - CANNED FRUIT > F0432
[2026-03-13 16:15:23] [DEBUG] Family group F0432: 3 items added to CSV
[2026-03-13 16:15:25] [DEBUG] Clicked and typed at (712,135): F0433
[2026-03-13 16:15:28] [DEBUG] Poll #5 active window: 'GOLD PRD - \\Remote'
[2026-03-13 16:15:29] [DEBUG] Poll #10 active window: 'GOLD PRD - \\Remote'
[2026-03-13 16:15:30] [DEBUG] Poll #15 active window: 'GOLD PRD - \\Remote'
[2026-03-13 16:15:31] [DEBUG] Poll #20 active window: 'GOLD PRD - \\Remote'
[2026-03-13 16:15:32] [DEBUG] Poll #25 active window: 'GOLD PRD - \\Remote'
[2026-03-13 16:15:33] [DEBUG] Poll #30 active window: 'GOLD PRD - \\Remote'
[2026-03-13 16:15:34] [DEBUG] Poll #35 active window: 'GOLD PRD - \\Remote'
[2026-03-13 16:15:35] [DEBUG] Poll #40 active window: 'GOLD PRD - \\Remote'
[2026-03-13 16:15:35] [DEBUG] Waiting for color CCCCCC to disappear at (623,653)
[2026-03-13 16:15:35] [DEBUG] Color changed from CCCCCC to E2E8FB — loading complete
[2026-03-13 16:15:42] [DEBUG] Added 11 items to CSV for: D0025 - GROCERY - EDIBLE > S0014 - CANNED FRUIT/DESSERTS > C0086 - CANNED FRUIT > F0433
[2026-03-13 16:15:42] [DEBUG] Family group F0433: 11 items added to CSV
[2026-03-13 16:15:44] [DEBUG] Clicked and typed at (712,135): F0434
[2026-03-13 16:15:47] [DEBUG] Poll #5 active window: 'GOLD PRD - \\Remote'
[2026-03-13 16:15:48] [DEBUG] Poll #10 active window: 'GOLD PRD - \\Remote'
[2026-03-13 16:15:49] [DEBUG] Poll #15 active window: 'GOLD PRD - \\Remote'
[2026-03-13 16:15:50] [DEBUG] Poll #20 active window: 'GOLD PRD - \\Remote'
[2026-03-13 16:15:51] [DEBUG] Poll #25 active window: 'GOLD PRD - \\Remote'
[2026-03-13 16:15:52] [DEBUG] Poll #30 active window: 'GOLD PRD - \\Remote'
[2026-03-13 16:15:53] [DEBUG] Poll #35 active window: 'GOLD PRD - \\Remote'
[2026-03-13 16:15:54] [DEBUG] Poll #40 active window: 'GOLD PRD - \\Remote'
[2026-03-13 16:15:54] [DEBUG] Waiting for color CCCCCC to disappear at (623,653)
[2026-03-13 16:15:54] [DEBUG] Color changed from CCCCCC to E2E8FB — loading complete
[2026-03-13 16:16:01] [DEBUG] Added 4 items to CSV for: D0025 - GROCERY - EDIBLE > S0014 - CANNED FRUIT/DESSERTS > C0086 - CANNED FRUIT > F0434
[2026-03-13 16:16:01] [DEBUG] Family group F0434: 4 items added to CSV
[2026-03-13 16:16:03] [DEBUG] Clicked and typed at (712,135): F0435
[2026-03-13 16:16:06] [DEBUG] Poll #5 active window: 'GOLD PRD - \\Remote'
[2026-03-13 16:16:07] [DEBUG] Poll #10 active window: 'GOLD PRD - \\Remote'
[2026-03-13 16:16:08] [DEBUG] Poll #15 active window: 'GOLD PRD - \\Remote'
[2026-03-13 16:16:09] [DEBUG] Poll #20 active window: 'GOLD PRD - \\Remote'
[2026-03-13 16:16:10] [DEBUG] Poll #25 active window: 'GOLD PRD - \\Remote'
[2026-03-13 16:16:11] [DEBUG] Poll #30 active window: 'GOLD PRD - \\Remote'
[2026-03-13 16:16:12] [DEBUG] Poll #35 active window: 'GOLD PRD - \\Remote'
[2026-03-13 16:16:13] [DEBUG] Poll #40 active window: 'GOLD PRD - \\Remote'
[2026-03-13 16:16:13] [DEBUG] Waiting for color CCCCCC to disappear at (623,653)
[2026-03-13 16:16:14] [DEBUG] Color changed from CCCCCC to FFFFFF — loading complete
[2026-03-13 16:16:21] [DEBUG] Added 9 items to CSV for: D0025 - GROCERY - EDIBLE > S0014 - CANNED FRUIT/DESSERTS > C0086 - CANNED FRUIT > F0435
[2026-03-13 16:16:21] [DEBUG] Family group F0435: 9 items added to CSV
[2026-03-13 16:16:23] [DEBUG] Clicked and typed at (712,135): F0436
[2026-03-13 16:16:26] [DEBUG] Poll #5 active window: 'GOLD PRD - \\Remote'
[2026-03-13 16:16:27] [DEBUG] Poll #10 active window: 'GOLD PRD - \\Remote'
[2026-03-13 16:16:28] [DEBUG] Poll #15 active window: 'GOLD PRD - \\Remote'
[2026-03-13 16:16:29] [DEBUG] Poll #20 active window: 'GOLD PRD - \\Remote'
[2026-03-13 16:16:30] [DEBUG] Poll #25 active window: 'GOLD PRD - \\Remote'
[2026-03-13 16:16:31] [DEBUG] Poll #30 active window: 'GOLD PRD - \\Remote'
[2026-03-13 16:16:32] [DEBUG] Poll #35 active window: 'GOLD PRD - \\Remote'
[2026-03-13 16:16:33] [DEBUG] Poll #40 active window: 'GOLD PRD - \\Remote'
[2026-03-13 16:16:33] [DEBUG] Waiting for color CCCCCC to disappear at (623,653)
[2026-03-13 16:16:33] [DEBUG] Color changed from CCCCCC to E2E8FB — loading complete
[2026-03-13 16:16:40] [DEBUG] No valid items found in clipboard for family group: F0436
[2026-03-13 16:16:40] [DEBUG] Family group F0436: 0 items added to CSV
[2026-03-13 16:16:42] [DEBUG] Clicked and typed at (712,135): F0437
[2026-03-13 16:16:45] [DEBUG] Poll #5 active window: 'GOLD PRD - \\Remote'
[2026-03-13 16:16:46] [DEBUG] Poll #10 active window: 'GOLD PRD - \\Remote'
[2026-03-13 16:16:47] [DEBUG] Poll #15 active window: 'GOLD PRD - \\Remote'
[2026-03-13 16:16:48] [DEBUG] Poll #20 active window: 'GOLD PRD - \\Remote'
[2026-03-13 16:16:49] [DEBUG] Poll #25 active window: 'GOLD PRD - \\Remote'
[2026-03-13 16:16:50] [DEBUG] Poll #30 active window: 'GOLD PRD - \\Remote'
[2026-03-13 16:16:51] [DEBUG] Poll #35 active window: 'GOLD PRD - \\Remote'
[2026-03-13 16:16:52] [DEBUG] Poll #40 active window: 'GOLD PRD - \\Remote'
[2026-03-13 16:16:52] [DEBUG] Waiting for color CCCCCC to disappear at (623,653)
[2026-03-13 16:16:52] [DEBUG] Color changed from CCCCCC to E2E8FB — loading complete
[2026-03-13 16:16:59] [DEBUG] Added 2 items to CSV for: D0025 - GROCERY - EDIBLE > S0014 - CANNED FRUIT/DESSERTS > C0086 - CANNED FRUIT > F0437
[2026-03-13 16:16:59] [DEBUG] Family group F0437: 2 items added to CSV
[2026-03-13 16:17:01] [DEBUG] Clicked and typed at (712,135): F0440
[2026-03-13 16:17:04] [DEBUG] Poll #5 active window: 'GOLD PRD - \\Remote'
[2026-03-13 16:17:05] [DEBUG] Poll #10 active window: 'GOLD PRD - \\Remote'
[2026-03-13 16:17:06] [DEBUG] Poll #15 active window: 'GOLD PRD - \\Remote'
[2026-03-13 16:17:07] [DEBUG] Poll #20 active window: 'GOLD PRD - \\Remote'
[2026-03-13 16:17:08] [DEBUG] Poll #25 active window: 'GOLD PRD - \\Remote'
[2026-03-13 16:17:09] [DEBUG] Poll #30 active window: 'GOLD PRD - \\Remote'
[2026-03-13 16:17:10] [DEBUG] Poll #35 active window: 'GOLD PRD - \\Remote'
[2026-03-13 16:17:11] [DEBUG] Poll #40 active window: 'GOLD PRD - \\Remote'
[2026-03-13 16:17:11] [DEBUG] Waiting for color CCCCCC to disappear at (623,653)
[2026-03-13 16:17:11] [DEBUG] Color changed from CCCCCC to E2E8FB — loading complete
[2026-03-13 16:17:19] [DEBUG] Added 3 items to CSV for: D0025 - GROCERY - EDIBLE > S0014 - CANNED FRUIT/DESSERTS > C0087 - AMBIENT DESSERTS > F0440
[2026-03-13 16:17:19] [DEBUG] Family group F0440: 3 items added to CSV
[2026-03-13 16:17:21] [DEBUG] Clicked and typed at (712,135): F0446
[2026-03-13 16:17:24] [DEBUG] Poll #5 active window: 'GOLD PRD - \\Remote'
[2026-03-13 16:17:25] [DEBUG] Poll #10 active window: 'GOLD PRD - \\Remote'
[2026-03-13 16:17:26] [DEBUG] Poll #15 active window: 'GOLD PRD - \\Remote'
[2026-03-13 16:17:27] [DEBUG] Poll #20 active window: 'GOLD PRD - \\Remote'
[2026-03-13 16:17:28] [DEBUG] Poll #25 active window: 'GOLD PRD - \\Remote'
[2026-03-13 16:17:29] [DEBUG] Poll #30 active window: 'GOLD PRD - \\Remote'
[2026-03-13 16:17:30] [DEBUG] Poll #35 active window: 'GOLD PRD - \\Remote'
[2026-03-13 16:17:31] [DEBUG] Poll #40 active window: 'GOLD PRD - \\Remote'
[2026-03-13 16:17:31] [DEBUG] Waiting for color CCCCCC to disappear at (623,653)
[2026-03-13 16:17:31] [DEBUG] Color changed from CCCCCC to FFFFFF — loading complete
[2026-03-13 16:17:38] [DEBUG] Added 7 items to CSV for: D0025 - GROCERY - EDIBLE > S0014 - CANNED FRUIT/DESSERTS > C0087 - AMBIENT DESSERTS > F0446
[2026-03-13 16:17:38] [DEBUG] Family group F0446: 7 items added to CSV
[2026-03-13 16:17:40] [DEBUG] Clicked and typed at (712,135): F0447
[2026-03-13 16:17:43] [DEBUG] Poll #5 active window: 'GOLD PRD - \\Remote'
[2026-03-13 16:17:44] [DEBUG] Poll #10 active window: 'GOLD PRD - \\Remote'
[2026-03-13 16:17:45] [DEBUG] Poll #15 active window: 'GOLD PRD - \\Remote'
[2026-03-13 16:17:46] [DEBUG] Poll #20 active window: 'GOLD PRD - \\Remote'
[2026-03-13 16:17:47] [DEBUG] Poll #25 active window: 'GOLD PRD - \\Remote'
[2026-03-13 16:17:48] [DEBUG] Poll #30 active window: 'GOLD PRD - \\Remote'
[2026-03-13 16:17:49] [DEBUG] Poll #35 active window: 'GOLD PRD - \\Remote'
[2026-03-13 16:17:50] [DEBUG] Poll #40 active window: 'GOLD PRD - \\Remote'
[2026-03-13 16:17:50] [DEBUG] Waiting for color CCCCCC to disappear at (623,653)
[2026-03-13 16:17:50] [DEBUG] Color changed from CCCCCC to FFFFFF — loading complete
[2026-03-13 16:17:57] [DEBUG] Added 4 items to CSV for: D0025 - GROCERY - EDIBLE > S0014 - CANNED FRUIT/DESSERTS > C0087 - AMBIENT DESSERTS > F0447
[2026-03-13 16:17:57] [DEBUG] Family group F0447: 4 items added to CSV
[2026-03-13 16:17:59] [DEBUG] Clicked and typed at (712,135): F0448
[2026-03-13 16:18:02] [DEBUG] Poll #5 active window: 'GOLD PRD - \\Remote'
[2026-03-13 16:18:03] [DEBUG] Poll #10 active window: 'GOLD PRD - \\Remote'
[2026-03-13 16:18:04] [DEBUG] Poll #15 active window: 'GOLD PRD - \\Remote'
[2026-03-13 16:18:05] [DEBUG] Poll #20 active window: 'GOLD PRD - \\Remote'
[2026-03-13 16:18:06] [DEBUG] Poll #25 active window: 'GOLD PRD - \\Remote'
[2026-03-13 16:18:07] [DEBUG] Poll #30 active window: 'GOLD PRD - \\Remote'
[2026-03-13 16:18:08] [DEBUG] Poll #35 active window: 'GOLD PRD - \\Remote'
[2026-03-13 16:18:09] [DEBUG] Poll #40 active window: 'GOLD PRD - \\Remote'
[2026-03-13 16:18:09] [DEBUG] Waiting for color CCCCCC to disappear at (623,653)
[2026-03-13 16:18:10] [DEBUG] Color changed from CCCCCC to FFFFFF — loading complete
[2026-03-13 16:18:17] [DEBUG] Added 29 items to CSV for: D0025 - GROCERY - EDIBLE > S0014 - CANNED FRUIT/DESSERTS > C0087 - AMBIENT DESSERTS > F0448
[2026-03-13 16:18:17] [DEBUG] Family group F0448: 29 items added to CSV
[2026-03-13 16:18:19] [DEBUG] Clicked and typed at (712,135): F0450
[2026-03-13 16:18:22] [DEBUG] Poll #5 active window: 'GOLD PRD - \\Remote'
[2026-03-13 16:18:23] [DEBUG] Poll #10 active window: 'GOLD PRD - \\Remote'
[2026-03-13 16:18:24] [DEBUG] Poll #15 active window: 'GOLD PRD - \\Remote'
[2026-03-13 16:18:25] [DEBUG] Poll #20 active window: 'GOLD PRD - \\Remote'
[2026-03-13 16:18:26] [DEBUG] Poll #25 active window: 'GOLD PRD - \\Remote'
[2026-03-13 16:18:27] [DEBUG] Poll #30 active window: 'GOLD PRD - \\Remote'
[2026-03-13 16:18:28] [DEBUG] Poll #35 active window: 'GOLD PRD - \\Remote'
[2026-03-13 16:18:29] [DEBUG] Poll #40 active window: 'GOLD PRD - \\Remote'
[2026-03-13 16:18:29] [DEBUG] Waiting for color CCCCCC to disappear at (623,653)
[2026-03-13 16:18:29] [DEBUG] Color changed from CCCCCC to FFFFFF — loading complete
[2026-03-13 16:18:36] [DEBUG] Added 11 items to CSV for: D0025 - GROCERY - EDIBLE > S0014 - CANNED FRUIT/DESSERTS > C0087 - AMBIENT DESSERTS > F0450
[2026-03-13 16:18:36] [DEBUG] Family group F0450: 11 items added to CSV
[2026-03-13 16:18:38] [DEBUG] Clicked and typed at (712,135): F0451
[2026-03-13 16:18:41] [DEBUG] Poll #5 active window: 'GOLD PRD - \\Remote'
[2026-03-13 16:18:42] [DEBUG] Poll #10 active window: 'GOLD PRD - \\Remote'
[2026-03-13 16:18:43] [DEBUG] Poll #15 active window: 'GOLD PRD - \\Remote'
[2026-03-13 16:18:44] [DEBUG] Poll #20 active window: 'GOLD PRD - \\Remote'
[2026-03-13 16:18:45] [DEBUG] Poll #25 active window: 'GOLD PRD - \\Remote'
[2026-03-13 16:18:46] [DEBUG] Poll #30 active window: 'GOLD PRD - \\Remote'
[2026-03-13 16:18:47] [DEBUG] Poll #35 active window: 'GOLD PRD - \\Remote'
[2026-03-13 16:18:48] [DEBUG] Poll #40 active window: 'GOLD PRD - \\Remote'
[2026-03-13 16:18:48] [DEBUG] Waiting for color CCCCCC to disappear at (623,653)
[2026-03-13 16:18:49] [DEBUG] Color changed from CCCCCC to E2E8FB — loading complete
[2026-03-13 16:18:56] [DEBUG] Added 2 items to CSV for: D0025 - GROCERY - EDIBLE > S0014 - CANNED FRUIT/DESSERTS > C0087 - AMBIENT DESSERTS > F0451
[2026-03-13 16:18:56] [DEBUG] Family group F0451: 2 items added to CSV
[2026-03-13 16:18:58] [DEBUG] Clicked and typed at (712,135): F0452
[2026-03-13 16:19:01] [DEBUG] Poll #5 active window: 'GOLD PRD - \\Remote'
[2026-03-13 16:19:02] [DEBUG] Poll #10 active window: 'GOLD PRD - \\Remote'
[2026-03-13 16:19:03] [DEBUG] Poll #15 active window: 'GOLD PRD - \\Remote'
[2026-03-13 16:19:04] [DEBUG] Poll #20 active window: 'GOLD PRD - \\Remote'
[2026-03-13 16:19:05] [DEBUG] Poll #25 active window: 'GOLD PRD - \\Remote'
[2026-03-13 16:19:06] [DEBUG] Poll #30 active window: 'GOLD PRD - \\Remote'
[2026-03-13 16:19:07] [DEBUG] Poll #35 active window: 'GOLD PRD - \\Remote'
[2026-03-13 16:19:08] [DEBUG] Poll #40 active window: 'GOLD PRD - \\Remote'
[2026-03-13 16:19:08] [DEBUG] Waiting for color CCCCCC to disappear at (623,653)
[2026-03-13 16:19:08] [DEBUG] Color changed from CCCCCC to FFFFFF — loading complete
[2026-03-13 16:19:15] [DEBUG] Added 1 items to CSV for: D0025 - GROCERY - EDIBLE > S0014 - CANNED FRUIT/DESSERTS > C0087 - AMBIENT DESSERTS > F0452
[2026-03-13 16:19:15] [DEBUG] Family group F0452: 1 items added to CSV
[2026-03-13 16:19:17] [DEBUG] Clicked and typed at (712,135): F0453
[2026-03-13 16:19:20] [DEBUG] Poll #5 active window: 'GOLD PRD - \\Remote'
[2026-03-13 16:19:21] [DEBUG] Poll #10 active window: 'GOLD PRD - \\Remote'
[2026-03-13 16:19:22] [DEBUG] Poll #15 active window: 'GOLD PRD - \\Remote'
[2026-03-13 16:19:23] [DEBUG] Poll #20 active window: 'GOLD PRD - \\Remote'
[2026-03-13 16:19:24] [DEBUG] Poll #25 active window: 'GOLD PRD - \\Remote'
[2026-03-13 16:19:25] [DEBUG] Poll #30 active window: 'GOLD PRD - \\Remote'
[2026-03-13 16:19:26] [DEBUG] Poll #35 active window: 'GOLD PRD - \\Remote'
[2026-03-13 16:19:27] [DEBUG] Poll #40 active window: 'GOLD PRD - \\Remote'
[2026-03-13 16:19:27] [DEBUG] Waiting for color CCCCCC to disappear at (623,653)
[2026-03-13 16:19:27] [DEBUG] Color changed from CCCCCC to E2E8FB — loading complete
[2026-03-13 16:19:35] [DEBUG] No valid items found in clipboard for family group: F0453
[2026-03-13 16:19:35] [DEBUG] Family group F0453: 0 items added to CSV
[2026-03-13 16:19:36] [DEBUG] Clicked and typed at (712,135): F0455
[2026-03-13 16:19:39] [DEBUG] Poll #5 active window: 'GOLD PRD - \\Remote'
[2026-03-13 16:19:40] [DEBUG] Poll #10 active window: 'GOLD PRD - \\Remote'
[2026-03-13 16:19:41] [DEBUG] Poll #15 active window: 'GOLD PRD - \\Remote'
[2026-03-13 16:19:42] [DEBUG] Poll #20 active window: 'GOLD PRD - \\Remote'
[2026-03-13 16:19:43] [DEBUG] Poll #25 active window: 'GOLD PRD - \\Remote'
[2026-03-13 16:19:44] [DEBUG] Poll #30 active window: 'GOLD PRD - \\Remote'
[2026-03-13 16:19:45] [DEBUG] Poll #35 active window: 'GOLD PRD - \\Remote'
[2026-03-13 16:19:46] [DEBUG] Poll #40 active window: 'GOLD PRD - \\Remote'
[2026-03-13 16:19:46] [DEBUG] Waiting for color CCCCCC to disappear at (623,653)
[2026-03-13 16:19:47] [DEBUG] Color changed from CCCCCC to E2E8FB — loading complete
[2026-03-13 16:19:54] [DEBUG] No valid items found in clipboard for family group: F0455
[2026-03-13 16:19:54] [DEBUG] Family group F0455: 0 items added to CSV
[2026-03-13 16:19:56] [DEBUG] Clicked and typed at (712,135): F0456
[2026-03-13 16:19:59] [DEBUG] Poll #5 active window: 'GOLD PRD - \\Remote'
[2026-03-13 16:20:00] [DEBUG] Poll #10 active window: 'GOLD PRD - \\Remote'
[2026-03-13 16:20:01] [DEBUG] Poll #15 active window: 'GOLD PRD - \\Remote'
[2026-03-13 16:20:02] [DEBUG] Poll #20 active window: 'GOLD PRD - \\Remote'
[2026-03-13 16:20:03] [DEBUG] Poll #25 active window: 'GOLD PRD - \\Remote'
[2026-03-13 16:20:04] [DEBUG] Poll #30 active window: 'GOLD PRD - \\Remote'
[2026-03-13 16:20:05] [DEBUG] Poll #35 active window: 'GOLD PRD - \\Remote'
[2026-03-13 16:20:06] [DEBUG] Poll #40 active window: 'GOLD PRD - \\Remote'
[2026-03-13 16:20:06] [DEBUG] Waiting for color CCCCCC to disappear at (623,653)
[2026-03-13 16:20:06] [DEBUG] Color changed from CCCCCC to E2E8FB — loading complete
[2026-03-13 16:20:13] [DEBUG] Added 1 items to CSV for: D0025 - GROCERY - EDIBLE > S0014 - CANNED FRUIT/DESSERTS > C0088 - ICE CREAM SUNDRIES > F0456
[2026-03-13 16:20:13] [DEBUG] Family group F0456: 1 items added to CSV
[2026-03-13 16:20:15] [DEBUG] Clicked and typed at (712,135): F0457
[2026-03-13 16:20:18] [DEBUG] Poll #5 active window: 'GOLD PRD - \\Remote'
[2026-03-13 16:20:19] [DEBUG] Poll #10 active window: 'GOLD PRD - \\Remote'
[2026-03-13 16:20:20] [DEBUG] Poll #15 active window: 'GOLD PRD - \\Remote'
[2026-03-13 16:20:21] [DEBUG] Poll #20 active window: 'GOLD PRD - \\Remote'
[2026-03-13 16:20:22] [DEBUG] Poll #25 active window: 'GOLD PRD - \\Remote'
[2026-03-13 16:20:23] [DEBUG] Poll #30 active window: 'GOLD PRD - \\Remote'
[2026-03-13 16:20:24] [DEBUG] Poll #35 active window: 'GOLD PRD - \\Remote'
[2026-03-13 16:20:25] [DEBUG] Poll #40 active window: 'GOLD PRD - \\Remote'
[2026-03-13 16:20:25] [DEBUG] Waiting for color CCCCCC to disappear at (623,653)
[2026-03-13 16:20:25] [DEBUG] Color changed from CCCCCC to E2E8FB — loading complete
[2026-03-13 16:20:32] [DEBUG] No valid items found in clipboard for family group: F0457
[2026-03-13 16:20:32] [DEBUG] Family group F0457: 0 items added to CSV
[2026-03-13 16:20:34] [DEBUG] Clicked and typed at (712,135): F0458
[2026-03-13 16:20:37] [DEBUG] Poll #5 active window: 'GOLD PRD - \\Remote'
[2026-03-13 16:20:38] [DEBUG] Poll #10 active window: 'GOLD PRD - \\Remote'
[2026-03-13 16:20:39] [DEBUG] Poll #15 active window: 'GOLD PRD - \\Remote'
[2026-03-13 16:20:40] [DEBUG] Poll #20 active window: 'GOLD PRD - \\Remote'
[2026-03-13 16:20:41] [DEBUG] Poll #25 active window: 'GOLD PRD - \\Remote'
[2026-03-13 16:20:42] [DEBUG] Poll #30 active window: 'GOLD PRD - \\Remote'
[2026-03-13 16:20:43] [DEBUG] Poll #35 active window: 'GOLD PRD - \\Remote'
[2026-03-13 16:20:44] [DEBUG] Poll #40 active window: 'GOLD PRD - \\Remote'
[2026-03-13 16:20:44] [DEBUG] Waiting for color CCCCCC to disappear at (623,653)
[2026-03-13 16:20:45] [DEBUG] Color changed from CCCCCC to E2E8FB — loading complete
[2026-03-13 16:20:52] [DEBUG] Added 4 items to CSV for: D0025 - GROCERY - EDIBLE > S0014 - CANNED FRUIT/DESSERTS > C0088 - ICE CREAM SUNDRIES > F0458
[2026-03-13 16:20:52] [DEBUG] Family group F0458: 4 items added to CSV
[2026-03-13 16:20:54] [DEBUG] Clicked and typed at (712,135): F0459
[2026-03-13 16:20:57] [DEBUG] Poll #5 active window: 'GOLD PRD - \\Remote'
[2026-03-13 16:20:58] [DEBUG] Poll #10 active window: 'GOLD PRD - \\Remote'
[2026-03-13 16:20:59] [DEBUG] Poll #15 active window: 'GOLD PRD - \\Remote'
[2026-03-13 16:21:00] [DEBUG] Poll #20 active window: 'GOLD PRD - \\Remote'
[2026-03-13 16:21:01] [DEBUG] Poll #25 active window: 'GOLD PRD - \\Remote'
[2026-03-13 16:21:02] [DEBUG] Poll #30 active window: 'GOLD PRD - \\Remote'
[2026-03-13 16:21:03] [DEBUG] Poll #35 active window: 'GOLD PRD - \\Remote'
[2026-03-13 16:21:04] [DEBUG] Poll #40 active window: 'GOLD PRD - \\Remote'
[2026-03-13 16:21:04] [DEBUG] Waiting for color CCCCCC to disappear at (623,653)
[2026-03-13 16:21:04] [DEBUG] Color changed from CCCCCC to E2E8FB — loading complete
[2026-03-13 16:21:11] [DEBUG] No valid items found in clipboard for family group: F0459
[2026-03-13 16:21:11] [DEBUG] Family group F0459: 0 items added to CSV
[2026-03-13 16:21:13] [DEBUG] Clicked and typed at (712,135): F0460
[2026-03-13 16:21:16] [DEBUG] Poll #5 active window: 'GOLD PRD - \\Remote'
[2026-03-13 16:21:17] [DEBUG] Poll #10 active window: 'GOLD PRD - \\Remote'
[2026-03-13 16:21:18] [DEBUG] Poll #15 active window: 'GOLD PRD - \\Remote'
[2026-03-13 16:21:19] [DEBUG] Poll #20 active window: 'GOLD PRD - \\Remote'
[2026-03-13 16:21:20] [DEBUG] Poll #25 active window: 'GOLD PRD - \\Remote'
[2026-03-13 16:21:21] [DEBUG] Poll #30 active window: 'GOLD PRD - \\Remote'
[2026-03-13 16:21:22] [DEBUG] Poll #35 active window: 'GOLD PRD - \\Remote'
[2026-03-13 16:21:23] [DEBUG] Poll #40 active window: 'GOLD PRD - \\Remote'
[2026-03-13 16:21:23] [DEBUG] Waiting for color CCCCCC to disappear at (623,653)
[2026-03-13 16:21:23] [DEBUG] Color changed from CCCCCC to E2E8FB — loading complete
[2026-03-13 16:21:30] [DEBUG] Added 5 items to CSV for: D0025 - GROCERY - EDIBLE > S0014 - CANNED FRUIT/DESSERTS > C0089 - TOPPINGS > F0460
[2026-03-13 16:21:30] [DEBUG] Family group F0460: 5 items added to CSV
[2026-03-13 16:21:32] [DEBUG] Clicked and typed at (712,135): F0461
[2026-03-13 16:21:35] [DEBUG] Poll #5 active window: 'GOLD PRD - \\Remote'
[2026-03-13 16:21:36] [DEBUG] Poll #10 active window: 'GOLD PRD - \\Remote'
[2026-03-13 16:21:37] [DEBUG] Poll #15 active window: 'GOLD PRD - \\Remote'
[2026-03-13 16:21:38] [DEBUG] Poll #20 active window: 'GOLD PRD - \\Remote'
[2026-03-13 16:21:39] [DEBUG] Poll #25 active window: 'GOLD PRD - \\Remote'
[2026-03-13 16:21:40] [DEBUG] Poll #30 active window: 'GOLD PRD - \\Remote'
[2026-03-13 16:21:41] [DEBUG] Poll #35 active window: 'GOLD PRD - \\Remote'
[2026-03-13 16:21:42] [DEBUG] Poll #40 active window: 'GOLD PRD - \\Remote'
[2026-03-13 16:21:42] [DEBUG] Waiting for color CCCCCC to disappear at (623,653)
[2026-03-13 16:21:43] [DEBUG] Color changed from CCCCCC to FFFFFF — loading complete
[2026-03-13 16:21:50] [DEBUG] Added 6 items to CSV for: D0025 - GROCERY - EDIBLE > S0014 - CANNED FRUIT/DESSERTS > C0089 - TOPPINGS > F0461
[2026-03-13 16:21:50] [DEBUG] Family group F0461: 6 items added to CSV
[2026-03-13 16:21:52] [DEBUG] Clicked and typed at (712,135): F0462
[2026-03-13 16:21:54] [DEBUG] IsGoldWindowActive: matched active title 'G.O.L.D. - LOCAL SALES PRICE SIMPLIFIED INPUT - Fri Mar 13 16:21:55 GMT 2026 - \\Remote'
[2026-03-13 16:21:58] [DEBUG] Family group not found — skipping F0462
[2026-03-13 16:21:59] [DEBUG] Clicked and typed at (712,135): F0472
[2026-03-13 16:22:02] [DEBUG] Poll #5 active window: 'GOLD PRD - \\Remote'
[2026-03-13 16:22:03] [DEBUG] Poll #10 active window: 'GOLD PRD - \\Remote'
[2026-03-13 16:22:04] [DEBUG] Poll #15 active window: 'GOLD PRD - \\Remote'
[2026-03-13 16:22:05] [DEBUG] Poll #20 active window: 'GOLD PRD - \\Remote'
[2026-03-13 16:22:06] [DEBUG] Poll #25 active window: 'GOLD PRD - \\Remote'
[2026-03-13 16:22:07] [DEBUG] Poll #30 active window: 'GOLD PRD - \\Remote'
[2026-03-13 16:22:08] [DEBUG] Poll #35 active window: 'GOLD PRD - \\Remote'
[2026-03-13 16:22:09] [DEBUG] Poll #40 active window: 'GOLD PRD - \\Remote'
[2026-03-13 16:22:09] [DEBUG] Waiting for color CCCCCC to disappear at (623,653)
[2026-03-13 16:22:12] [DEBUG] Color changed from CCCCCC to E2E8FB — loading complete
[2026-03-13 16:22:19] [DEBUG] No valid items found in clipboard for family group: F0472
[2026-03-13 16:22:19] [DEBUG] Family group F0472: 0 items added to CSV
[2026-03-13 16:22:21] [DEBUG] Clicked and typed at (712,135): F0474
[2026-03-13 16:22:24] [DEBUG] Poll #5 active window: 'GOLD PRD - \\Remote'
[2026-03-13 16:22:25] [DEBUG] Poll #10 active window: 'GOLD PRD - \\Remote'
[2026-03-13 16:22:26] [DEBUG] Poll #15 active window: 'GOLD PRD - \\Remote'
[2026-03-13 16:22:27] [DEBUG] Poll #20 active window: 'GOLD PRD - \\Remote'
[2026-03-13 16:22:28] [DEBUG] Poll #25 active window: 'GOLD PRD - \\Remote'
[2026-03-13 16:22:29] [DEBUG] Poll #30 active window: 'GOLD PRD - \\Remote'
[2026-03-13 16:22:30] [DEBUG] Poll #35 active window: 'GOLD PRD - \\Remote'
[2026-03-13 16:22:31] [DEBUG] Poll #40 active window: 'GOLD PRD - \\Remote'
[2026-03-13 16:22:31] [DEBUG] Waiting for color CCCCCC to disappear at (623,653)
[2026-03-13 16:22:31] [DEBUG] Color changed from CCCCCC to E2E8FB — loading complete
[2026-03-13 16:22:38] [DEBUG] No valid items found in clipboard for family group: F0474
[2026-03-13 16:22:38] [DEBUG] Family group F0474: 0 items added to CSV
[2026-03-13 16:22:40] [DEBUG] Clicked and typed at (712,135): F0475
[2026-03-13 16:22:43] [DEBUG] Poll #5 active window: 'GOLD PRD - \\Remote'
[2026-03-13 16:22:44] [DEBUG] Poll #10 active window: 'GOLD PRD - \\Remote'
[2026-03-13 16:22:45] [DEBUG] Poll #15 active window: 'GOLD PRD - \\Remote'
[2026-03-13 16:22:46] [DEBUG] Poll #20 active window: 'GOLD PRD - \\Remote'
[2026-03-13 16:22:47] [DEBUG] Poll #25 active window: 'GOLD PRD - \\Remote'
[2026-03-13 16:22:48] [DEBUG] Poll #30 active window: 'GOLD PRD - \\Remote'
[2026-03-13 16:22:49] [DEBUG] Poll #35 active window: 'GOLD PRD - \\Remote'
[2026-03-13 16:22:50] [DEBUG] Poll #40 active window: 'GOLD PRD - \\Remote'
[2026-03-13 16:22:50] [DEBUG] Waiting for color CCCCCC to disappear at (623,653)
[2026-03-13 16:22:50] [DEBUG] Color changed from CCCCCC to E2E8FB — loading complete
[2026-03-13 16:22:57] [DEBUG] No valid items found in clipboard for family group: F0475
[2026-03-13 16:22:57] [DEBUG] Family group F0475: 0 items added to CSV
[2026-03-13 16:22:59] [DEBUG] Clicked and typed at (712,135): F0476
[2026-03-13 16:23:02] [DEBUG] Poll #5 active window: 'GOLD PRD - \\Remote'
[2026-03-13 16:23:03] [DEBUG] Poll #10 active window: 'GOLD PRD - \\Remote'
[2026-03-13 16:23:04] [DEBUG] Poll #15 active window: 'GOLD PRD - \\Remote'
[2026-03-13 16:23:05] [DEBUG] Poll #20 active window: 'GOLD PRD - \\Remote'
[2026-03-13 16:23:06] [DEBUG] Poll #25 active window: 'GOLD PRD - \\Remote'
[2026-03-13 16:23:07] [DEBUG] Poll #30 active window: 'GOLD PRD - \\Remote'
[2026-03-13 16:23:08] [DEBUG] Poll #35 active window: 'GOLD PRD - \\Remote'
[2026-03-13 16:23:09] [DEBUG] Poll #40 active window: 'GOLD PRD - \\Remote'
[2026-03-13 16:23:09] [DEBUG] Waiting for color CCCCCC to disappear at (623,653)
[2026-03-13 16:23:11] [DEBUG] Color changed from CCCCCC to FFFFFF — loading complete
[2026-03-13 16:23:18] [DEBUG] Added 12 items to CSV for: D0025 - GROCERY - EDIBLE > S0015 - CONDIMENTS TABLE TOP > C0092 - CHUTNEY & RELISH > F0476
[2026-03-13 16:23:18] [DEBUG] Family group F0476: 12 items added to CSV
[2026-03-13 16:23:20] [DEBUG] Clicked and typed at (712,135): F0477
[2026-03-13 16:23:23] [DEBUG] Poll #5 active window: 'GOLD PRD - \\Remote'
[2026-03-13 16:23:24] [DEBUG] Poll #10 active window: 'GOLD PRD - \\Remote'
[2026-03-13 16:23:25] [DEBUG] Poll #15 active window: 'GOLD PRD - \\Remote'
[2026-03-13 16:23:26] [DEBUG] Poll #20 active window: 'GOLD PRD - \\Remote'
[2026-03-13 16:23:27] [DEBUG] Poll #25 active window: 'GOLD PRD - \\Remote'
[2026-03-13 16:23:28] [DEBUG] Poll #30 active window: 'GOLD PRD - \\Remote'
[2026-03-13 16:23:29] [DEBUG] Poll #35 active window: 'GOLD PRD - \\Remote'
[2026-03-13 16:23:30] [DEBUG] Poll #40 active window: 'GOLD PRD - \\Remote'
[2026-03-13 16:23:30] [DEBUG] Waiting for color CCCCCC to disappear at (623,653)
[2026-03-13 16:23:30] [DEBUG] Color changed from CCCCCC to E2E8FB — loading complete
[2026-03-13 16:23:38] [DEBUG] No valid items found in clipboard for family group: F0477
[2026-03-13 16:23:38] [DEBUG] Family group F0477: 0 items added to CSV
[2026-03-13 16:23:39] [DEBUG] Clicked and typed at (712,135): F0479
[2026-03-13 16:23:42] [DEBUG] Poll #5 active window: 'GOLD PRD - \\Remote'
[2026-03-13 16:23:43] [DEBUG] Poll #10 active window: 'GOLD PRD - \\Remote'
[2026-03-13 16:23:44] [DEBUG] Poll #15 active window: 'GOLD PRD - \\Remote'
[2026-03-13 16:23:45] [DEBUG] Poll #20 active window: 'GOLD PRD - \\Remote'
[2026-03-13 16:23:46] [DEBUG] Poll #25 active window: 'GOLD PRD - \\Remote'
[2026-03-13 16:23:47] [DEBUG] Poll #30 active window: 'GOLD PRD - \\Remote'
[2026-03-13 16:23:48] [DEBUG] Poll #35 active window: 'GOLD PRD - \\Remote'
[2026-03-13 16:23:49] [DEBUG] Poll #40 active window: 'GOLD PRD - \\Remote'
[2026-03-13 16:23:49] [DEBUG] Waiting for color CCCCCC to disappear at (623,653)
[2026-03-13 16:23:50] [DEBUG] Color changed from CCCCCC to E2E8FB — loading complete
[2026-03-13 16:23:57] [DEBUG] Added 7 items to CSV for: D0025 - GROCERY - EDIBLE > S0015 - CONDIMENTS TABLE TOP > C0093 - CONDIMENT SAUCES > F0479
[2026-03-13 16:23:57] [DEBUG] Family group F0479: 7 items added to CSV
[2026-03-13 16:23:59] [DEBUG] Clicked and typed at (712,135): F0480
[2026-03-13 16:24:02] [DEBUG] Poll #5 active window: 'GOLD PRD - \\Remote'
[2026-03-13 16:24:03] [DEBUG] Poll #10 active window: 'GOLD PRD - \\Remote'
[2026-03-13 16:24:04] [DEBUG] Poll #15 active window: 'GOLD PRD - \\Remote'
[2026-03-13 16:24:05] [DEBUG] Poll #20 active window: 'GOLD PRD - \\Remote'
[2026-03-13 16:24:06] [DEBUG] Poll #25 active window: 'GOLD PRD - \\Remote'
[2026-03-13 16:24:07] [DEBUG] Poll #30 active window: 'GOLD PRD - \\Remote'
[2026-03-13 16:24:08] [DEBUG] Poll #35 active window: 'GOLD PRD - \\Remote'
[2026-03-13 16:24:09] [DEBUG] Poll #40 active window: 'GOLD PRD - \\Remote'
[2026-03-13 16:24:09] [DEBUG] Waiting for color CCCCCC to disappear at (623,653)
[2026-03-13 16:24:09] [DEBUG] Color changed from CCCCCC to E2E8FB — loading complete
[2026-03-13 16:24:16] [DEBUG] No valid items found in clipboard for family group: F0480
[2026-03-13 16:24:16] [DEBUG] Family group F0480: 0 items added to CSV
[2026-03-13 16:24:18] [DEBUG] Clicked and typed at (712,135): F0481
[2026-03-13 16:24:21] [DEBUG] Poll #5 active window: 'GOLD PRD - \\Remote'
[2026-03-13 16:24:22] [DEBUG] Poll #10 active window: 'GOLD PRD - \\Remote'
[2026-03-13 16:24:23] [DEBUG] Poll #15 active window: 'GOLD PRD - \\Remote'
[2026-03-13 16:24:24] [DEBUG] Poll #20 active window: 'GOLD PRD - \\Remote'
[2026-03-13 16:24:25] [DEBUG] Poll #25 active window: 'GOLD PRD - \\Remote'
[2026-03-13 16:24:26] [DEBUG] Poll #30 active window: 'GOLD PRD - \\Remote'
[2026-03-13 16:24:27] [DEBUG] Poll #35 active window: 'GOLD PRD - \\Remote'
[2026-03-13 16:24:28] [DEBUG] Poll #40 active window: 'GOLD PRD - \\Remote'
[2026-03-13 16:24:28] [DEBUG] Waiting for color CCCCCC to disappear at (623,653)
[2026-03-13 16:24:28] [DEBUG] Color changed from CCCCCC to E2E8FB — loading complete
[2026-03-13 16:24:35] [DEBUG] Added 2 items to CSV for: D0025 - GROCERY - EDIBLE > S0015 - CONDIMENTS TABLE TOP > C0093 - CONDIMENT SAUCES > F0481
[2026-03-13 16:24:35] [DEBUG] Family group F0481: 2 items added to CSV
[2026-03-13 16:24:37] [DEBUG] Clicked and typed at (712,135): F0483
[2026-03-13 16:24:40] [DEBUG] Poll #5 active window: 'GOLD PRD - \\Remote'
[2026-03-13 16:24:41] [DEBUG] Poll #10 active window: 'GOLD PRD - \\Remote'
[2026-03-13 16:24:42] [DEBUG] Poll #15 active window: 'GOLD PRD - \\Remote'
[2026-03-13 16:24:43] [DEBUG] Poll #20 active window: 'GOLD PRD - \\Remote'
[2026-03-13 16:24:44] [DEBUG] Poll #25 active window: 'GOLD PRD - \\Remote'
[2026-03-13 16:24:45] [DEBUG] Poll #30 active window: 'GOLD PRD - \\Remote'
[2026-03-13 16:24:46] [DEBUG] Poll #35 active window: 'GOLD PRD - \\Remote'
[2026-03-13 16:24:47] [DEBUG] Poll #40 active window: 'GOLD PRD - \\Remote'
[2026-03-13 16:24:47] [DEBUG] Waiting for color CCCCCC to disappear at (623,653)
[2026-03-13 16:25:08] [DEBUG] Color changed from CCCCCC to FFFFFF — loading complete
[2026-03-13 16:25:15] [DEBUG] Added 23 items to CSV for: D0025 - GROCERY - EDIBLE > S0015 - CONDIMENTS TABLE TOP > C0093 - CONDIMENT SAUCES > F0483
[2026-03-13 16:25:15] [DEBUG] Family group F0483: 23 items added to CSV
[2026-03-13 16:25:17] [DEBUG] Clicked and typed at (712,135): F0484
[2026-03-13 16:25:20] [DEBUG] Poll #5 active window: 'GOLD PRD - \\Remote'
[2026-03-13 16:25:21] [DEBUG] Poll #10 active window: 'GOLD PRD - \\Remote'
[2026-03-13 16:25:22] [DEBUG] Poll #15 active window: 'GOLD PRD - \\Remote'
[2026-03-13 16:25:23] [DEBUG] Poll #20 active window: 'GOLD PRD - \\Remote'
[2026-03-13 16:25:24] [DEBUG] Poll #25 active window: 'GOLD PRD - \\Remote'
[2026-03-13 16:25:25] [DEBUG] Poll #30 active window: 'GOLD PRD - \\Remote'
[2026-03-13 16:25:26] [DEBUG] Poll #35 active window: 'GOLD PRD - \\Remote'
[2026-03-13 16:25:27] [DEBUG] Poll #40 active window: 'GOLD PRD - \\Remote'
[2026-03-13 16:25:27] [DEBUG] Waiting for color CCCCCC to disappear at (623,653)
[2026-03-13 16:25:27] [DEBUG] Color changed from CCCCCC to E2E8FB — loading complete
[2026-03-13 16:25:34] [DEBUG] No valid items found in clipboard for family group: F0484
[2026-03-13 16:25:34] [DEBUG] Family group F0484: 0 items added to CSV
[2026-03-13 16:25:36] [DEBUG] Clicked and typed at (712,135): F0485
[2026-03-13 16:25:39] [DEBUG] Poll #5 active window: 'GOLD PRD - \\Remote'
[2026-03-13 16:25:40] [DEBUG] Poll #10 active window: 'GOLD PRD - \\Remote'
[2026-03-13 16:25:41] [DEBUG] Poll #15 active window: 'GOLD PRD - \\Remote'
[2026-03-13 16:25:42] [DEBUG] Poll #20 active window: 'GOLD PRD - \\Remote'
[2026-03-13 16:25:43] [DEBUG] Poll #25 active window: 'GOLD PRD - \\Remote'
[2026-03-13 16:25:44] [DEBUG] Poll #30 active window: 'GOLD PRD - \\Remote'
[2026-03-13 16:25:45] [DEBUG] Poll #35 active window: 'GOLD PRD - \\Remote'
[2026-03-13 16:25:46] [DEBUG] Poll #40 active window: 'GOLD PRD - \\Remote'
[2026-03-13 16:25:46] [DEBUG] Waiting for color CCCCCC to disappear at (623,653)
[2026-03-13 16:25:47] [DEBUG] Color changed from CCCCCC to E2E8FB — loading complete
[2026-03-13 16:25:54] [DEBUG] No valid items found in clipboard for family group: F0485
[2026-03-13 16:25:54] [DEBUG] Family group F0485: 0 items added to CSV
[2026-03-13 16:25:56] [DEBUG] Clicked and typed at (712,135): F0487
[2026-03-13 16:25:59] [DEBUG] Poll #5 active window: 'GOLD PRD - \\Remote'
[2026-03-13 16:26:00] [DEBUG] Poll #10 active window: 'GOLD PRD - \\Remote'
[2026-03-13 16:26:01] [DEBUG] Poll #15 active window: 'GOLD PRD - \\Remote'
[2026-03-13 16:26:02] [DEBUG] Poll #20 active window: 'GOLD PRD - \\Remote'
[2026-03-13 16:26:03] [DEBUG] Poll #25 active window: 'GOLD PRD - \\Remote'
[2026-03-13 16:26:04] [DEBUG] Poll #30 active window: 'GOLD PRD - \\Remote'
[2026-03-13 16:26:05] [DEBUG] Poll #35 active window: 'GOLD PRD - \\Remote'
[2026-03-13 16:26:06] [DEBUG] Poll #40 active window: 'GOLD PRD - \\Remote'
[2026-03-13 16:26:06] [DEBUG] Waiting for color CCCCCC to disappear at (623,653)
[2026-03-13 16:26:06] [DEBUG] Color changed from CCCCCC to E2E8FB — loading complete
[2026-03-13 16:26:13] [DEBUG] No valid items found in clipboard for family group: F0487
[2026-03-13 16:26:13] [DEBUG] Family group F0487: 0 items added to CSV
[2026-03-13 16:26:15] [DEBUG] Clicked and typed at (712,135): F0488
[2026-03-13 16:26:18] [DEBUG] Poll #5 active window: 'GOLD PRD - \\Remote'
[2026-03-13 16:26:19] [DEBUG] Poll #10 active window: 'GOLD PRD - \\Remote'
[2026-03-13 16:26:20] [DEBUG] Poll #15 active window: 'GOLD PRD - \\Remote'
[2026-03-13 16:26:21] [DEBUG] Poll #20 active window: 'GOLD PRD - \\Remote'
[2026-03-13 16:26:22] [DEBUG] Poll #25 active window: 'GOLD PRD - \\Remote'
[2026-03-13 16:26:23] [DEBUG] Poll #30 active window: 'GOLD PRD - \\Remote'
[2026-03-13 16:26:24] [DEBUG] Poll #35 active window: 'GOLD PRD - \\Remote'
[2026-03-13 16:26:25] [DEBUG] Poll #40 active window: 'GOLD PRD - \\Remote'
[2026-03-13 16:26:25] [DEBUG] Waiting for color CCCCCC to disappear at (623,653)
[2026-03-13 16:26:25] [DEBUG] Color changed from CCCCCC to E2E8FB — loading complete
[2026-03-13 16:26:32] [DEBUG] No valid items found in clipboard for family group: F0488
[2026-03-13 16:26:32] [DEBUG] Family group F0488: 0 items added to CSV
[2026-03-13 16:26:34] [DEBUG] Clicked and typed at (712,135): F0490
[2026-03-13 16:26:37] [DEBUG] Poll #5 active window: 'GOLD PRD - \\Remote'
[2026-03-13 16:26:38] [DEBUG] Poll #10 active window: 'GOLD PRD - \\Remote'
[2026-03-13 16:26:39] [DEBUG] Poll #15 active window: 'GOLD PRD - \\Remote'
[2026-03-13 16:26:40] [DEBUG] Poll #20 active window: 'GOLD PRD - \\Remote'
[2026-03-13 16:26:41] [DEBUG] Poll #25 active window: 'GOLD PRD - \\Remote'
[2026-03-13 16:26:42] [DEBUG] Poll #30 active window: 'GOLD PRD - \\Remote'
[2026-03-13 16:26:43] [DEBUG] Poll #35 active window: 'GOLD PRD - \\Remote'
[2026-03-13 16:26:44] [DEBUG] Poll #40 active window: 'GOLD PRD - \\Remote'
[2026-03-13 16:26:44] [DEBUG] Waiting for color CCCCCC to disappear at (623,653)
[2026-03-13 16:26:45] [DEBUG] Color changed from CCCCCC to FFFFFF — loading complete
[2026-03-13 16:26:52] [DEBUG] Added 10 items to CSV for: D0025 - GROCERY - EDIBLE > S0015 - CONDIMENTS TABLE TOP > C0095 - AMBIENT DRESSINGS > F0490
[2026-03-13 16:26:52] [DEBUG] Family group F0490: 10 items added to CSV
[2026-03-13 16:26:54] [DEBUG] Clicked and typed at (712,135): F0491
[2026-03-13 16:26:57] [DEBUG] Poll #5 active window: 'GOLD PRD - \\Remote'
[2026-03-13 16:26:58] [DEBUG] Poll #10 active window: 'GOLD PRD - \\Remote'
[2026-03-13 16:26:59] [DEBUG] Poll #15 active window: 'GOLD PRD - \\Remote'
[2026-03-13 16:27:00] [DEBUG] Poll #20 active window: 'GOLD PRD - \\Remote'
[2026-03-13 16:27:01] [DEBUG] Poll #25 active window: 'GOLD PRD - \\Remote'
[2026-03-13 16:27:02] [DEBUG] Poll #30 active window: 'GOLD PRD - \\Remote'
[2026-03-13 16:27:03] [DEBUG] Poll #35 active window: 'GOLD PRD - \\Remote'
[2026-03-13 16:27:04] [DEBUG] Poll #40 active window: 'GOLD PRD - \\Remote'
[2026-03-13 16:27:04] [DEBUG] Waiting for color CCCCCC to disappear at (623,653)
[2026-03-13 16:27:04] [DEBUG] Color changed from CCCCCC to E2E8FB — loading complete
[2026-03-13 16:27:11] [DEBUG] No valid items found in clipboard for family group: F0491
[2026-03-13 16:27:11] [DEBUG] Family group F0491: 0 items added to CSV
[2026-03-13 16:27:13] [DEBUG] Clicked and typed at (712,135): F0493
[2026-03-13 16:27:16] [DEBUG] Poll #5 active window: 'GOLD PRD - \\Remote'
[2026-03-13 16:27:17] [DEBUG] Poll #10 active window: 'GOLD PRD - \\Remote'
[2026-03-13 16:27:18] [DEBUG] Poll #15 active window: 'GOLD PRD - \\Remote'
[2026-03-13 16:27:19] [DEBUG] Poll #20 active window: 'GOLD PRD - \\Remote'
[2026-03-13 16:27:20] [DEBUG] Poll #25 active window: 'GOLD PRD - \\Remote'
[2026-03-13 16:27:21] [DEBUG] Poll #30 active window: 'GOLD PRD - \\Remote'
[2026-03-13 16:27:22] [DEBUG] Poll #35 active window: 'GOLD PRD - \\Remote'
[2026-03-13 16:27:23] [DEBUG] Poll #40 active window: 'GOLD PRD - \\Remote'
[2026-03-13 16:27:23] [DEBUG] Waiting for color CCCCCC to disappear at (623,653)
[2026-03-13 16:27:23] [DEBUG] Color changed from CCCCCC to E2E8FB — loading complete
[2026-03-13 16:27:30] [DEBUG] Added 2 items to CSV for: D0025 - GROCERY - EDIBLE > S0015 - CONDIMENTS TABLE TOP > C0095 - AMBIENT DRESSINGS > F0493
[2026-03-13 16:27:30] [DEBUG] Family group F0493: 2 items added to CSV
[2026-03-13 16:27:32] [DEBUG] Clicked and typed at (712,135): F0513
[2026-03-13 16:27:35] [DEBUG] Poll #5 active window: 'GOLD PRD - \\Remote'
[2026-03-13 16:27:36] [DEBUG] Poll #10 active window: 'GOLD PRD - \\Remote'
[2026-03-13 16:27:37] [DEBUG] Poll #15 active window: 'GOLD PRD - \\Remote'
[2026-03-13 16:27:38] [DEBUG] Poll #20 active window: 'GOLD PRD - \\Remote'
[2026-03-13 16:27:39] [DEBUG] Poll #25 active window: 'GOLD PRD - \\Remote'
[2026-03-13 16:27:40] [DEBUG] Poll #30 active window: 'GOLD PRD - \\Remote'
[2026-03-13 16:27:41] [DEBUG] Poll #35 active window: 'GOLD PRD - \\Remote'
[2026-03-13 16:27:42] [DEBUG] Poll #40 active window: 'GOLD PRD - \\Remote'
[2026-03-13 16:27:42] [DEBUG] Waiting for color CCCCCC to disappear at (623,653)
[2026-03-13 16:27:42] [DEBUG] Color changed from CCCCCC to E2E8FB — loading complete
[2026-03-13 16:27:50] [DEBUG] Added 2 items to CSV for: D0025 - GROCERY - EDIBLE > S0015 - CONDIMENTS TABLE TOP > C0097 - AMBIENT HERBS & SPICES > F0513
[2026-03-13 16:27:50] [DEBUG] Family group F0513: 2 items added to CSV
[2026-03-13 16:27:52] [DEBUG] Clicked and typed at (712,135): F3237
[2026-03-13 16:27:55] [DEBUG] Poll #5 active window: 'GOLD PRD - \\Remote'
[2026-03-13 16:27:56] [DEBUG] Poll #10 active window: 'GOLD PRD - \\Remote'
[2026-03-13 16:27:57] [DEBUG] Poll #15 active window: 'GOLD PRD - \\Remote'
[2026-03-13 16:27:58] [DEBUG] Poll #20 active window: 'GOLD PRD - \\Remote'
[2026-03-13 16:27:59] [DEBUG] Poll #25 active window: 'GOLD PRD - \\Remote'
[2026-03-13 16:28:00] [DEBUG] Poll #30 active window: 'GOLD PRD - \\Remote'
[2026-03-13 16:28:01] [DEBUG] Poll #35 active window: 'GOLD PRD - \\Remote'
[2026-03-13 16:28:02] [DEBUG] Poll #40 active window: 'GOLD PRD - \\Remote'
[2026-03-13 16:28:02] [DEBUG] Waiting for color CCCCCC to disappear at (623,653)
[2026-03-13 16:28:02] [DEBUG] Color changed from CCCCCC to E2E8FB — loading complete
[2026-03-13 16:28:09] [DEBUG] Added 1 items to CSV for: D0025 - GROCERY - EDIBLE > S0015 - CONDIMENTS TABLE TOP > C0097 - AMBIENT HERBS & SPICES > F3237
[2026-03-13 16:28:09] [DEBUG] Family group F3237: 1 items added to CSV
[2026-03-13 16:28:11] [DEBUG] Clicked and typed at (712,135): F0516
[2026-03-13 16:28:14] [DEBUG] Poll #5 active window: 'GOLD PRD - \\Remote'
[2026-03-13 16:28:15] [DEBUG] Poll #10 active window: 'GOLD PRD - \\Remote'
[2026-03-13 16:28:16] [DEBUG] Poll #15 active window: 'GOLD PRD - \\Remote'
[2026-03-13 16:28:17] [DEBUG] Poll #20 active window: 'GOLD PRD - \\Remote'
[2026-03-13 16:28:18] [DEBUG] Poll #25 active window: 'GOLD PRD - \\Remote'
[2026-03-13 16:28:19] [DEBUG] Poll #30 active window: 'GOLD PRD - \\Remote'
[2026-03-13 16:28:20] [DEBUG] Poll #35 active window: 'GOLD PRD - \\Remote'
[2026-03-13 16:28:21] [DEBUG] Poll #40 active window: 'GOLD PRD - \\Remote'
[2026-03-13 16:28:21] [DEBUG] Waiting for color CCCCCC to disappear at (623,653)
[2026-03-13 16:28:21] [DEBUG] Color changed from CCCCCC to E2E8FB — loading complete
[2026-03-13 16:28:28] [DEBUG] Added 6 items to CSV for: D0025 - GROCERY - EDIBLE > S0015 - CONDIMENTS TABLE TOP > C0098 - KETCHUP > F0516
[2026-03-13 16:28:28] [DEBUG] Family group F0516: 6 items added to CSV
[2026-03-13 16:28:30] [DEBUG] Clicked and typed at (712,135): F0517
[2026-03-13 16:28:33] [DEBUG] Poll #5 active window: 'GOLD PRD - \\Remote'
[2026-03-13 16:28:34] [DEBUG] Poll #10 active window: 'GOLD PRD - \\Remote'
[2026-03-13 16:28:35] [DEBUG] Poll #15 active window: 'GOLD PRD - \\Remote'
[2026-03-13 16:28:36] [DEBUG] Poll #20 active window: 'GOLD PRD - \\Remote'
[2026-03-13 16:28:37] [DEBUG] Poll #25 active window: 'GOLD PRD - \\Remote'
[2026-03-13 16:28:38] [DEBUG] Poll #30 active window: 'GOLD PRD - \\Remote'
[2026-03-13 16:28:39] [DEBUG] Poll #35 active window: 'GOLD PRD - \\Remote'
[2026-03-13 16:28:40] [DEBUG] Poll #40 active window: 'GOLD PRD - \\Remote'
[2026-03-13 16:28:40] [DEBUG] Waiting for color CCCCCC to disappear at (623,653)
[2026-03-13 16:28:43] [DEBUG] Color changed from CCCCCC to FFFFFF — loading complete
[2026-03-13 16:28:51] [DEBUG] Added 21 items to CSV for: D0025 - GROCERY - EDIBLE > S0015 - CONDIMENTS TABLE TOP > C0098 - KETCHUP > F0517
[2026-03-13 16:28:51] [DEBUG] Family group F0517: 21 items added to CSV
[2026-03-13 16:28:52] [DEBUG] Clicked and typed at (712,135): F0518
[2026-03-13 16:28:55] [DEBUG] Poll #5 active window: 'GOLD PRD - \\Remote'
[2026-03-13 16:28:56] [DEBUG] Poll #10 active window: 'GOLD PRD - \\Remote'
[2026-03-13 16:28:57] [DEBUG] Poll #15 active window: 'GOLD PRD - \\Remote'
[2026-03-13 16:28:58] [DEBUG] Poll #20 active window: 'GOLD PRD - \\Remote'
[2026-03-13 16:28:59] [DEBUG] Poll #25 active window: 'GOLD PRD - \\Remote'
[2026-03-13 16:29:00] [DEBUG] Poll #30 active window: 'GOLD PRD - \\Remote'
[2026-03-13 16:29:02] [DEBUG] Poll #35 active window: 'GOLD PRD - \\Remote'
[2026-03-13 16:29:03] [DEBUG] Poll #40 active window: 'GOLD PRD - \\Remote'
[2026-03-13 16:29:03] [DEBUG] Waiting for color CCCCCC to disappear at (623,653)
[2026-03-13 16:29:05] [DEBUG] Color changed from CCCCCC to FFFFFF — loading complete
[2026-03-13 16:29:12] [DEBUG] Added 9 items to CSV for: D0025 - GROCERY - EDIBLE > S0015 - CONDIMENTS TABLE TOP > C0099 - MARINADES > F0518
[2026-03-13 16:29:12] [DEBUG] Family group F0518: 9 items added to CSV
[2026-03-13 16:29:14] [DEBUG] Clicked and typed at (712,135): F0520
[2026-03-13 16:29:17] [DEBUG] Poll #5 active window: 'GOLD PRD - \\Remote'
[2026-03-13 16:29:18] [DEBUG] Poll #10 active window: 'GOLD PRD - \\Remote'
[2026-03-13 16:29:19] [DEBUG] Poll #15 active window: 'GOLD PRD - \\Remote'
[2026-03-13 16:29:20] [DEBUG] Poll #20 active window: 'GOLD PRD - \\Remote'
[2026-03-13 16:29:21] [DEBUG] Poll #25 active window: 'GOLD PRD - \\Remote'
[2026-03-13 16:29:22] [DEBUG] Poll #30 active window: 'GOLD PRD - \\Remote'
[2026-03-13 16:29:23] [DEBUG] Poll #35 active window: 'GOLD PRD - \\Remote'
[2026-03-13 16:29:24] [DEBUG] Poll #40 active window: 'GOLD PRD - \\Remote'
[2026-03-13 16:29:24] [DEBUG] Waiting for color CCCCCC to disappear at (623,653)
[2026-03-13 16:29:25] [DEBUG] Color changed from CCCCCC to FFFFFF — loading complete
[2026-03-13 16:29:32] [DEBUG] Added 25 items to CSV for: D0025 - GROCERY - EDIBLE > S0015 - CONDIMENTS TABLE TOP > C0100 - MAYONNAISE > F0520
[2026-03-13 16:29:32] [DEBUG] Family group F0520: 25 items added to CSV
[2026-03-13 16:29:34] [DEBUG] Clicked and typed at (712,135): F0521
[2026-03-13 16:29:37] [DEBUG] Poll #5 active window: 'GOLD PRD - \\Remote'
[2026-03-13 16:29:38] [DEBUG] Poll #10 active window: 'GOLD PRD - \\Remote'
[2026-03-13 16:29:39] [DEBUG] Poll #15 active window: 'GOLD PRD - \\Remote'
[2026-03-13 16:29:40] [DEBUG] Poll #20 active window: 'GOLD PRD - \\Remote'
[2026-03-13 16:29:41] [DEBUG] Poll #25 active window: 'GOLD PRD - \\Remote'
[2026-03-13 16:29:42] [DEBUG] Poll #30 active window: 'GOLD PRD - \\Remote'
[2026-03-13 16:29:43] [DEBUG] Poll #35 active window: 'GOLD PRD - \\Remote'
[2026-03-13 16:29:44] [DEBUG] Poll #40 active window: 'GOLD PRD - \\Remote'
[2026-03-13 16:29:44] [DEBUG] Waiting for color CCCCCC to disappear at (623,653)
[2026-03-13 16:29:44] [DEBUG] Color changed from CCCCCC to FFFFFF — loading complete
[2026-03-13 16:29:51] [DEBUG] Added 21 items to CSV for: D0025 - GROCERY - EDIBLE > S0015 - CONDIMENTS TABLE TOP > C0100 - MAYONNAISE > F0521
[2026-03-13 16:29:51] [DEBUG] Family group F0521: 21 items added to CSV
[2026-03-13 16:29:53] [DEBUG] Clicked and typed at (712,135): F0522
[2026-03-13 16:29:56] [DEBUG] Poll #5 active window: 'GOLD PRD - \\Remote'
[2026-03-13 16:29:57] [DEBUG] Poll #10 active window: 'GOLD PRD - \\Remote'
[2026-03-13 16:29:58] [DEBUG] Poll #15 active window: 'GOLD PRD - \\Remote'
[2026-03-13 16:29:59] [DEBUG] Poll #20 active window: 'GOLD PRD - \\Remote'
[2026-03-13 16:30:00] [DEBUG] Poll #25 active window: 'GOLD PRD - \\Remote'
[2026-03-13 16:30:01] [DEBUG] Poll #30 active window: 'GOLD PRD - \\Remote'
[2026-03-13 16:30:02] [DEBUG] Poll #35 active window: 'GOLD PRD - \\Remote'
[2026-03-13 16:30:03] [DEBUG] Poll #40 active window: 'GOLD PRD - \\Remote'
[2026-03-13 16:30:03] [DEBUG] Waiting for color CCCCCC to disappear at (623,653)
[2026-03-13 16:30:03] [DEBUG] Color changed from CCCCCC to FFFFFF — loading complete
[2026-03-13 16:30:10] [DEBUG] Added 7 items to CSV for: D0025 - GROCERY - EDIBLE > S0015 - CONDIMENTS TABLE TOP > C0100 - MAYONNAISE > F0522
[2026-03-13 16:30:10] [DEBUG] Family group F0522: 7 items added to CSV
[2026-03-13 16:30:12] [DEBUG] Clicked and typed at (712,135): F0523
[2026-03-13 16:30:15] [DEBUG] Poll #5 active window: 'GOLD PRD - \\Remote'
[2026-03-13 16:30:16] [DEBUG] Poll #10 active window: 'GOLD PRD - \\Remote'
[2026-03-13 16:30:17] [DEBUG] Poll #15 active window: 'GOLD PRD - \\Remote'
[2026-03-13 16:30:18] [DEBUG] Poll #20 active window: 'GOLD PRD - \\Remote'
[2026-03-13 16:30:19] [DEBUG] Poll #25 active window: 'GOLD PRD - \\Remote'
[2026-03-13 16:30:20] [DEBUG] Poll #30 active window: 'GOLD PRD - \\Remote'
[2026-03-13 16:30:21] [DEBUG] Poll #35 active window: 'GOLD PRD - \\Remote'
[2026-03-13 16:30:22] [DEBUG] Poll #40 active window: 'GOLD PRD - \\Remote'
[2026-03-13 16:30:22] [DEBUG] Waiting for color CCCCCC to disappear at (623,653)
[2026-03-13 16:30:23] [DEBUG] Color changed from CCCCCC to E2E8FB — loading complete
[2026-03-13 16:30:30] [DEBUG] No valid items found in clipboard for family group: F0523
[2026-03-13 16:30:30] [DEBUG] Family group F0523: 0 items added to CSV
[2026-03-13 16:30:32] [DEBUG] Clicked and typed at (712,135): F0524
[2026-03-13 16:30:35] [DEBUG] Poll #5 active window: 'GOLD PRD - \\Remote'
[2026-03-13 16:30:36] [DEBUG] Poll #10 active window: 'GOLD PRD - \\Remote'
[2026-03-13 16:30:37] [DEBUG] Poll #15 active window: 'GOLD PRD - \\Remote'
[2026-03-13 16:30:38] [DEBUG] Poll #20 active window: 'GOLD PRD - \\Remote'
[2026-03-13 16:30:39] [DEBUG] Poll #25 active window: 'GOLD PRD - \\Remote'
[2026-03-13 16:30:40] [DEBUG] Poll #30 active window: 'GOLD PRD - \\Remote'
[2026-03-13 16:30:41] [DEBUG] Poll #35 active window: 'GOLD PRD - \\Remote'
[2026-03-13 16:30:42] [DEBUG] Poll #40 active window: 'GOLD PRD - \\Remote'
[2026-03-13 16:30:42] [DEBUG] Waiting for color CCCCCC to disappear at (623,653)
[2026-03-13 16:30:42] [DEBUG] Color changed from CCCCCC to E2E8FB — loading complete
[2026-03-13 16:30:49] [DEBUG] No valid items found in clipboard for family group: F0524
[2026-03-13 16:30:49] [DEBUG] Family group F0524: 0 items added to CSV
[2026-03-13 16:30:51] [DEBUG] Clicked and typed at (712,135): F0526
[2026-03-13 16:30:54] [DEBUG] Poll #5 active window: 'GOLD PRD - \\Remote'
[2026-03-13 16:30:55] [DEBUG] Poll #10 active window: 'GOLD PRD - \\Remote'
[2026-03-13 16:30:56] [DEBUG] Poll #15 active window: 'GOLD PRD - \\Remote'
[2026-03-13 16:30:57] [DEBUG] Poll #20 active window: 'GOLD PRD - \\Remote'
[2026-03-13 16:30:58] [DEBUG] Poll #25 active window: 'GOLD PRD - \\Remote'
[2026-03-13 16:30:59] [DEBUG] Poll #30 active window: 'GOLD PRD - \\Remote'
[2026-03-13 16:31:00] [DEBUG] Poll #35 active window: 'GOLD PRD - \\Remote'
[2026-03-13 16:31:01] [DEBUG] Poll #40 active window: 'GOLD PRD - \\Remote'
[2026-03-13 16:31:01] [DEBUG] Waiting for color CCCCCC to disappear at (623,653)
[2026-03-13 16:31:01] [DEBUG] Color changed from CCCCCC to E2E8FB — loading complete
[2026-03-13 16:31:08] [DEBUG] Added 2 items to CSV for: D0025 - GROCERY - EDIBLE > S0015 - CONDIMENTS TABLE TOP > C0101 - MUSTARD > F0526
[2026-03-13 16:31:08] [DEBUG] Family group F0526: 2 items added to CSV
[2026-03-13 16:31:10] [DEBUG] Clicked and typed at (712,135): F0527
[2026-03-13 16:31:13] [DEBUG] Poll #5 active window: 'GOLD PRD - \\Remote'
[2026-03-13 16:31:14] [DEBUG] Poll #10 active window: 'GOLD PRD - \\Remote'
[2026-03-13 16:31:15] [DEBUG] Poll #15 active window: 'GOLD PRD - \\Remote'
[2026-03-13 16:31:16] [DEBUG] Poll #20 active window: 'GOLD PRD - \\Remote'
[2026-03-13 16:31:17] [DEBUG] Poll #25 active window: 'GOLD PRD - \\Remote'
[2026-03-13 16:31:18] [DEBUG] Poll #30 active window: 'GOLD PRD - \\Remote'
[2026-03-13 16:31:19] [DEBUG] Poll #35 active window: 'GOLD PRD - \\Remote'
[2026-03-13 16:31:20] [DEBUG] Poll #40 active window: 'GOLD PRD - \\Remote'
[2026-03-13 16:31:20] [DEBUG] Waiting for color CCCCCC to disappear at (623,653)
[2026-03-13 16:31:21] [DEBUG] Color changed from CCCCCC to E2E8FB — loading complete
[2026-03-13 16:31:28] [DEBUG] Added 1 items to CSV for: D0025 - GROCERY - EDIBLE > S0015 - CONDIMENTS TABLE TOP > C0101 - MUSTARD > F0527
[2026-03-13 16:31:28] [DEBUG] Family group F0527: 1 items added to CSV
[2026-03-13 16:31:30] [DEBUG] Clicked and typed at (712,135): F0529
[2026-03-13 16:31:33] [DEBUG] Poll #5 active window: 'GOLD PRD - \\Remote'
[2026-03-13 16:31:34] [DEBUG] Poll #10 active window: 'GOLD PRD - \\Remote'
[2026-03-13 16:31:35] [DEBUG] Poll #15 active window: 'GOLD PRD - \\Remote'
[2026-03-13 16:31:36] [DEBUG] Poll #20 active window: 'GOLD PRD - \\Remote'
[2026-03-13 16:31:37] [DEBUG] Poll #25 active window: 'GOLD PRD - \\Remote'
[2026-03-13 16:31:38] [DEBUG] Poll #30 active window: 'GOLD PRD - \\Remote'
[2026-03-13 16:31:39] [DEBUG] Poll #35 active window: 'GOLD PRD - \\Remote'
[2026-03-13 16:31:40] [DEBUG] Poll #40 active window: 'GOLD PRD - \\Remote'
[2026-03-13 16:31:40] [DEBUG] Waiting for color CCCCCC to disappear at (623,653)
[2026-03-13 16:31:40] [DEBUG] Color changed from CCCCCC to FFFFFF — loading complete
[2026-03-13 16:31:48] [DEBUG] Added 6 items to CSV for: D0025 - GROCERY - EDIBLE > S0015 - CONDIMENTS TABLE TOP > C0101 - MUSTARD > F0529
[2026-03-13 16:31:48] [DEBUG] Family group F0529: 6 items added to CSV
[2026-03-13 16:31:49] [DEBUG] Clicked and typed at (712,135): F0531
[2026-03-13 16:31:52] [DEBUG] Poll #5 active window: 'GOLD PRD - \\Remote'
[2026-03-13 16:31:54] [DEBUG] Poll #10 active window: 'GOLD PRD - \\Remote'
[2026-03-13 16:31:55] [DEBUG] Poll #15 active window: 'GOLD PRD - \\Remote'
[2026-03-13 16:31:56] [DEBUG] Poll #20 active window: 'GOLD PRD - \\Remote'
[2026-03-13 16:31:57] [DEBUG] Poll #25 active window: 'GOLD PRD - \\Remote'
[2026-03-13 16:31:58] [DEBUG] Poll #30 active window: 'GOLD PRD - \\Remote'
[2026-03-13 16:31:59] [DEBUG] Poll #35 active window: 'GOLD PRD - \\Remote'
[2026-03-13 16:32:00] [DEBUG] Poll #40 active window: 'GOLD PRD - \\Remote'
[2026-03-13 16:32:00] [DEBUG] Waiting for color CCCCCC to disappear at (623,653)
[2026-03-13 16:32:00] [DEBUG] Color changed from CCCCCC to E2E8FB — loading complete
[2026-03-13 16:32:07] [DEBUG] No valid items found in clipboard for family group: F0531
[2026-03-13 16:32:07] [DEBUG] Family group F0531: 0 items added to CSV
[2026-03-13 16:32:09] [DEBUG] Clicked and typed at (712,135): F0532
[2026-03-13 16:32:12] [DEBUG] Poll #5 active window: 'GOLD PRD - \\Remote'
[2026-03-13 16:32:13] [DEBUG] Poll #10 active window: 'GOLD PRD - \\Remote'
[2026-03-13 16:32:14] [DEBUG] Poll #15 active window: 'GOLD PRD - \\Remote'
[2026-03-13 16:32:15] [DEBUG] Poll #20 active window: 'GOLD PRD - \\Remote'
[2026-03-13 16:32:16] [DEBUG] Poll #25 active window: 'GOLD PRD - \\Remote'
[2026-03-13 16:32:17] [DEBUG] Poll #30 active window: 'GOLD PRD - \\Remote'
[2026-03-13 16:32:18] [DEBUG] Poll #35 active window: 'GOLD PRD - \\Remote'
[2026-03-13 16:32:19] [DEBUG] Poll #40 active window: 'GOLD PRD - \\Remote'
[2026-03-13 16:32:19] [DEBUG] Waiting for color CCCCCC to disappear at (623,653)
[2026-03-13 16:32:19] [DEBUG] Color changed from CCCCCC to E2E8FB — loading complete
[2026-03-13 16:32:26] [DEBUG] Added 4 items to CSV for: D0025 - GROCERY - EDIBLE > S0015 - CONDIMENTS TABLE TOP > C0102 - AMBIENT OLIVES > F0532
[2026-03-13 16:32:26] [DEBUG] Family group F0532: 4 items added to CSV
[2026-03-13 16:32:28] [DEBUG] Clicked and typed at (712,135): F0533
[2026-03-13 16:32:31] [DEBUG] Poll #5 active window: 'GOLD PRD - \\Remote'
[2026-03-13 16:32:32] [DEBUG] Poll #10 active window: 'GOLD PRD - \\Remote'
[2026-03-13 16:32:33] [DEBUG] Poll #15 active window: 'GOLD PRD - \\Remote'
[2026-03-13 16:32:34] [DEBUG] Poll #20 active window: 'GOLD PRD - \\Remote'
[2026-03-13 16:32:35] [DEBUG] Poll #25 active window: 'GOLD PRD - \\Remote'
[2026-03-13 16:32:36] [DEBUG] Poll #30 active window: 'GOLD PRD - \\Remote'
[2026-03-13 16:32:37] [DEBUG] Poll #35 active window: 'GOLD PRD - \\Remote'
[2026-03-13 16:32:38] [DEBUG] Poll #40 active window: 'GOLD PRD - \\Remote'
[2026-03-13 16:32:38] [DEBUG] Waiting for color CCCCCC to disappear at (623,653)
[2026-03-13 16:32:38] [DEBUG] Color changed from CCCCCC to E2E8FB — loading complete
[2026-03-13 16:32:46] [DEBUG] Added 2 items to CSV for: D0025 - GROCERY - EDIBLE > S0015 - CONDIMENTS TABLE TOP > C0102 - AMBIENT OLIVES > F0533
[2026-03-13 16:32:46] [DEBUG] Family group F0533: 2 items added to CSV
[2026-03-13 16:32:47] [DEBUG] Clicked and typed at (712,135): F0535
[2026-03-13 16:32:50] [DEBUG] Poll #5 active window: 'GOLD PRD - \\Remote'
[2026-03-13 16:32:51] [DEBUG] Poll #10 active window: 'GOLD PRD - \\Remote'
[2026-03-13 16:32:52] [DEBUG] Poll #15 active window: 'GOLD PRD - \\Remote'
[2026-03-13 16:32:54] [DEBUG] Poll #20 active window: 'GOLD PRD - \\Remote'
[2026-03-13 16:32:55] [DEBUG] Poll #25 active window: 'GOLD PRD - \\Remote'
[2026-03-13 16:32:56] [DEBUG] Poll #30 active window: 'GOLD PRD - \\Remote'
[2026-03-13 16:32:57] [DEBUG] Poll #35 active window: 'GOLD PRD - \\Remote'
[2026-03-13 16:32:58] [DEBUG] Poll #40 active window: 'GOLD PRD - \\Remote'
[2026-03-13 16:32:58] [DEBUG] Waiting for color CCCCCC to disappear at (623,653)
[2026-03-13 16:32:58] [DEBUG] Color changed from CCCCCC to E2E8FB — loading complete
[2026-03-13 16:33:05] [DEBUG] Added 6 items to CSV for: D0025 - GROCERY - EDIBLE > S0015 - CONDIMENTS TABLE TOP > C0103 - PICKLES > F0535
[2026-03-13 16:33:05] [DEBUG] Family group F0535: 6 items added to CSV
[2026-03-13 16:33:07] [DEBUG] Clicked and typed at (712,135): F0538
[2026-03-13 16:33:10] [DEBUG] Poll #5 active window: 'GOLD PRD - \\Remote'
[2026-03-13 16:33:11] [DEBUG] Poll #10 active window: 'GOLD PRD - \\Remote'
[2026-03-13 16:33:12] [DEBUG] Poll #15 active window: 'GOLD PRD - \\Remote'
[2026-03-13 16:33:13] [DEBUG] Poll #20 active window: 'GOLD PRD - \\Remote'
[2026-03-13 16:33:14] [DEBUG] Poll #25 active window: 'GOLD PRD - \\Remote'
[2026-03-13 16:33:15] [DEBUG] Poll #30 active window: 'GOLD PRD - \\Remote'
[2026-03-13 16:33:16] [DEBUG] Poll #35 active window: 'GOLD PRD - \\Remote'
[2026-03-13 16:33:17] [DEBUG] Poll #40 active window: 'GOLD PRD - \\Remote'
[2026-03-13 16:33:17] [DEBUG] Waiting for color CCCCCC to disappear at (623,653)
[2026-03-13 16:33:17] [DEBUG] Color changed from CCCCCC to E2E8FB — loading complete
[2026-03-13 16:33:24] [DEBUG] Added 7 items to CSV for: D0025 - GROCERY - EDIBLE > S0015 - CONDIMENTS TABLE TOP > C0103 - PICKLES > F0538
[2026-03-13 16:33:24] [DEBUG] Family group F0538: 7 items added to CSV
[2026-03-13 16:33:26] [DEBUG] Clicked and typed at (712,135): F0539
[2026-03-13 16:33:29] [DEBUG] Poll #5 active window: 'GOLD PRD - \\Remote'
[2026-03-13 16:33:30] [DEBUG] Poll #10 active window: 'GOLD PRD - \\Remote'
[2026-03-13 16:33:31] [DEBUG] Poll #15 active window: 'GOLD PRD - \\Remote'
[2026-03-13 16:33:32] [DEBUG] Poll #20 active window: 'GOLD PRD - \\Remote'
[2026-03-13 16:33:33] [DEBUG] Poll #25 active window: 'GOLD PRD - \\Remote'
[2026-03-13 16:33:34] [DEBUG] Poll #30 active window: 'GOLD PRD - \\Remote'
[2026-03-13 16:33:35] [DEBUG] Poll #35 active window: 'GOLD PRD - \\Remote'
[2026-03-13 16:33:36] [DEBUG] Poll #40 active window: 'GOLD PRD - \\Remote'
[2026-03-13 16:33:36] [DEBUG] Waiting for color CCCCCC to disappear at (623,653)
[2026-03-13 16:33:36] [DEBUG] Color changed from CCCCCC to E2E8FB — loading complete
[2026-03-13 16:33:44] [DEBUG] Added 2 items to CSV for: D0025 - GROCERY - EDIBLE > S0015 - CONDIMENTS TABLE TOP > C0103 - PICKLES > F0539
[2026-03-13 16:33:44] [DEBUG] Family group F0539: 2 items added to CSV
[2026-03-13 16:33:45] [DEBUG] Clicked and typed at (712,135): F0540
[2026-03-13 16:33:48] [DEBUG] Poll #5 active window: 'GOLD PRD - \\Remote'
[2026-03-13 16:33:49] [DEBUG] Poll #10 active window: 'GOLD PRD - \\Remote'
[2026-03-13 16:33:50] [DEBUG] Poll #15 active window: 'GOLD PRD - \\Remote'
[2026-03-13 16:33:51] [DEBUG] Poll #20 active window: 'GOLD PRD - \\Remote'
[2026-03-13 16:33:52] [DEBUG] Poll #25 active window: 'GOLD PRD - \\Remote'
[2026-03-13 16:33:53] [DEBUG] Poll #30 active window: 'GOLD PRD - \\Remote'
[2026-03-13 16:33:54] [DEBUG] Poll #35 active window: 'GOLD PRD - \\Remote'
[2026-03-13 16:33:56] [DEBUG] Poll #40 active window: 'GOLD PRD - \\Remote'
[2026-03-13 16:33:56] [DEBUG] Waiting for color CCCCCC to disappear at (623,653)
[2026-03-13 16:33:59] [DEBUG] Color changed from CCCCCC to FFFFFF — loading complete
[2026-03-13 16:34:06] [DEBUG] Added 12 items to CSV for: D0025 - GROCERY - EDIBLE > S0015 - CONDIMENTS TABLE TOP > C0103 - PICKLES > F0540
[2026-03-13 16:34:06] [DEBUG] Family group F0540: 12 items added to CSV
[2026-03-13 16:34:08] [DEBUG] Clicked and typed at (712,135): F0544
[2026-03-13 16:34:11] [DEBUG] Poll #5 active window: 'GOLD PRD - \\Remote'
[2026-03-13 16:34:12] [DEBUG] Poll #10 active window: 'GOLD PRD - \\Remote'
[2026-03-13 16:34:13] [DEBUG] Poll #15 active window: 'GOLD PRD - \\Remote'
[2026-03-13 16:34:14] [DEBUG] Poll #20 active window: 'GOLD PRD - \\Remote'
[2026-03-13 16:34:15] [DEBUG] Poll #25 active window: 'GOLD PRD - \\Remote'
[2026-03-13 16:34:16] [DEBUG] Poll #30 active window: 'GOLD PRD - \\Remote'
[2026-03-13 16:34:17] [DEBUG] Poll #35 active window: 'GOLD PRD - \\Remote'
[2026-03-13 16:34:18] [DEBUG] Poll #40 active window: 'GOLD PRD - \\Remote'
[2026-03-13 16:34:18] [DEBUG] Waiting for color CCCCCC to disappear at (623,653)
[2026-03-13 16:34:18] [DEBUG] Color changed from CCCCCC to E2E8FB — loading complete
[2026-03-13 16:34:26] [DEBUG] No valid items found in clipboard for family group: F0544
[2026-03-13 16:34:26] [DEBUG] Family group F0544: 0 items added to CSV
[2026-03-13 16:34:28] [DEBUG] Clicked and typed at (712,135): F0545
[2026-03-13 16:34:31] [DEBUG] Poll #5 active window: 'GOLD PRD - \\Remote'
[2026-03-13 16:34:32] [DEBUG] Poll #10 active window: 'GOLD PRD - \\Remote'
[2026-03-13 16:34:33] [DEBUG] Poll #15 active window: 'GOLD PRD - \\Remote'
[2026-03-13 16:34:34] [DEBUG] Poll #20 active window: 'GOLD PRD - \\Remote'
[2026-03-13 16:34:34] [DEBUG] IsGoldWindowActive: matched active title 'G.O.L.D. - LOCAL SALES PRICE SIMPLIFIED INPUT - Fri Mar 13 16:34:35 GMT 2026 - \\Remote'
[2026-03-13 16:34:38] [DEBUG] Family group not found — skipping F0545
[2026-03-13 16:34:39] [DEBUG] Clicked and typed at (712,135): F0548
[2026-03-13 16:34:42] [DEBUG] Poll #5 active window: 'GOLD PRD - \\Remote'
[2026-03-13 16:34:43] [DEBUG] Poll #10 active window: 'GOLD PRD - \\Remote'
[2026-03-13 16:34:44] [DEBUG] Poll #15 active window: 'GOLD PRD - \\Remote'
[2026-03-13 16:34:45] [DEBUG] Poll #20 active window: 'GOLD PRD - \\Remote'
[2026-03-13 16:34:46] [DEBUG] Poll #25 active window: 'GOLD PRD - \\Remote'
[2026-03-13 16:34:47] [DEBUG] Poll #30 active window: 'GOLD PRD - \\Remote'
[2026-03-13 16:34:48] [DEBUG] Poll #35 active window: 'GOLD PRD - \\Remote'
[2026-03-13 16:34:49] [DEBUG] Poll #40 active window: 'GOLD PRD - \\Remote'
[2026-03-13 16:34:49] [DEBUG] Waiting for color CCCCCC to disappear at (623,653)
[2026-03-13 16:34:49] [DEBUG] Color changed from CCCCCC to E2E8FB — loading complete
[2026-03-13 16:34:57] [DEBUG] No valid items found in clipboard for family group: F0548
[2026-03-13 16:34:57] [DEBUG] Family group F0548: 0 items added to CSV
[2026-03-13 16:34:58] [DEBUG] Clicked and typed at (712,135): F0549
[2026-03-13 16:35:01] [DEBUG] Poll #5 active window: 'GOLD PRD - \\Remote'
[2026-03-13 16:35:02] [DEBUG] Poll #10 active window: 'GOLD PRD - \\Remote'
[2026-03-13 16:35:03] [DEBUG] Poll #15 active window: 'GOLD PRD - \\Remote'
[2026-03-13 16:35:04] [DEBUG] Poll #20 active window: 'GOLD PRD - \\Remote'
[2026-03-13 16:35:05] [DEBUG] Poll #25 active window: 'GOLD PRD - \\Remote'
[2026-03-13 16:35:06] [DEBUG] Poll #30 active window: 'GOLD PRD - \\Remote'
[2026-03-13 16:35:07] [DEBUG] Poll #35 active window: 'GOLD PRD - \\Remote'
[2026-03-13 16:35:08] [DEBUG] Poll #40 active window: 'GOLD PRD - \\Remote'
[2026-03-13 16:35:08] [DEBUG] Waiting for color CCCCCC to disappear at (623,653)
[2026-03-13 16:35:09] [DEBUG] Color changed from CCCCCC to E2E8FB — loading complete
[2026-03-13 16:35:16] [DEBUG] Added 9 items to CSV for: D0025 - GROCERY - EDIBLE > S0015 - CONDIMENTS TABLE TOP > C0106 - TABLE SAUCES > F0549
[2026-03-13 16:35:16] [DEBUG] Family group F0549: 9 items added to CSV
[2026-03-13 16:35:18] [DEBUG] Clicked and typed at (712,135): F0552
[2026-03-13 16:35:21] [DEBUG] Poll #5 active window: 'GOLD PRD - \\Remote'
[2026-03-13 16:35:22] [DEBUG] Poll #10 active window: 'GOLD PRD - \\Remote'
[2026-03-13 16:35:23] [DEBUG] Poll #15 active window: 'GOLD PRD - \\Remote'
[2026-03-13 16:35:24] [DEBUG] Poll #20 active window: 'GOLD PRD - \\Remote'
[2026-03-13 16:35:25] [DEBUG] Poll #25 active window: 'GOLD PRD - \\Remote'
[2026-03-13 16:35:26] [DEBUG] Poll #30 active window: 'GOLD PRD - \\Remote'
[2026-03-13 16:35:27] [DEBUG] Poll #35 active window: 'GOLD PRD - \\Remote'
[2026-03-13 16:35:28] [DEBUG] Poll #40 active window: 'GOLD PRD - \\Remote'
[2026-03-13 16:35:28] [DEBUG] Waiting for color CCCCCC to disappear at (623,653)
[2026-03-13 16:35:36] [DEBUG] Color changed from CCCCCC to FFFFFF — loading complete
[2026-03-13 16:35:43] [DEBUG] Added 16 items to CSV for: D0025 - GROCERY - EDIBLE > S0015 - CONDIMENTS TABLE TOP > C0106 - TABLE SAUCES > F0552
[2026-03-13 16:35:43] [DEBUG] Family group F0552: 16 items added to CSV
[2026-03-13 16:35:45] [DEBUG] Clicked and typed at (712,135): F0553
[2026-03-13 16:35:48] [DEBUG] Poll #5 active window: 'GOLD PRD - \\Remote'
[2026-03-13 16:35:49] [DEBUG] Poll #10 active window: 'GOLD PRD - \\Remote'
[2026-03-13 16:35:50] [DEBUG] Poll #15 active window: 'GOLD PRD - \\Remote'
[2026-03-13 16:35:51] [DEBUG] Poll #20 active window: 'GOLD PRD - \\Remote'
[2026-03-13 16:35:52] [DEBUG] Poll #25 active window: 'GOLD PRD - \\Remote'
[2026-03-13 16:35:53] [DEBUG] Poll #30 active window: 'GOLD PRD - \\Remote'
[2026-03-13 16:35:54] [DEBUG] Poll #35 active window: 'GOLD PRD - \\Remote'
[2026-03-13 16:35:55] [DEBUG] Poll #40 active window: 'GOLD PRD - \\Remote'
[2026-03-13 16:35:55] [DEBUG] Waiting for color CCCCCC to disappear at (623,653)
[2026-03-13 16:35:55] [DEBUG] Color changed from CCCCCC to E2E8FB — loading complete
[2026-03-13 16:36:02] [DEBUG] Added 5 items to CSV for: D0025 - GROCERY - EDIBLE > S0015 - CONDIMENTS TABLE TOP > C0106 - TABLE SAUCES > F0553
[2026-03-13 16:36:02] [DEBUG] Family group F0553: 5 items added to CSV
[2026-03-13 16:36:04] [DEBUG] Clicked and typed at (712,135): F0554
[2026-03-13 16:36:07] [DEBUG] Poll #5 active window: 'GOLD PRD - \\Remote'
[2026-03-13 16:36:08] [DEBUG] Poll #10 active window: 'GOLD PRD - \\Remote'
[2026-03-13 16:36:09] [DEBUG] Poll #15 active window: 'GOLD PRD - \\Remote'
[2026-03-13 16:36:10] [DEBUG] Poll #20 active window: 'GOLD PRD - \\Remote'
[2026-03-13 16:36:11] [DEBUG] Poll #25 active window: 'GOLD PRD - \\Remote'
[2026-03-13 16:36:12] [DEBUG] Poll #30 active window: 'GOLD PRD - \\Remote'
[2026-03-13 16:36:13] [DEBUG] Poll #35 active window: 'GOLD PRD - \\Remote'
[2026-03-13 16:36:14] [DEBUG] Poll #40 active window: 'GOLD PRD - \\Remote'
[2026-03-13 16:36:14] [DEBUG] Waiting for color CCCCCC to disappear at (623,653)
[2026-03-13 16:36:14] [DEBUG] Color changed from CCCCCC to E2E8FB — loading complete
[2026-03-13 16:36:22] [DEBUG] Added 2 items to CSV for: D0025 - GROCERY - EDIBLE > S0015 - CONDIMENTS TABLE TOP > C0107 - VINEGAR > F0554
[2026-03-13 16:36:22] [DEBUG] Family group F0554: 2 items added to CSV
[2026-03-13 16:36:24] [DEBUG] Clicked and typed at (712,135): F0557
[2026-03-13 16:36:27] [DEBUG] Poll #5 active window: 'GOLD PRD - \\Remote'
[2026-03-13 16:36:28] [DEBUG] Poll #10 active window: 'GOLD PRD - \\Remote'
[2026-03-13 16:36:29] [DEBUG] Poll #15 active window: 'GOLD PRD - \\Remote'
[2026-03-13 16:36:30] [DEBUG] Poll #20 active window: 'GOLD PRD - \\Remote'
[2026-03-13 16:36:31] [DEBUG] Poll #25 active window: 'GOLD PRD - \\Remote'
[2026-03-13 16:36:32] [DEBUG] Poll #30 active window: 'GOLD PRD - \\Remote'
[2026-03-13 16:36:33] [DEBUG] Poll #35 active window: 'GOLD PRD - \\Remote'
[2026-03-13 16:36:34] [DEBUG] Poll #40 active window: 'GOLD PRD - \\Remote'
[2026-03-13 16:36:34] [DEBUG] Waiting for color CCCCCC to disappear at (623,653)
[2026-03-13 16:36:34] [DEBUG] Color changed from CCCCCC to E2E8FB — loading complete
[2026-03-13 16:36:41] [DEBUG] Added 3 items to CSV for: D0025 - GROCERY - EDIBLE > S0015 - CONDIMENTS TABLE TOP > C0107 - VINEGAR > F0557
[2026-03-13 16:36:41] [DEBUG] Family group F0557: 3 items added to CSV
[2026-03-13 16:36:43] [DEBUG] Clicked and typed at (712,135): F0559
[2026-03-13 16:36:46] [DEBUG] Poll #5 active window: 'GOLD PRD - \\Remote'
[2026-03-13 16:36:47] [DEBUG] Poll #10 active window: 'GOLD PRD - \\Remote'
[2026-03-13 16:36:48] [DEBUG] Poll #15 active window: 'GOLD PRD - \\Remote'
[2026-03-13 16:36:49] [DEBUG] Poll #20 active window: 'GOLD PRD - \\Remote'
[2026-03-13 16:36:50] [DEBUG] Poll #25 active window: 'GOLD PRD - \\Remote'
[2026-03-13 16:36:51] [DEBUG] Poll #30 active window: 'GOLD PRD - \\Remote'
[2026-03-13 16:36:52] [DEBUG] Poll #35 active window: 'GOLD PRD - \\Remote'
[2026-03-13 16:36:53] [DEBUG] Poll #40 active window: 'GOLD PRD - \\Remote'
[2026-03-13 16:36:53] [DEBUG] Waiting for color CCCCCC to disappear at (623,653)
[2026-03-13 16:36:53] [DEBUG] Color changed from CCCCCC to E2E8FB — loading complete
[2026-03-13 16:37:00] [DEBUG] Added 2 items to CSV for: D0025 - GROCERY - EDIBLE > S0015 - CONDIMENTS TABLE TOP > C0107 - VINEGAR > F0559
[2026-03-13 16:37:00] [DEBUG] Family group F0559: 2 items added to CSV
[2026-03-13 16:37:02] [DEBUG] Clicked and typed at (712,135): F0560
[2026-03-13 16:37:05] [DEBUG] Poll #5 active window: 'GOLD PRD - \\Remote'
[2026-03-13 16:37:06] [DEBUG] Poll #10 active window: 'GOLD PRD - \\Remote'
[2026-03-13 16:37:07] [DEBUG] Poll #15 active window: 'GOLD PRD - \\Remote'
[2026-03-13 16:37:08] [DEBUG] Poll #20 active window: 'GOLD PRD - \\Remote'
[2026-03-13 16:37:09] [DEBUG] Poll #25 active window: 'GOLD PRD - \\Remote'
[2026-03-13 16:37:10] [DEBUG] Poll #30 active window: 'GOLD PRD - \\Remote'
[2026-03-13 16:37:11] [DEBUG] Poll #35 active window: 'GOLD PRD - \\Remote'
[2026-03-13 16:37:12] [DEBUG] Poll #40 active window: 'GOLD PRD - \\Remote'
[2026-03-13 16:37:12] [DEBUG] Waiting for color CCCCCC to disappear at (623,653)
[2026-03-13 16:37:12] [DEBUG] Color changed from CCCCCC to E2E8FB — loading complete
[2026-03-13 16:37:20] [DEBUG] No valid items found in clipboard for family group: F0560
[2026-03-13 16:37:20] [DEBUG] Family group F0560: 0 items added to CSV
[2026-03-13 16:37:21] [DEBUG] Clicked and typed at (712,135): F0561
[2026-03-13 16:37:25] [DEBUG] Poll #5 active window: 'GOLD PRD - \\Remote'
[2026-03-13 16:37:26] [DEBUG] Poll #10 active window: 'GOLD PRD - \\Remote'
[2026-03-13 16:37:27] [DEBUG] Poll #15 active window: 'GOLD PRD - \\Remote'
[2026-03-13 16:37:28] [DEBUG] Poll #20 active window: 'GOLD PRD - \\Remote'
[2026-03-13 16:37:29] [DEBUG] Poll #25 active window: 'GOLD PRD - \\Remote'
[2026-03-13 16:37:30] [DEBUG] Poll #30 active window: 'GOLD PRD - \\Remote'
[2026-03-13 16:37:31] [DEBUG] Poll #35 active window: 'GOLD PRD - \\Remote'
[2026-03-13 16:37:32] [DEBUG] Poll #40 active window: 'GOLD PRD - \\Remote'
[2026-03-13 16:37:32] [DEBUG] Waiting for color CCCCCC to disappear at (623,653)
[2026-03-13 16:37:46] [DEBUG] Color changed from CCCCCC to FFFFFF — loading complete
[2026-03-13 16:37:53] [DEBUG] Added 41 items to CSV for: D0025 - GROCERY - EDIBLE > S0016 - HW FREE FROM > C0108 - HW AMBIENT SUGAR FREE > F0561
[2026-03-13 16:37:53] [DEBUG] Family group F0561: 41 items added to CSV
[2026-03-13 16:37:55] [DEBUG] Clicked and typed at (712,135): F0565
[2026-03-13 16:37:58] [DEBUG] Poll #5 active window: 'GOLD PRD - \\Remote'
[2026-03-13 16:37:59] [DEBUG] Poll #10 active window: 'GOLD PRD - \\Remote'
[2026-03-13 16:38:00] [DEBUG] Poll #15 active window: 'GOLD PRD - \\Remote'
[2026-03-13 16:38:01] [DEBUG] Poll #20 active window: 'GOLD PRD - \\Remote'
[2026-03-13 16:38:02] [DEBUG] Poll #25 active window: 'GOLD PRD - \\Remote'
[2026-03-13 16:38:03] [DEBUG] Poll #30 active window: 'GOLD PRD - \\Remote'
[2026-03-13 16:38:04] [DEBUG] Poll #35 active window: 'GOLD PRD - \\Remote'
[2026-03-13 16:38:05] [DEBUG] Poll #40 active window: 'GOLD PRD - \\Remote'
[2026-03-13 16:38:05] [DEBUG] Waiting for color CCCCCC to disappear at (623,653)
[2026-03-13 16:38:36] [DEBUG] Color changed from CCCCCC to FFFFFF — loading complete
[2026-03-13 16:38:43] [DEBUG] Added 72 items to CSV for: D0025 - GROCERY - EDIBLE > S0016 - HW FREE FROM > C0109 - HW AMBIENT GLUTEN FREE > F0565
[2026-03-13 16:38:43] [DEBUG] Family group F0565: 72 items added to CSV
[2026-03-13 16:38:45] [DEBUG] Clicked and typed at (712,135): F0566
[2026-03-13 16:38:48] [DEBUG] Poll #5 active window: 'GOLD PRD - \\Remote'
[2026-03-13 16:38:49] [DEBUG] Poll #10 active window: 'GOLD PRD - \\Remote'
[2026-03-13 16:38:50] [DEBUG] Poll #15 active window: 'GOLD PRD - \\Remote'
[2026-03-13 16:38:51] [DEBUG] Poll #20 active window: 'GOLD PRD - \\Remote'
[2026-03-13 16:38:52] [DEBUG] Poll #25 active window: 'GOLD PRD - \\Remote'
[2026-03-13 16:38:53] [DEBUG] Poll #30 active window: 'GOLD PRD - \\Remote'
[2026-03-13 16:38:54] [DEBUG] Poll #35 active window: 'GOLD PRD - \\Remote'
[2026-03-13 16:38:55] [DEBUG] Poll #40 active window: 'GOLD PRD - \\Remote'
[2026-03-13 16:38:55] [DEBUG] Waiting for color CCCCCC to disappear at (623,653)
[2026-03-13 16:39:10] [DEBUG] Color changed from CCCCCC to FFFFFF — loading complete
[2026-03-13 16:39:17] [DEBUG] Added 41 items to CSV for: D0025 - GROCERY - EDIBLE > S0016 - HW FREE FROM > C0109 - HW AMBIENT GLUTEN FREE > F0566
[2026-03-13 16:39:17] [DEBUG] Family group F0566: 41 items added to CSV
[2026-03-13 16:39:19] [DEBUG] Clicked and typed at (712,135): F0567
[2026-03-13 16:39:22] [DEBUG] Poll #5 active window: 'GOLD PRD - \\Remote'
[2026-03-13 16:39:23] [DEBUG] Poll #10 active window: 'GOLD PRD - \\Remote'
[2026-03-13 16:39:24] [DEBUG] Poll #15 active window: 'GOLD PRD - \\Remote'
[2026-03-13 16:39:25] [DEBUG] Poll #20 active window: 'GOLD PRD - \\Remote'
[2026-03-13 16:39:26] [DEBUG] Poll #25 active window: 'GOLD PRD - \\Remote'
[2026-03-13 16:39:27] [DEBUG] Poll #30 active window: 'GOLD PRD - \\Remote'
[2026-03-13 16:39:28] [DEBUG] Poll #35 active window: 'GOLD PRD - \\Remote'
[2026-03-13 16:39:29] [DEBUG] Poll #40 active window: 'GOLD PRD - \\Remote'
[2026-03-13 16:39:29] [DEBUG] Waiting for color CCCCCC to disappear at (623,653)
[2026-03-13 16:39:37] [DEBUG] Color changed from CCCCCC to FFFFFF — loading complete
[2026-03-13 16:39:45] [DEBUG] Added 44 items to CSV for: D0025 - GROCERY - EDIBLE > S0016 - HW FREE FROM > C0109 - HW AMBIENT GLUTEN FREE > F0567
[2026-03-13 16:39:45] [DEBUG] Family group F0567: 44 items added to CSV
[2026-03-13 16:39:46] [DEBUG] Clicked and typed at (712,135): F0568
[2026-03-13 16:39:49] [DEBUG] Poll #5 active window: 'GOLD PRD - \\Remote'
[2026-03-13 16:39:50] [DEBUG] Poll #10 active window: 'GOLD PRD - \\Remote'
[2026-03-13 16:39:51] [DEBUG] Poll #15 active window: 'GOLD PRD - \\Remote'
[2026-03-13 16:39:52] [DEBUG] Poll #20 active window: 'GOLD PRD - \\Remote'
[2026-03-13 16:39:54] [DEBUG] Poll #25 active window: 'GOLD PRD - \\Remote'
[2026-03-13 16:39:55] [DEBUG] Poll #30 active window: 'GOLD PRD - \\Remote'
[2026-03-13 16:39:56] [DEBUG] Poll #35 active window: 'GOLD PRD - \\Remote'
[2026-03-13 16:39:57] [DEBUG] Poll #40 active window: 'GOLD PRD - \\Remote'
[2026-03-13 16:39:57] [DEBUG] Waiting for color CCCCCC to disappear at (623,653)
[2026-03-13 16:40:24] [DEBUG] Color changed from CCCCCC to FFFFFF — loading complete
[2026-03-13 16:40:31] [DEBUG] Added 38 items to CSV for: D0025 - GROCERY - EDIBLE > S0016 - HW FREE FROM > C0109 - HW AMBIENT GLUTEN FREE > F0568
[2026-03-13 16:40:31] [DEBUG] Family group F0568: 38 items added to CSV
[2026-03-13 16:40:33] [DEBUG] Clicked and typed at (712,135): F4570
[2026-03-13 16:40:36] [DEBUG] Poll #5 active window: 'GOLD PRD - \\Remote'
[2026-03-13 16:40:37] [DEBUG] Poll #10 active window: 'GOLD PRD - \\Remote'
[2026-03-13 16:40:38] [DEBUG] Poll #15 active window: 'GOLD PRD - \\Remote'
[2026-03-13 16:40:39] [DEBUG] Poll #20 active window: 'GOLD PRD - \\Remote'
[2026-03-13 16:40:40] [DEBUG] Poll #25 active window: 'GOLD PRD - \\Remote'
[2026-03-13 16:40:41] [DEBUG] Poll #30 active window: 'GOLD PRD - \\Remote'
[2026-03-13 16:40:42] [DEBUG] Poll #35 active window: 'GOLD PRD - \\Remote'
[2026-03-13 16:40:43] [DEBUG] Poll #40 active window: 'GOLD PRD - \\Remote'
[2026-03-13 16:40:43] [DEBUG] Waiting for color CCCCCC to disappear at (623,653)
[2026-03-13 16:40:48] [DEBUG] Color changed from CCCCCC to FFFFFF — loading complete
[2026-03-13 16:40:56] [DEBUG] Added 32 items to CSV for: D0025 - GROCERY - EDIBLE > S0016 - HW FREE FROM > C0109 - HW AMBIENT GLUTEN FREE > F4570
[2026-03-13 16:40:56] [DEBUG] Family group F4570: 32 items added to CSV
[2026-03-13 16:40:58] [DEBUG] Clicked and typed at (712,135): F0569
[2026-03-13 16:41:01] [DEBUG] Poll #5 active window: 'GOLD PRD - \\Remote'
[2026-03-13 16:41:02] [DEBUG] Poll #10 active window: 'GOLD PRD - \\Remote'
[2026-03-13 16:41:03] [DEBUG] Poll #15 active window: 'GOLD PRD - \\Remote'
[2026-03-13 16:41:04] [DEBUG] Poll #20 active window: 'GOLD PRD - \\Remote'
[2026-03-13 16:41:05] [DEBUG] Poll #25 active window: 'GOLD PRD - \\Remote'
[2026-03-13 16:41:06] [DEBUG] Poll #30 active window: 'GOLD PRD - \\Remote'
[2026-03-13 16:41:07] [DEBUG] Poll #35 active window: 'GOLD PRD - \\Remote'
[2026-03-13 16:41:08] [DEBUG] Poll #40 active window: 'GOLD PRD - \\Remote'
[2026-03-13 16:41:08] [DEBUG] Waiting for color CCCCCC to disappear at (623,653)
[2026-03-13 16:41:39] [DEBUG] Color changed from CCCCCC to FFFFFF — loading complete
[2026-03-13 16:41:46] [DEBUG] Added 73 items to CSV for: D0025 - GROCERY - EDIBLE > S0016 - HW FREE FROM > C0110 - HW DAIRY FREE > F0569
[2026-03-13 16:41:46] [DEBUG] Family group F0569: 73 items added to CSV
[2026-03-13 16:41:48] [DEBUG] Clicked and typed at (712,135): F0572
[2026-03-13 16:41:51] [DEBUG] Poll #5 active window: 'GOLD PRD - \\Remote'
[2026-03-13 16:41:52] [DEBUG] Poll #10 active window: 'GOLD PRD - \\Remote'
[2026-03-13 16:41:53] [DEBUG] Poll #15 active window: 'GOLD PRD - \\Remote'
[2026-03-13 16:41:54] [DEBUG] Poll #20 active window: 'GOLD PRD - \\Remote'
[2026-03-13 16:41:55] [DEBUG] Poll #25 active window: 'GOLD PRD - \\Remote'
[2026-03-13 16:41:56] [DEBUG] Poll #30 active window: 'GOLD PRD - \\Remote'
[2026-03-13 16:41:57] [DEBUG] Poll #35 active window: 'GOLD PRD - \\Remote'
[2026-03-13 16:41:58] [DEBUG] Poll #40 active window: 'GOLD PRD - \\Remote'
[2026-03-13 16:41:58] [DEBUG] Waiting for color CCCCCC to disappear at (623,653)
[2026-03-13 16:42:09] [DEBUG] Color changed from CCCCCC to FFFFFF — loading complete
[2026-03-13 16:42:16] [DEBUG] Added 21 items to CSV for: D0025 - GROCERY - EDIBLE > S0016 - HW FREE FROM > C0111 - HW AMBIENT SLIMMING & DIET > F0572
[2026-03-13 16:42:16] [DEBUG] Family group F0572: 21 items added to CSV
[2026-03-13 16:42:18] [DEBUG] Clicked and typed at (712,135): F5229
[2026-03-13 16:42:21] [DEBUG] Poll #5 active window: 'GOLD PRD - \\Remote'
[2026-03-13 16:42:22] [DEBUG] Poll #10 active window: 'GOLD PRD - \\Remote'
[2026-03-13 16:42:23] [DEBUG] Poll #15 active window: 'GOLD PRD - \\Remote'
[2026-03-13 16:42:24] [DEBUG] Poll #20 active window: 'GOLD PRD - \\Remote'
[2026-03-13 16:42:25] [DEBUG] Poll #25 active window: 'GOLD PRD - \\Remote'
[2026-03-13 16:42:26] [DEBUG] Poll #30 active window: 'GOLD PRD - \\Remote'
[2026-03-13 16:42:27] [DEBUG] Poll #35 active window: 'GOLD PRD - \\Remote'
[2026-03-13 16:42:28] [DEBUG] Poll #40 active window: 'GOLD PRD - \\Remote'
[2026-03-13 16:42:28] [DEBUG] Waiting for color CCCCCC to disappear at (623,653)
[2026-03-13 16:42:28] [DEBUG] Color changed from CCCCCC to E2E8FB — loading complete
[2026-03-13 16:42:35] [DEBUG] Added 8 items to CSV for: D0025 - GROCERY - EDIBLE > S0016 - HW FREE FROM > C0917 - HW WHEAT FREE > F5229
[2026-03-13 16:42:35] [DEBUG] Family group F5229: 8 items added to CSV
[2026-03-13 16:42:37] [DEBUG] Clicked and typed at (712,135): F5230
[2026-03-13 16:42:40] [DEBUG] Poll #5 active window: 'GOLD PRD - \\Remote'
[2026-03-13 16:42:41] [DEBUG] Poll #10 active window: 'GOLD PRD - \\Remote'
[2026-03-13 16:42:42] [DEBUG] Poll #15 active window: 'GOLD PRD - \\Remote'
[2026-03-13 16:42:43] [DEBUG] Poll #20 active window: 'GOLD PRD - \\Remote'
[2026-03-13 16:42:44] [DEBUG] Poll #25 active window: 'GOLD PRD - \\Remote'
[2026-03-13 16:42:45] [DEBUG] Poll #30 active window: 'GOLD PRD - \\Remote'
[2026-03-13 16:42:46] [DEBUG] Poll #35 active window: 'GOLD PRD - \\Remote'
[2026-03-13 16:42:47] [DEBUG] Poll #40 active window: 'GOLD PRD - \\Remote'
[2026-03-13 16:42:47] [DEBUG] Waiting for color CCCCCC to disappear at (623,653)
[2026-03-13 16:43:02] [DEBUG] Color changed from CCCCCC to FFFFFF — loading complete
[2026-03-13 16:43:09] [DEBUG] Added 74 items to CSV for: D0025 - GROCERY - EDIBLE > S0016 - HW FREE FROM > C0918 - HW HEALTHIER SNACKING > F5230
[2026-03-13 16:43:09] [DEBUG] Family group F5230: 74 items added to CSV
[2026-03-13 16:43:11] [DEBUG] Clicked and typed at (712,135): F5231
[2026-03-13 16:43:14] [DEBUG] Poll #5 active window: 'GOLD PRD - \\Remote'
[2026-03-13 16:43:15] [DEBUG] Poll #10 active window: 'GOLD PRD - \\Remote'
[2026-03-13 16:43:16] [DEBUG] Poll #15 active window: 'GOLD PRD - \\Remote'
[2026-03-13 16:43:17] [DEBUG] Poll #20 active window: 'GOLD PRD - \\Remote'
[2026-03-13 16:43:18] [DEBUG] Poll #25 active window: 'GOLD PRD - \\Remote'
[2026-03-13 16:43:19] [DEBUG] Poll #30 active window: 'GOLD PRD - \\Remote'
[2026-03-13 16:43:20] [DEBUG] Poll #35 active window: 'GOLD PRD - \\Remote'
[2026-03-13 16:43:21] [DEBUG] Poll #40 active window: 'GOLD PRD - \\Remote'
[2026-03-13 16:43:21] [DEBUG] Waiting for color CCCCCC to disappear at (623,653)
[2026-03-13 16:43:22] [DEBUG] Color changed from CCCCCC to FFFFFF — loading complete
[2026-03-13 16:43:29] [DEBUG] Added 26 items to CSV for: D0025 - GROCERY - EDIBLE > S0016 - HW FREE FROM > C0918 - HW HEALTHIER SNACKING > F5231
[2026-03-13 16:43:29] [DEBUG] Family group F5231: 26 items added to CSV
[2026-03-13 16:43:31] [DEBUG] Clicked and typed at (712,135): F5232
[2026-03-13 16:43:34] [DEBUG] Poll #5 active window: 'GOLD PRD - \\Remote'
[2026-03-13 16:43:35] [DEBUG] Poll #10 active window: 'GOLD PRD - \\Remote'
[2026-03-13 16:43:36] [DEBUG] Poll #15 active window: 'GOLD PRD - \\Remote'
[2026-03-13 16:43:37] [DEBUG] Poll #20 active window: 'GOLD PRD - \\Remote'
[2026-03-13 16:43:38] [DEBUG] Poll #25 active window: 'GOLD PRD - \\Remote'
[2026-03-13 16:43:39] [DEBUG] Poll #30 active window: 'GOLD PRD - \\Remote'
[2026-03-13 16:43:40] [DEBUG] Poll #35 active window: 'GOLD PRD - \\Remote'
[2026-03-13 16:43:41] [DEBUG] Poll #40 active window: 'GOLD PRD - \\Remote'
[2026-03-13 16:43:41] [DEBUG] Waiting for color CCCCCC to disappear at (623,653)
[2026-03-13 16:44:18] [DEBUG] Color changed from CCCCCC to FFFFFF — loading complete
[2026-03-13 16:44:26] [DEBUG] Added 141 items to CSV for: D0025 - GROCERY - EDIBLE > S0016 - HW FREE FROM > C0918 - HW HEALTHIER SNACKING > F5232
[2026-03-13 16:44:26] [DEBUG] Family group F5232: 141 items added to CSV
[2026-03-13 16:44:27] [DEBUG] Clicked and typed at (712,135): F0578
[2026-03-13 16:44:30] [DEBUG] Poll #5 active window: 'GOLD PRD - \\Remote'
[2026-03-13 16:44:31] [DEBUG] Poll #10 active window: 'GOLD PRD - \\Remote'
[2026-03-13 16:44:32] [DEBUG] Poll #15 active window: 'GOLD PRD - \\Remote'
[2026-03-13 16:44:33] [DEBUG] Poll #20 active window: 'GOLD PRD - \\Remote'
[2026-03-13 16:44:34] [DEBUG] Poll #25 active window: 'GOLD PRD - \\Remote'
[2026-03-13 16:44:35] [DEBUG] Poll #30 active window: 'GOLD PRD - \\Remote'
[2026-03-13 16:44:37] [DEBUG] Poll #35 active window: 'GOLD PRD - \\Remote'
[2026-03-13 16:44:38] [DEBUG] Poll #40 active window: 'GOLD PRD - \\Remote'
[2026-03-13 16:44:38] [DEBUG] Waiting for color CCCCCC to disappear at (623,653)
[2026-03-13 16:44:38] [DEBUG] Color changed from CCCCCC to E2E8FB — loading complete
[2026-03-13 16:44:45] [DEBUG] Added 2 items to CSV for: D0025 - GROCERY - EDIBLE > S0017 - HOME BAKING > C0112 - BAKING INGREDIENTS & AGENTS > F0578
[2026-03-13 16:44:45] [DEBUG] Family group F0578: 2 items added to CSV
[2026-03-13 16:44:47] [DEBUG] Clicked and typed at (712,135): F0581
[2026-03-13 16:44:50] [DEBUG] Poll #5 active window: 'GOLD PRD - \\Remote'
[2026-03-13 16:44:51] [DEBUG] Poll #10 active window: 'GOLD PRD - \\Remote'
[2026-03-13 16:44:52] [DEBUG] Poll #15 active window: 'GOLD PRD - \\Remote'
[2026-03-13 16:44:53] [DEBUG] Poll #20 active window: 'GOLD PRD - \\Remote'
[2026-03-13 16:44:54] [DEBUG] Poll #25 active window: 'GOLD PRD - \\Remote'
[2026-03-13 16:44:55] [DEBUG] Poll #30 active window: 'GOLD PRD - \\Remote'
[2026-03-13 16:44:56] [DEBUG] Poll #35 active window: 'GOLD PRD - \\Remote'
[2026-03-13 16:44:57] [DEBUG] Poll #40 active window: 'GOLD PRD - \\Remote'
[2026-03-13 16:44:57] [DEBUG] Waiting for color CCCCCC to disappear at (623,653)
[2026-03-13 16:44:57] [DEBUG] Color changed from CCCCCC to E2E8FB — loading complete
[2026-03-13 16:45:04] [DEBUG] Added 6 items to CSV for: D0025 - GROCERY - EDIBLE > S0017 - HOME BAKING > C0112 - BAKING INGREDIENTS & AGENTS > F0581
[2026-03-13 16:45:04] [DEBUG] Family group F0581: 6 items added to CSV
[2026-03-13 16:45:06] [DEBUG] Clicked and typed at (712,135): F0582
[2026-03-13 16:45:09] [DEBUG] Poll #5 active window: 'GOLD PRD - \\Remote'
[2026-03-13 16:45:10] [DEBUG] Poll #10 active window: 'GOLD PRD - \\Remote'
[2026-03-13 16:45:11] [DEBUG] Poll #15 active window: 'GOLD PRD - \\Remote'
[2026-03-13 16:45:12] [DEBUG] Poll #20 active window: 'GOLD PRD - \\Remote'
[2026-03-13 16:45:13] [DEBUG] Poll #25 active window: 'GOLD PRD - \\Remote'
[2026-03-13 16:45:14] [DEBUG] Poll #30 active window: 'GOLD PRD - \\Remote'
[2026-03-13 16:45:15] [DEBUG] Poll #35 active window: 'GOLD PRD - \\Remote'
[2026-03-13 16:45:16] [DEBUG] Poll #40 active window: 'GOLD PRD - \\Remote'
[2026-03-13 16:45:16] [DEBUG] Waiting for color CCCCCC to disappear at (623,653)
[2026-03-13 16:45:16] [DEBUG] Color changed from CCCCCC to FFFFFF — loading complete
[2026-03-13 16:45:24] [DEBUG] Added 9 items to CSV for: D0025 - GROCERY - EDIBLE > S0017 - HOME BAKING > C0112 - BAKING INGREDIENTS & AGENTS > F0582
[2026-03-13 16:45:24] [DEBUG] Family group F0582: 9 items added to CSV
[2026-03-13 16:45:25] [DEBUG] Clicked and typed at (712,135): F0583
[2026-03-13 16:45:28] [DEBUG] Poll #5 active window: 'GOLD PRD - \\Remote'
[2026-03-13 16:45:29] [DEBUG] Poll #10 active window: 'GOLD PRD - \\Remote'
[2026-03-13 16:45:30] [DEBUG] Poll #15 active window: 'GOLD PRD - \\Remote'
[2026-03-13 16:45:32] [DEBUG] Poll #20 active window: 'GOLD PRD - \\Remote'
[2026-03-13 16:45:33] [DEBUG] Poll #25 active window: 'GOLD PRD - \\Remote'
[2026-03-13 16:45:34] [DEBUG] Poll #30 active window: 'GOLD PRD - \\Remote'
[2026-03-13 16:45:35] [DEBUG] Poll #35 active window: 'GOLD PRD - \\Remote'
[2026-03-13 16:45:36] [DEBUG] Poll #40 active window: 'GOLD PRD - \\Remote'
[2026-03-13 16:45:36] [DEBUG] Waiting for color CCCCCC to disappear at (623,653)
[2026-03-13 16:45:36] [DEBUG] Color changed from CCCCCC to E2E8FB — loading complete
[2026-03-13 16:45:43] [DEBUG] Added 9 items to CSV for: D0025 - GROCERY - EDIBLE > S0017 - HOME BAKING > C0112 - BAKING INGREDIENTS & AGENTS > F0583
[2026-03-13 16:45:43] [DEBUG] Family group F0583: 9 items added to CSV
[2026-03-13 16:45:45] [DEBUG] Clicked and typed at (712,135): F0584
[2026-03-13 16:45:48] [DEBUG] Poll #5 active window: 'GOLD PRD - \\Remote'
[2026-03-13 16:45:49] [DEBUG] Poll #10 active window: 'GOLD PRD - \\Remote'
[2026-03-13 16:45:50] [DEBUG] Poll #15 active window: 'GOLD PRD - \\Remote'
[2026-03-13 16:45:51] [DEBUG] Poll #20 active window: 'GOLD PRD - \\Remote'
[2026-03-13 16:45:52] [DEBUG] Poll #25 active window: 'GOLD PRD - \\Remote'
[2026-03-13 16:45:53] [DEBUG] Poll #30 active window: 'GOLD PRD - \\Remote'
[2026-03-13 16:45:54] [DEBUG] Poll #35 active window: 'GOLD PRD - \\Remote'
[2026-03-13 16:45:55] [DEBUG] Poll #40 active window: 'GOLD PRD - \\Remote'
[2026-03-13 16:45:55] [DEBUG] Waiting for color CCCCCC to disappear at (623,653)
[2026-03-13 16:45:55] [DEBUG] Color changed from CCCCCC to E2E8FB — loading complete
[2026-03-13 16:46:02] [DEBUG] Added 1 items to CSV for: D0025 - GROCERY - EDIBLE > S0017 - HOME BAKING > C0112 - BAKING INGREDIENTS & AGENTS > F0584
[2026-03-13 16:46:02] [DEBUG] Family group F0584: 1 items added to CSV
[2026-03-13 16:46:04] [DEBUG] Clicked and typed at (712,135): F0585
[2026-03-13 16:46:07] [DEBUG] Poll #5 active window: 'GOLD PRD - \\Remote'
[2026-03-13 16:46:08] [DEBUG] Poll #10 active window: 'GOLD PRD - \\Remote'
[2026-03-13 16:46:09] [DEBUG] Poll #15 active window: 'GOLD PRD - \\Remote'
[2026-03-13 16:46:10] [DEBUG] Poll #20 active window: 'GOLD PRD - \\Remote'
[2026-03-13 16:46:11] [DEBUG] Poll #25 active window: 'GOLD PRD - \\Remote'
[2026-03-13 16:46:12] [DEBUG] Poll #30 active window: 'GOLD PRD - \\Remote'
[2026-03-13 16:46:13] [DEBUG] Poll #35 active window: 'GOLD PRD - \\Remote'
[2026-03-13 16:46:14] [DEBUG] Poll #40 active window: 'GOLD PRD - \\Remote'
[2026-03-13 16:46:14] [DEBUG] Waiting for color CCCCCC to disappear at (623,653)
[2026-03-13 16:46:14] [DEBUG] Color changed from CCCCCC to E2E8FB — loading complete
[2026-03-13 16:46:22] [DEBUG] Added 3 items to CSV for: D0025 - GROCERY - EDIBLE > S0017 - HOME BAKING > C0112 - BAKING INGREDIENTS & AGENTS > F0585
[2026-03-13 16:46:22] [DEBUG] Family group F0585: 3 items added to CSV
[2026-03-13 16:46:23] [DEBUG] Clicked and typed at (712,135): F0586
[2026-03-13 16:46:26] [DEBUG] Poll #5 active window: 'GOLD PRD - \\Remote'
[2026-03-13 16:46:27] [DEBUG] Poll #10 active window: 'GOLD PRD - \\Remote'
[2026-03-13 16:46:28] [DEBUG] Poll #15 active window: 'GOLD PRD - \\Remote'
[2026-03-13 16:46:29] [DEBUG] Poll #20 active window: 'GOLD PRD - \\Remote'
[2026-03-13 16:46:30] [DEBUG] Poll #25 active window: 'GOLD PRD - \\Remote'
[2026-03-13 16:46:32] [DEBUG] Poll #30 active window: 'GOLD PRD - \\Remote'
[2026-03-13 16:46:33] [DEBUG] Poll #35 active window: 'GOLD PRD - \\Remote'
[2026-03-13 16:46:34] [DEBUG] Poll #40 active window: 'GOLD PRD - \\Remote'
[2026-03-13 16:46:34] [DEBUG] Waiting for color CCCCCC to disappear at (623,653)
[2026-03-13 16:46:36] [DEBUG] Color changed from CCCCCC to FFFFFF — loading complete
[2026-03-13 16:46:43] [DEBUG] Added 7 items to CSV for: D0025 - GROCERY - EDIBLE > S0017 - HOME BAKING > C0112 - BAKING INGREDIENTS & AGENTS > F0586
[2026-03-13 16:46:43] [DEBUG] Family group F0586: 7 items added to CSV
[2026-03-13 16:46:45] [DEBUG] Clicked and typed at (712,135): F0588
[2026-03-13 16:46:48] [DEBUG] Poll #5 active window: 'GOLD PRD - \\Remote'
[2026-03-13 16:46:49] [DEBUG] Poll #10 active window: 'GOLD PRD - \\Remote'
[2026-03-13 16:46:50] [DEBUG] Poll #15 active window: 'GOLD PRD - \\Remote'
[2026-03-13 16:46:51] [DEBUG] Poll #20 active window: 'GOLD PRD - \\Remote'
[2026-03-13 16:46:52] [DEBUG] Poll #25 active window: 'GOLD PRD - \\Remote'
[2026-03-13 16:46:53] [DEBUG] Poll #30 active window: 'GOLD PRD - \\Remote'
[2026-03-13 16:46:54] [DEBUG] Poll #35 active window: 'GOLD PRD - \\Remote'
[2026-03-13 16:46:55] [DEBUG] Poll #40 active window: 'GOLD PRD - \\Remote'
[2026-03-13 16:46:55] [DEBUG] Waiting for color CCCCCC to disappear at (623,653)
[2026-03-13 16:47:02] [DEBUG] Color changed from CCCCCC to FFFFFF — loading complete
[2026-03-13 16:47:10] [DEBUG] Added 33 items to CSV for: D0025 - GROCERY - EDIBLE > S0017 - HOME BAKING > C0113 - CAKE DEC, CANDLES & CASES > F0588
[2026-03-13 16:47:10] [DEBUG] Family group F0588: 33 items added to CSV
[2026-03-13 16:47:11] [DEBUG] Clicked and typed at (712,135): F0589
[2026-03-13 16:47:14] [DEBUG] Poll #5 active window: 'GOLD PRD - \\Remote'
[2026-03-13 16:47:16] [DEBUG] Poll #10 active window: 'GOLD PRD - \\Remote'
[2026-03-13 16:47:17] [DEBUG] Poll #15 active window: 'GOLD PRD - \\Remote'
[2026-03-13 16:47:18] [DEBUG] Poll #20 active window: 'GOLD PRD - \\Remote'
[2026-03-13 16:47:19] [DEBUG] Poll #25 active window: 'GOLD PRD - \\Remote'
[2026-03-13 16:47:20] [DEBUG] Poll #30 active window: 'GOLD PRD - \\Remote'
[2026-03-13 16:47:21] [DEBUG] Poll #35 active window: 'GOLD PRD - \\Remote'
[2026-03-13 16:47:22] [DEBUG] Poll #40 active window: 'GOLD PRD - \\Remote'
[2026-03-13 16:47:22] [DEBUG] Waiting for color CCCCCC to disappear at (623,653)
[2026-03-13 16:47:22] [DEBUG] Color changed from CCCCCC to FFFFFF — loading complete
[2026-03-13 16:47:29] [DEBUG] No valid items found in clipboard for family group: F0589
[2026-03-13 16:47:29] [DEBUG] Family group F0589: 0 items added to CSV
[2026-03-13 16:47:31] [DEBUG] Clicked and typed at (712,135): F0590
[2026-03-13 16:47:34] [DEBUG] Poll #5 active window: 'GOLD PRD - \\Remote'
[2026-03-13 16:47:35] [DEBUG] Poll #10 active window: 'GOLD PRD - \\Remote'
[2026-03-13 16:47:36] [DEBUG] Poll #15 active window: 'GOLD PRD - \\Remote'
[2026-03-13 16:47:37] [DEBUG] Poll #20 active window: 'GOLD PRD - \\Remote'
[2026-03-13 16:47:38] [DEBUG] Poll #25 active window: 'GOLD PRD - \\Remote'
[2026-03-13 16:47:39] [DEBUG] Poll #30 active window: 'GOLD PRD - \\Remote'
[2026-03-13 16:47:40] [DEBUG] Poll #35 active window: 'GOLD PRD - \\Remote'
[2026-03-13 16:47:41] [DEBUG] Poll #40 active window: 'GOLD PRD - \\Remote'
[2026-03-13 16:47:41] [DEBUG] Waiting for color CCCCCC to disappear at (623,653)
[2026-03-13 16:47:45] [DEBUG] Color changed from CCCCCC to FFFFFF — loading complete
[2026-03-13 16:47:52] [DEBUG] Added 35 items to CSV for: D0025 - GROCERY - EDIBLE > S0017 - HOME BAKING > C0113 - CAKE DEC, CANDLES & CASES > F0590
[2026-03-13 16:47:52] [DEBUG] Family group F0590: 35 items added to CSV
[2026-03-13 16:47:54] [DEBUG] Clicked and typed at (712,135): F0591
[2026-03-13 16:47:57] [DEBUG] Poll #5 active window: 'GOLD PRD - \\Remote'
[2026-03-13 16:47:58] [DEBUG] Poll #10 active window: 'GOLD PRD - \\Remote'
[2026-03-13 16:47:59] [DEBUG] Poll #15 active window: 'GOLD PRD - \\Remote'
[2026-03-13 16:48:00] [DEBUG] Poll #20 active window: 'GOLD PRD - \\Remote'
[2026-03-13 16:48:01] [DEBUG] Poll #25 active window: 'GOLD PRD - \\Remote'
[2026-03-13 16:48:02] [DEBUG] Poll #30 active window: 'GOLD PRD - \\Remote'
[2026-03-13 16:48:03] [DEBUG] Poll #35 active window: 'GOLD PRD - \\Remote'
[2026-03-13 16:48:04] [DEBUG] Poll #40 active window: 'GOLD PRD - \\Remote'
[2026-03-13 16:48:04] [DEBUG] Waiting for color CCCCCC to disappear at (623,653)
[2026-03-13 16:48:34] [DEBUG] Color changed from CCCCCC to FFFFFF — loading complete
[2026-03-13 16:48:41] [DEBUG] Added 37 items to CSV for: D0025 - GROCERY - EDIBLE > S0017 - HOME BAKING > C0113 - CAKE DEC, CANDLES & CASES > F0591
[2026-03-13 16:48:41] [DEBUG] Family group F0591: 37 items added to CSV
[2026-03-13 16:48:43] [DEBUG] Clicked and typed at (712,135): F0594
[2026-03-13 16:48:46] [DEBUG] Poll #5 active window: 'GOLD PRD - \\Remote'
[2026-03-13 16:48:47] [DEBUG] Poll #10 active window: 'GOLD PRD - \\Remote'
[2026-03-13 16:48:48] [DEBUG] Poll #15 active window: 'GOLD PRD - \\Remote'
[2026-03-13 16:48:49] [DEBUG] Poll #20 active window: 'GOLD PRD - \\Remote'
[2026-03-13 16:48:50] [DEBUG] Poll #25 active window: 'GOLD PRD - \\Remote'
[2026-03-13 16:48:51] [DEBUG] Poll #30 active window: 'GOLD PRD - \\Remote'
[2026-03-13 16:48:52] [DEBUG] Poll #35 active window: 'GOLD PRD - \\Remote'
[2026-03-13 16:48:53] [DEBUG] Poll #40 active window: 'GOLD PRD - \\Remote'
[2026-03-13 16:48:53] [DEBUG] Waiting for color CCCCCC to disappear at (623,653)
[2026-03-13 16:48:53] [DEBUG] Color changed from CCCCCC to FFFFFF — loading complete
[2026-03-13 16:49:00] [DEBUG] Added 1 items to CSV for: D0025 - GROCERY - EDIBLE > S0017 - HOME BAKING > C0113 - CAKE DEC, CANDLES & CASES > F0594
[2026-03-13 16:49:00] [DEBUG] Family group F0594: 1 items added to CSV
[2026-03-13 16:49:02] [DEBUG] Clicked and typed at (712,135): F0595
[2026-03-13 16:49:05] [DEBUG] Poll #5 active window: 'GOLD PRD - \\Remote'
[2026-03-13 16:49:06] [DEBUG] Poll #10 active window: 'GOLD PRD - \\Remote'
[2026-03-13 16:49:07] [DEBUG] Poll #15 active window: 'GOLD PRD - \\Remote'
[2026-03-13 16:49:08] [DEBUG] Poll #20 active window: 'GOLD PRD - \\Remote'
[2026-03-13 16:49:09] [DEBUG] Poll #25 active window: 'GOLD PRD - \\Remote'
[2026-03-13 16:49:10] [DEBUG] Poll #30 active window: 'GOLD PRD - \\Remote'
[2026-03-13 16:49:11] [DEBUG] Poll #35 active window: 'GOLD PRD - \\Remote'
[2026-03-13 16:49:12] [DEBUG] Poll #40 active window: 'GOLD PRD - \\Remote'
[2026-03-13 16:49:12] [DEBUG] Waiting for color CCCCCC to disappear at (623,653)
[2026-03-13 16:49:12] [DEBUG] Color changed from CCCCCC to FFFFFF — loading complete
[2026-03-13 16:49:19] [DEBUG] Added 6 items to CSV for: D0025 - GROCERY - EDIBLE > S0017 - HOME BAKING > C0113 - CAKE DEC, CANDLES & CASES > F0595
[2026-03-13 16:49:19] [DEBUG] Family group F0595: 6 items added to CSV
[2026-03-13 16:49:21] [DEBUG] Clicked and typed at (712,135): F0596
[2026-03-13 16:49:24] [DEBUG] Poll #5 active window: 'GOLD PRD - \\Remote'
[2026-03-13 16:49:25] [DEBUG] Poll #10 active window: 'GOLD PRD - \\Remote'
[2026-03-13 16:49:26] [DEBUG] Poll #15 active window: 'GOLD PRD - \\Remote'
[2026-03-13 16:49:27] [DEBUG] Poll #20 active window: 'GOLD PRD - \\Remote'
[2026-03-13 16:49:28] [DEBUG] Poll #25 active window: 'GOLD PRD - \\Remote'
[2026-03-13 16:49:29] [DEBUG] Poll #30 active window: 'GOLD PRD - \\Remote'
[2026-03-13 16:49:30] [DEBUG] Poll #35 active window: 'GOLD PRD - \\Remote'
[2026-03-13 16:49:31] [DEBUG] Poll #40 active window: 'GOLD PRD - \\Remote'
[2026-03-13 16:49:31] [DEBUG] Waiting for color CCCCCC to disappear at (623,653)
[2026-03-13 16:49:32] [DEBUG] Color changed from CCCCCC to E2E8FB — loading complete
[2026-03-13 16:49:39] [DEBUG] No valid items found in clipboard for family group: F0596
[2026-03-13 16:49:39] [DEBUG] Family group F0596: 0 items added to CSV
[2026-03-13 16:49:41] [DEBUG] Clicked and typed at (712,135): F0598
[2026-03-13 16:49:44] [DEBUG] Poll #5 active window: 'GOLD PRD - \\Remote'
[2026-03-13 16:49:45] [DEBUG] Poll #10 active window: 'GOLD PRD - \\Remote'
[2026-03-13 16:49:46] [DEBUG] Poll #15 active window: 'GOLD PRD - \\Remote'
[2026-03-13 16:49:47] [DEBUG] Poll #20 active window: 'GOLD PRD - \\Remote'
[2026-03-13 16:49:48] [DEBUG] Poll #25 active window: 'GOLD PRD - \\Remote'
[2026-03-13 16:49:49] [DEBUG] Poll #30 active window: 'GOLD PRD - \\Remote'
[2026-03-13 16:49:50] [DEBUG] Poll #35 active window: 'GOLD PRD - \\Remote'
[2026-03-13 16:49:51] [DEBUG] Poll #40 active window: 'GOLD PRD - \\Remote'
[2026-03-13 16:49:51] [DEBUG] Waiting for color CCCCCC to disappear at (623,653)
[2026-03-13 16:49:54] [DEBUG] Color changed from CCCCCC to FFFFFF — loading complete
[2026-03-13 16:50:01] [DEBUG] Added 15 items to CSV for: D0025 - GROCERY - EDIBLE > S0017 - HOME BAKING > C0114 - HOMEBAKING FRUIT > F0598
[2026-03-13 16:50:01] [DEBUG] Family group F0598: 15 items added to CSV
[2026-03-13 16:50:03] [DEBUG] Clicked and typed at (712,135): F0601
[2026-03-13 16:50:06] [DEBUG] Poll #5 active window: 'GOLD PRD - \\Remote'
[2026-03-13 16:50:07] [DEBUG] Poll #10 active window: 'GOLD PRD - \\Remote'
[2026-03-13 16:50:08] [DEBUG] Poll #15 active window: 'GOLD PRD - \\Remote'
[2026-03-13 16:50:09] [DEBUG] Poll #20 active window: 'GOLD PRD - \\Remote'
[2026-03-13 16:50:10] [DEBUG] Poll #25 active window: 'GOLD PRD - \\Remote'
[2026-03-13 16:50:11] [DEBUG] Poll #30 active window: 'GOLD PRD - \\Remote'
[2026-03-13 16:50:12] [DEBUG] Poll #35 active window: 'GOLD PRD - \\Remote'
[2026-03-13 16:50:13] [DEBUG] Poll #40 active window: 'GOLD PRD - \\Remote'
[2026-03-13 16:50:13] [DEBUG] Waiting for color CCCCCC to disappear at (623,653)
[2026-03-13 16:50:14] [DEBUG] Color changed from CCCCCC to E2E8FB — loading complete
[2026-03-13 16:50:21] [DEBUG] Added 2 items to CSV for: D0025 - GROCERY - EDIBLE > S0017 - HOME BAKING > C0114 - HOMEBAKING FRUIT > F0601
[2026-03-13 16:50:21] [DEBUG] Family group F0601: 2 items added to CSV
[2026-03-13 16:50:23] [DEBUG] Clicked and typed at (712,135): F0602
[2026-03-13 16:50:26] [DEBUG] Poll #5 active window: 'GOLD PRD - \\Remote'
[2026-03-13 16:50:27] [DEBUG] Poll #10 active window: 'GOLD PRD - \\Remote'
[2026-03-13 16:50:28] [DEBUG] Poll #15 active window: 'GOLD PRD - \\Remote'
[2026-03-13 16:50:29] [DEBUG] Poll #20 active window: 'GOLD PRD - \\Remote'
[2026-03-13 16:50:30] [DEBUG] Poll #25 active window: 'GOLD PRD - \\Remote'
[2026-03-13 16:50:31] [DEBUG] Poll #30 active window: 'GOLD PRD - \\Remote'
[2026-03-13 16:50:32] [DEBUG] Poll #35 active window: 'GOLD PRD - \\Remote'
[2026-03-13 16:50:33] [DEBUG] Poll #40 active window: 'GOLD PRD - \\Remote'
[2026-03-13 16:50:33] [DEBUG] Waiting for color CCCCCC to disappear at (623,653)
[2026-03-13 16:50:33] [DEBUG] Color changed from CCCCCC to FFFFFF — loading complete
[2026-03-13 16:50:40] [DEBUG] Added 9 items to CSV for: D0025 - GROCERY - EDIBLE > S0017 - HOME BAKING > C0114 - HOMEBAKING FRUIT > F0602
[2026-03-13 16:50:40] [DEBUG] Family group F0602: 9 items added to CSV
[2026-03-13 16:50:42] [DEBUG] Clicked and typed at (712,135): F0609
[2026-03-13 16:50:45] [DEBUG] Poll #5 active window: 'GOLD PRD - \\Remote'
[2026-03-13 16:50:46] [DEBUG] Poll #10 active window: 'GOLD PRD - \\Remote'
[2026-03-13 16:50:47] [DEBUG] Poll #15 active window: 'GOLD PRD - \\Remote'
[2026-03-13 16:50:48] [DEBUG] Poll #20 active window: 'GOLD PRD - \\Remote'
[2026-03-13 16:50:49] [DEBUG] Poll #25 active window: 'GOLD PRD - \\Remote'
[2026-03-13 16:50:50] [DEBUG] Poll #30 active window: 'GOLD PRD - \\Remote'
[2026-03-13 16:50:51] [DEBUG] Poll #35 active window: 'GOLD PRD - \\Remote'
[2026-03-13 16:50:52] [DEBUG] Poll #40 active window: 'GOLD PRD - \\Remote'
[2026-03-13 16:50:52] [DEBUG] Waiting for color CCCCCC to disappear at (623,653)
[2026-03-13 16:50:52] [DEBUG] Color changed from CCCCCC to E2E8FB — loading complete
[2026-03-13 16:50:59] [DEBUG] No valid items found in clipboard for family group: F0609
[2026-03-13 16:50:59] [DEBUG] Family group F0609: 0 items added to CSV
[2026-03-13 16:51:01] [DEBUG] Clicked and typed at (712,135): F0610
[2026-03-13 16:51:04] [DEBUG] Poll #5 active window: 'GOLD PRD - \\Remote'
[2026-03-13 16:51:05] [DEBUG] Poll #10 active window: 'GOLD PRD - \\Remote'
[2026-03-13 16:51:06] [DEBUG] Poll #15 active window: 'GOLD PRD - \\Remote'
[2026-03-13 16:51:07] [DEBUG] Poll #20 active window: 'GOLD PRD - \\Remote'
[2026-03-13 16:51:08] [DEBUG] Poll #25 active window: 'GOLD PRD - \\Remote'
[2026-03-13 16:51:09] [DEBUG] Poll #30 active window: 'GOLD PRD - \\Remote'
[2026-03-13 16:51:10] [DEBUG] Poll #35 active window: 'GOLD PRD - \\Remote'
[2026-03-13 16:51:11] [DEBUG] Poll #40 active window: 'GOLD PRD - \\Remote'
[2026-03-13 16:51:11] [DEBUG] Waiting for color CCCCCC to disappear at (623,653)
[2026-03-13 16:51:11] [DEBUG] Color changed from CCCCCC to E2E8FB — loading complete
[2026-03-13 16:51:19] [DEBUG] Added 5 items to CSV for: D0025 - GROCERY - EDIBLE > S0017 - HOME BAKING > C0116 - FLOUR > F0610
[2026-03-13 16:51:19] [DEBUG] Family group F0610: 5 items added to CSV
[2026-03-13 16:51:20] [DEBUG] Clicked and typed at (712,135): F0611
[2026-03-13 16:51:24] [DEBUG] Poll #5 active window: 'GOLD PRD - \\Remote'
[2026-03-13 16:51:25] [DEBUG] Poll #10 active window: 'GOLD PRD - \\Remote'
[2026-03-13 16:51:26] [DEBUG] Poll #15 active window: 'GOLD PRD - \\Remote'
[2026-03-13 16:51:27] [DEBUG] Poll #20 active window: 'GOLD PRD - \\Remote'
[2026-03-13 16:51:28] [DEBUG] Poll #25 active window: 'GOLD PRD - \\Remote'
[2026-03-13 16:51:29] [DEBUG] Poll #30 active window: 'GOLD PRD - \\Remote'
[2026-03-13 16:51:30] [DEBUG] Poll #35 active window: 'GOLD PRD - \\Remote'
[2026-03-13 16:51:31] [DEBUG] Poll #40 active window: 'GOLD PRD - \\Remote'
[2026-03-13 16:51:31] [DEBUG] Waiting for color CCCCCC to disappear at (623,653)
[2026-03-13 16:51:31] [DEBUG] Color changed from CCCCCC to E2E8FB — loading complete
[2026-03-13 16:51:38] [DEBUG] Added 6 items to CSV for: D0025 - GROCERY - EDIBLE > S0017 - HOME BAKING > C0116 - FLOUR > F0611
[2026-03-13 16:51:38] [DEBUG] Family group F0611: 6 items added to CSV
[2026-03-13 16:51:40] [DEBUG] Clicked and typed at (712,135): F0612
[2026-03-13 16:51:43] [DEBUG] Poll #5 active window: 'GOLD PRD - \\Remote'
[2026-03-13 16:51:44] [DEBUG] Poll #10 active window: 'GOLD PRD - \\Remote'
[2026-03-13 16:51:45] [DEBUG] Poll #15 active window: 'GOLD PRD - \\Remote'
[2026-03-13 16:51:46] [DEBUG] Poll #20 active window: 'GOLD PRD - \\Remote'
[2026-03-13 16:51:47] [DEBUG] Poll #25 active window: 'GOLD PRD - \\Remote'
[2026-03-13 16:51:48] [DEBUG] Poll #30 active window: 'GOLD PRD - \\Remote'
[2026-03-13 16:51:49] [DEBUG] Poll #35 active window: 'GOLD PRD - \\Remote'
[2026-03-13 16:51:50] [DEBUG] Poll #40 active window: 'GOLD PRD - \\Remote'
[2026-03-13 16:51:50] [DEBUG] Waiting for color CCCCCC to disappear at (623,653)
[2026-03-13 16:51:50] [DEBUG] Color changed from CCCCCC to E2E8FB — loading complete
[2026-03-13 16:51:57] [DEBUG] Added 5 items to CSV for: D0025 - GROCERY - EDIBLE > S0017 - HOME BAKING > C0116 - FLOUR > F0612
[2026-03-13 16:51:57] [DEBUG] Family group F0612: 5 items added to CSV
[2026-03-13 16:51:59] [DEBUG] Clicked and typed at (712,135): F0613
[2026-03-13 16:52:02] [DEBUG] Poll #5 active window: 'GOLD PRD - \\Remote'
[2026-03-13 16:52:03] [DEBUG] Poll #10 active window: 'GOLD PRD - \\Remote'
[2026-03-13 16:52:04] [DEBUG] Poll #15 active window: 'GOLD PRD - \\Remote'
[2026-03-13 16:52:05] [DEBUG] Poll #20 active window: 'GOLD PRD - \\Remote'
[2026-03-13 16:52:06] [DEBUG] Poll #25 active window: 'GOLD PRD - \\Remote'
[2026-03-13 16:52:07] [DEBUG] Poll #30 active window: 'GOLD PRD - \\Remote'
[2026-03-13 16:52:08] [DEBUG] Poll #35 active window: 'GOLD PRD - \\Remote'
[2026-03-13 16:52:09] [DEBUG] Poll #40 active window: 'GOLD PRD - \\Remote'
[2026-03-13 16:52:09] [DEBUG] Waiting for color CCCCCC to disappear at (623,653)
[2026-03-13 16:52:09] [DEBUG] Color changed from CCCCCC to E2E8FB — loading complete
[2026-03-13 16:52:17] [DEBUG] Added 6 items to CSV for: D0025 - GROCERY - EDIBLE > S0017 - HOME BAKING > C0116 - FLOUR > F0613
[2026-03-13 16:52:17] [DEBUG] Family group F0613: 6 items added to CSV
[2026-03-13 16:52:18] [DEBUG] Clicked and typed at (712,135): F0614
[2026-03-13 16:52:21] [DEBUG] Poll #5 active window: 'GOLD PRD - \\Remote'
[2026-03-13 16:52:22] [DEBUG] Poll #10 active window: 'GOLD PRD - \\Remote'
[2026-03-13 16:52:23] [DEBUG] Poll #15 active window: 'GOLD PRD - \\Remote'
[2026-03-13 16:52:24] [DEBUG] Poll #20 active window: 'GOLD PRD - \\Remote'
[2026-03-13 16:52:26] [DEBUG] Poll #25 active window: 'GOLD PRD - \\Remote'
[2026-03-13 16:52:27] [DEBUG] Poll #30 active window: 'GOLD PRD - \\Remote'
[2026-03-13 16:52:28] [DEBUG] Poll #35 active window: 'GOLD PRD - \\Remote'
[2026-03-13 16:52:29] [DEBUG] Poll #40 active window: 'GOLD PRD - \\Remote'
[2026-03-13 16:52:29] [DEBUG] Waiting for color CCCCCC to disappear at (623,653)
[2026-03-13 16:52:29] [DEBUG] Color changed from CCCCCC to FFFFFF — loading complete
[2026-03-13 16:52:36] [DEBUG] Added 9 items to CSV for: D0025 - GROCERY - EDIBLE > S0017 - HOME BAKING > C0117 - HOMEBAKING MIXES > F0614
[2026-03-13 16:52:36] [DEBUG] Family group F0614: 9 items added to CSV
[2026-03-13 16:52:38] [DEBUG] Clicked and typed at (712,135): F0615
[2026-03-13 16:52:41] [DEBUG] Poll #5 active window: 'GOLD PRD - \\Remote'
[2026-03-13 16:52:42] [DEBUG] Poll #10 active window: 'GOLD PRD - \\Remote'
[2026-03-13 16:52:43] [DEBUG] Poll #15 active window: 'GOLD PRD - \\Remote'
[2026-03-13 16:52:44] [DEBUG] Poll #20 active window: 'GOLD PRD - \\Remote'
[2026-03-13 16:52:45] [DEBUG] Poll #25 active window: 'GOLD PRD - \\Remote'
[2026-03-13 16:52:46] [DEBUG] Poll #30 active window: 'GOLD PRD - \\Remote'
[2026-03-13 16:52:47] [DEBUG] Poll #35 active window: 'GOLD PRD - \\Remote'
[2026-03-13 16:52:48] [DEBUG] Poll #40 active window: 'GOLD PRD - \\Remote'
[2026-03-13 16:52:48] [DEBUG] Waiting for color CCCCCC to disappear at (623,653)
[2026-03-13 16:53:01] [DEBUG] Color changed from CCCCCC to FFFFFF — loading complete
[2026-03-13 16:53:08] [DEBUG] Added 25 items to CSV for: D0025 - GROCERY - EDIBLE > S0017 - HOME BAKING > C0117 - HOMEBAKING MIXES > F0615
[2026-03-13 16:53:08] [DEBUG] Family group F0615: 25 items added to CSV
[2026-03-13 16:53:10] [DEBUG] Clicked and typed at (712,135): F0619
[2026-03-13 16:53:13] [DEBUG] Poll #5 active window: 'GOLD PRD - \\Remote'
[2026-03-13 16:53:14] [DEBUG] Poll #10 active window: 'GOLD PRD - \\Remote'
[2026-03-13 16:53:15] [DEBUG] Poll #15 active window: 'GOLD PRD - \\Remote'
[2026-03-13 16:53:16] [DEBUG] Poll #20 active window: 'GOLD PRD - \\Remote'
[2026-03-13 16:53:17] [DEBUG] Poll #25 active window: 'GOLD PRD - \\Remote'
[2026-03-13 16:53:18] [DEBUG] Poll #30 active window: 'GOLD PRD - \\Remote'
[2026-03-13 16:53:19] [DEBUG] Poll #35 active window: 'GOLD PRD - \\Remote'
[2026-03-13 16:53:20] [DEBUG] Poll #40 active window: 'GOLD PRD - \\Remote'
[2026-03-13 16:53:20] [DEBUG] Waiting for color CCCCCC to disappear at (623,653)
[2026-03-13 16:53:20] [DEBUG] Color changed from CCCCCC to FFFFFF — loading complete
[2026-03-13 16:53:27] [DEBUG] Added 7 items to CSV for: D0025 - GROCERY - EDIBLE > S0017 - HOME BAKING > C0117 - HOMEBAKING MIXES > F0619
[2026-03-13 16:53:27] [DEBUG] Family group F0619: 7 items added to CSV
[2026-03-13 16:53:29] [DEBUG] Clicked and typed at (712,135): F0620
[2026-03-13 16:53:32] [DEBUG] Poll #5 active window: 'GOLD PRD - \\Remote'
[2026-03-13 16:53:33] [DEBUG] Poll #10 active window: 'GOLD PRD - \\Remote'
[2026-03-13 16:53:34] [DEBUG] Poll #15 active window: 'GOLD PRD - \\Remote'
[2026-03-13 16:53:35] [DEBUG] Poll #20 active window: 'GOLD PRD - \\Remote'
[2026-03-13 16:53:36] [DEBUG] Poll #25 active window: 'GOLD PRD - \\Remote'
[2026-03-13 16:53:37] [DEBUG] Poll #30 active window: 'GOLD PRD - \\Remote'
[2026-03-13 16:53:38] [DEBUG] Poll #35 active window: 'GOLD PRD - \\Remote'
[2026-03-13 16:53:39] [DEBUG] Poll #40 active window: 'GOLD PRD - \\Remote'
[2026-03-13 16:53:39] [DEBUG] Waiting for color CCCCCC to disappear at (623,653)
[2026-03-13 16:53:39] [DEBUG] Color changed from CCCCCC to E2E8FB — loading complete
[2026-03-13 16:53:47] [DEBUG] Added 1 items to CSV for: D0025 - GROCERY - EDIBLE > S0017 - HOME BAKING > C0117 - HOMEBAKING MIXES > F0620
[2026-03-13 16:53:47] [DEBUG] Family group F0620: 1 items added to CSV
[2026-03-13 16:53:48] [DEBUG] Clicked and typed at (712,135): F0624
[2026-03-13 16:53:52] [DEBUG] Poll #5 active window: 'GOLD PRD - \\Remote'
[2026-03-13 16:53:53] [DEBUG] Poll #10 active window: 'GOLD PRD - \\Remote'
[2026-03-13 16:53:54] [DEBUG] Poll #15 active window: 'GOLD PRD - \\Remote'
[2026-03-13 16:53:55] [DEBUG] Poll #20 active window: 'GOLD PRD - \\Remote'
[2026-03-13 16:53:56] [DEBUG] Poll #25 active window: 'GOLD PRD - \\Remote'
[2026-03-13 16:53:57] [DEBUG] Poll #30 active window: 'GOLD PRD - \\Remote'
[2026-03-13 16:53:58] [DEBUG] Poll #35 active window: 'GOLD PRD - \\Remote'
[2026-03-13 16:53:59] [DEBUG] Poll #40 active window: 'GOLD PRD - \\Remote'
[2026-03-13 16:53:59] [DEBUG] Waiting for color CCCCCC to disappear at (623,653)
[2026-03-13 16:53:59] [DEBUG] Color changed from CCCCCC to FFFFFF — loading complete
[2026-03-13 16:54:06] [DEBUG] Added 10 items to CSV for: D0025 - GROCERY - EDIBLE > S0017 - HOME BAKING > C0118 - HOMEBAKING NUTS & SEEDS > F0624
[2026-03-13 16:54:06] [DEBUG] Family group F0624: 10 items added to CSV
[2026-03-13 16:54:08] [DEBUG] Clicked and typed at (712,135): F0626
[2026-03-13 16:54:11] [DEBUG] Poll #5 active window: 'GOLD PRD - \\Remote'
[2026-03-13 16:54:12] [DEBUG] Poll #10 active window: 'GOLD PRD - \\Remote'
[2026-03-13 16:54:13] [DEBUG] Poll #15 active window: 'GOLD PRD - \\Remote'
[2026-03-13 16:54:14] [DEBUG] Poll #20 active window: 'GOLD PRD - \\Remote'
[2026-03-13 16:54:15] [DEBUG] Poll #25 active window: 'GOLD PRD - \\Remote'
[2026-03-13 16:54:16] [DEBUG] Poll #30 active window: 'GOLD PRD - \\Remote'
[2026-03-13 16:54:17] [DEBUG] Poll #35 active window: 'GOLD PRD - \\Remote'
[2026-03-13 16:54:18] [DEBUG] Poll #40 active window: 'GOLD PRD - \\Remote'
[2026-03-13 16:54:18] [DEBUG] Waiting for color CCCCCC to disappear at (623,653)
[2026-03-13 16:54:18] [DEBUG] Color changed from CCCCCC to E2E8FB — loading complete
[2026-03-13 16:54:25] [DEBUG] Added 1 items to CSV for: D0025 - GROCERY - EDIBLE > S0017 - HOME BAKING > C0118 - HOMEBAKING NUTS & SEEDS > F0626
[2026-03-13 16:54:25] [DEBUG] Family group F0626: 1 items added to CSV
[2026-03-13 16:54:27] [DEBUG] Clicked and typed at (712,135): F0629
[2026-03-13 16:54:30] [DEBUG] Poll #5 active window: 'GOLD PRD - \\Remote'
[2026-03-13 16:54:31] [DEBUG] Poll #10 active window: 'GOLD PRD - \\Remote'
[2026-03-13 16:54:32] [DEBUG] Poll #15 active window: 'GOLD PRD - \\Remote'
[2026-03-13 16:54:33] [DEBUG] Poll #20 active window: 'GOLD PRD - \\Remote'
[2026-03-13 16:54:34] [DEBUG] Poll #25 active window: 'GOLD PRD - \\Remote'
[2026-03-13 16:54:35] [DEBUG] Poll #30 active window: 'GOLD PRD - \\Remote'
[2026-03-13 16:54:36] [DEBUG] Poll #35 active window: 'GOLD PRD - \\Remote'
[2026-03-13 16:54:37] [DEBUG] Poll #40 active window: 'GOLD PRD - \\Remote'
[2026-03-13 16:54:37] [DEBUG] Waiting for color CCCCCC to disappear at (623,653)
[2026-03-13 16:54:37] [DEBUG] Color changed from CCCCCC to E2E8FB — loading complete
[2026-03-13 16:54:45] [DEBUG] Added 1 items to CSV for: D0025 - GROCERY - EDIBLE > S0018 - HOT BEVERAGES > C0119 - HOT BEVERAGES > F0629
[2026-03-13 16:54:45] [DEBUG] Family group F0629: 1 items added to CSV
[2026-03-13 16:54:46] [DEBUG] Clicked and typed at (712,135): F0630
[2026-03-13 16:54:49] [DEBUG] Poll #5 active window: 'GOLD PRD - \\Remote'
[2026-03-13 16:54:50] [DEBUG] Poll #10 active window: 'GOLD PRD - \\Remote'
[2026-03-13 16:54:51] [DEBUG] Poll #15 active window: 'GOLD PRD - \\Remote'
[2026-03-13 16:54:52] [DEBUG] Poll #20 active window: 'GOLD PRD - \\Remote'
[2026-03-13 16:54:53] [DEBUG] Poll #25 active window: 'GOLD PRD - \\Remote'
[2026-03-13 16:54:54] [DEBUG] Poll #30 active window: 'GOLD PRD - \\Remote'
[2026-03-13 16:54:56] [DEBUG] Poll #35 active window: 'GOLD PRD - \\Remote'
[2026-03-13 16:54:57] [DEBUG] Poll #40 active window: 'GOLD PRD - \\Remote'
[2026-03-13 16:54:57] [DEBUG] Waiting for color CCCCCC to disappear at (623,653)
[2026-03-13 16:54:57] [DEBUG] Color changed from CCCCCC to FFFFFF — loading complete
[2026-03-13 16:55:04] [DEBUG] Added 6 items to CSV for: D0025 - GROCERY - EDIBLE > S0018 - HOT BEVERAGES > C0119 - HOT BEVERAGES > F0630
[2026-03-13 16:55:04] [DEBUG] Family group F0630: 6 items added to CSV
[2026-03-13 16:55:06] [DEBUG] Clicked and typed at (712,135): F0631
[2026-03-13 16:55:09] [DEBUG] Poll #5 active window: 'GOLD PRD - \\Remote'
[2026-03-13 16:55:10] [DEBUG] Poll #10 active window: 'GOLD PRD - \\Remote'
[2026-03-13 16:55:11] [DEBUG] Poll #15 active window: 'GOLD PRD - \\Remote'
[2026-03-13 16:55:12] [DEBUG] Poll #20 active window: 'GOLD PRD - \\Remote'
[2026-03-13 16:55:13] [DEBUG] Poll #25 active window: 'GOLD PRD - \\Remote'
[2026-03-13 16:55:14] [DEBUG] Poll #30 active window: 'GOLD PRD - \\Remote'
[2026-03-13 16:55:15] [DEBUG] Poll #35 active window: 'GOLD PRD - \\Remote'
[2026-03-13 16:55:16] [DEBUG] Poll #40 active window: 'GOLD PRD - \\Remote'
[2026-03-13 16:55:16] [DEBUG] Waiting for color CCCCCC to disappear at (623,653)
[2026-03-13 16:55:16] [DEBUG] Color changed from CCCCCC to E2E8FB — loading complete
[2026-03-13 16:55:24] [DEBUG] Added 1 items to CSV for: D0025 - GROCERY - EDIBLE > S0018 - HOT BEVERAGES > C0119 - HOT BEVERAGES > F0631
[2026-03-13 16:55:24] [DEBUG] Family group F0631: 1 items added to CSV
[2026-03-13 16:55:26] [DEBUG] Clicked and typed at (712,135): F0632
[2026-03-13 16:55:29] [DEBUG] Poll #5 active window: 'GOLD PRD - \\Remote'
[2026-03-13 16:55:30] [DEBUG] Poll #10 active window: 'GOLD PRD - \\Remote'
[2026-03-13 16:55:31] [DEBUG] Poll #15 active window: 'GOLD PRD - \\Remote'
[2026-03-13 16:55:32] [DEBUG] Poll #20 active window: 'GOLD PRD - \\Remote'
[2026-03-13 16:55:33] [DEBUG] Poll #25 active window: 'GOLD PRD - \\Remote'
[2026-03-13 16:55:34] [DEBUG] Poll #30 active window: 'GOLD PRD - \\Remote'
[2026-03-13 16:55:35] [DEBUG] Poll #35 active window: 'GOLD PRD - \\Remote'
[2026-03-13 16:55:36] [DEBUG] Poll #40 active window: 'GOLD PRD - \\Remote'
[2026-03-13 16:55:36] [DEBUG] Waiting for color CCCCCC to disappear at (623,653)
[2026-03-13 16:55:36] [DEBUG] Color changed from CCCCCC to E2E8FB — loading complete
[2026-03-13 16:55:43] [DEBUG] No valid items found in clipboard for family group: F0632
[2026-03-13 16:55:43] [DEBUG] Family group F0632: 0 items added to CSV
[2026-03-13 16:55:45] [DEBUG] Clicked and typed at (712,135): F0633
[2026-03-13 16:55:48] [DEBUG] Poll #5 active window: 'GOLD PRD - \\Remote'
[2026-03-13 16:55:49] [DEBUG] Poll #10 active window: 'GOLD PRD - \\Remote'
[2026-03-13 16:55:50] [DEBUG] Poll #15 active window: 'GOLD PRD - \\Remote'
[2026-03-13 16:55:51] [DEBUG] Poll #20 active window: 'GOLD PRD - \\Remote'
[2026-03-13 16:55:52] [DEBUG] Poll #25 active window: 'GOLD PRD - \\Remote'
[2026-03-13 16:55:53] [DEBUG] Poll #30 active window: 'GOLD PRD - \\Remote'
[2026-03-13 16:55:54] [DEBUG] Poll #35 active window: 'GOLD PRD - \\Remote'
[2026-03-13 16:55:55] [DEBUG] Poll #40 active window: 'GOLD PRD - \\Remote'
[2026-03-13 16:55:55] [DEBUG] Waiting for color CCCCCC to disappear at (623,653)
[2026-03-13 16:55:55] [DEBUG] Color changed from CCCCCC to E2E8FB — loading complete
[2026-03-13 16:56:02] [DEBUG] No valid items found in clipboard for family group: F0633
[2026-03-13 16:56:02] [DEBUG] Family group F0633: 0 items added to CSV
[2026-03-13 16:56:04] [DEBUG] Clicked and typed at (712,135): F0634
[2026-03-13 16:56:07] [DEBUG] Poll #5 active window: 'GOLD PRD - \\Remote'
[2026-03-13 16:56:08] [DEBUG] Poll #10 active window: 'GOLD PRD - \\Remote'
[2026-03-13 16:56:09] [DEBUG] Poll #15 active window: 'GOLD PRD - \\Remote'
[2026-03-13 16:56:10] [DEBUG] Poll #20 active window: 'GOLD PRD - \\Remote'
[2026-03-13 16:56:11] [DEBUG] Poll #25 active window: 'GOLD PRD - \\Remote'
[2026-03-13 16:56:12] [DEBUG] Poll #30 active window: 'GOLD PRD - \\Remote'
[2026-03-13 16:56:13] [DEBUG] Poll #35 active window: 'GOLD PRD - \\Remote'
[2026-03-13 16:56:14] [DEBUG] Poll #40 active window: 'GOLD PRD - \\Remote'
[2026-03-13 16:56:14] [DEBUG] Waiting for color CCCCCC to disappear at (623,653)
[2026-03-13 16:56:14] [DEBUG] Color changed from CCCCCC to E2E8FB — loading complete
[2026-03-13 16:56:22] [DEBUG] No valid items found in clipboard for family group: F0634
[2026-03-13 16:56:22] [DEBUG] Family group F0634: 0 items added to CSV
[2026-03-13 16:56:23] [DEBUG] Clicked and typed at (712,135): F0635
[2026-03-13 16:56:26] [DEBUG] Poll #5 active window: 'GOLD PRD - \\Remote'
[2026-03-13 16:56:28] [DEBUG] Poll #10 active window: 'GOLD PRD - \\Remote'
[2026-03-13 16:56:29] [DEBUG] Poll #15 active window: 'GOLD PRD - \\Remote'
[2026-03-13 16:56:30] [DEBUG] Poll #20 active window: 'GOLD PRD - \\Remote'
[2026-03-13 16:56:31] [DEBUG] Poll #25 active window: 'GOLD PRD - \\Remote'
[2026-03-13 16:56:32] [DEBUG] Poll #30 active window: 'GOLD PRD - \\Remote'
[2026-03-13 16:56:33] [DEBUG] Poll #35 active window: 'GOLD PRD - \\Remote'
[2026-03-13 16:56:34] [DEBUG] Poll #40 active window: 'GOLD PRD - \\Remote'
[2026-03-13 16:56:34] [DEBUG] Waiting for color CCCCCC to disappear at (623,653)
[2026-03-13 16:56:40] [DEBUG] Color changed from CCCCCC to FFFFFF — loading complete
[2026-03-13 16:56:47] [DEBUG] Added 20 items to CSV for: D0025 - GROCERY - EDIBLE > S0018 - HOT BEVERAGES > C0120 - COFFEES > F0635
[2026-03-13 16:56:47] [DEBUG] Family group F0635: 20 items added to CSV
[2026-03-13 16:56:49] [DEBUG] Clicked and typed at (712,135): F0636
[2026-03-13 16:56:52] [DEBUG] Poll #5 active window: 'GOLD PRD - \\Remote'
[2026-03-13 16:56:53] [DEBUG] Poll #10 active window: 'GOLD PRD - \\Remote'
[2026-03-13 16:56:54] [DEBUG] Poll #15 active window: 'GOLD PRD - \\Remote'
[2026-03-13 16:56:55] [DEBUG] Poll #20 active window: 'GOLD PRD - \\Remote'
[2026-03-13 16:56:56] [DEBUG] Poll #25 active window: 'GOLD PRD - \\Remote'
[2026-03-13 16:56:57] [DEBUG] Poll #30 active window: 'GOLD PRD - \\Remote'
[2026-03-13 16:56:58] [DEBUG] Poll #35 active window: 'GOLD PRD - \\Remote'
[2026-03-13 16:56:59] [DEBUG] Poll #40 active window: 'GOLD PRD - \\Remote'
[2026-03-13 16:56:59] [DEBUG] Waiting for color CCCCCC to disappear at (623,653)
[2026-03-13 16:56:59] [DEBUG] Color changed from CCCCCC to E2E8FB — loading complete
[2026-03-13 16:57:07] [DEBUG] Added 1 items to CSV for: D0025 - GROCERY - EDIBLE > S0018 - HOT BEVERAGES > C0120 - COFFEES > F0636
[2026-03-13 16:57:07] [DEBUG] Family group F0636: 1 items added to CSV
[2026-03-13 16:57:08] [DEBUG] Clicked and typed at (712,135): F0637
[2026-03-13 16:57:11] [DEBUG] Poll #5 active window: 'GOLD PRD - \\Remote'
[2026-03-13 16:57:12] [DEBUG] Poll #10 active window: 'GOLD PRD - \\Remote'
[2026-03-13 16:57:13] [DEBUG] Poll #15 active window: 'GOLD PRD - \\Remote'
[2026-03-13 16:57:14] [DEBUG] Poll #20 active window: 'GOLD PRD - \\Remote'
[2026-03-13 16:57:15] [DEBUG] Poll #25 active window: 'GOLD PRD - \\Remote'
[2026-03-13 16:57:16] [DEBUG] Poll #30 active window: 'GOLD PRD - \\Remote'
[2026-03-13 16:57:17] [DEBUG] Poll #35 active window: 'GOLD PRD - \\Remote'
[2026-03-13 16:57:19] [DEBUG] Poll #40 active window: 'GOLD PRD - \\Remote'
[2026-03-13 16:57:19] [DEBUG] Waiting for color CCCCCC to disappear at (623,653)
[2026-03-13 16:57:19] [DEBUG] Color changed from CCCCCC to E2E8FB — loading complete
[2026-03-13 16:57:26] [DEBUG] Added 2 items to CSV for: D0025 - GROCERY - EDIBLE > S0018 - HOT BEVERAGES > C0120 - COFFEES > F0637
[2026-03-13 16:57:26] [DEBUG] Family group F0637: 2 items added to CSV
[2026-03-13 16:57:28] [DEBUG] Clicked and typed at (712,135): F0638
[2026-03-13 16:57:31] [DEBUG] Poll #5 active window: 'GOLD PRD - \\Remote'
[2026-03-13 16:57:32] [DEBUG] Poll #10 active window: 'GOLD PRD - \\Remote'
[2026-03-13 16:57:33] [DEBUG] Poll #15 active window: 'GOLD PRD - \\Remote'
[2026-03-13 16:57:34] [DEBUG] Poll #20 active window: 'GOLD PRD - \\Remote'
[2026-03-13 16:57:35] [DEBUG] Poll #25 active window: 'GOLD PRD - \\Remote'
[2026-03-13 16:57:36] [DEBUG] Poll #30 active window: 'GOLD PRD - \\Remote'
[2026-03-13 16:57:37] [DEBUG] Poll #35 active window: 'GOLD PRD - \\Remote'
[2026-03-13 16:57:38] [DEBUG] Poll #40 active window: 'GOLD PRD - \\Remote'
[2026-03-13 16:57:38] [DEBUG] Waiting for color CCCCCC to disappear at (623,653)
[2026-03-13 16:57:40] [DEBUG] Color changed from CCCCCC to FFFFFF — loading complete
[2026-03-13 16:57:48] [DEBUG] Added 13 items to CSV for: D0025 - GROCERY - EDIBLE > S0018 - HOT BEVERAGES > C0120 - COFFEES > F0638
[2026-03-13 16:57:48] [DEBUG] Family group F0638: 13 items added to CSV
[2026-03-13 16:57:49] [DEBUG] Clicked and typed at (712,135): F0639
[2026-03-13 16:57:52] [DEBUG] Poll #5 active window: 'GOLD PRD - \\Remote'
[2026-03-13 16:57:53] [DEBUG] Poll #10 active window: 'GOLD PRD - \\Remote'
[2026-03-13 16:57:54] [DEBUG] Poll #15 active window: 'GOLD PRD - \\Remote'
[2026-03-13 16:57:55] [DEBUG] Poll #20 active window: 'GOLD PRD - \\Remote'
[2026-03-13 16:57:57] [DEBUG] Poll #25 active window: 'GOLD PRD - \\Remote'
[2026-03-13 16:57:58] [DEBUG] Poll #30 active window: 'GOLD PRD - \\Remote'
[2026-03-13 16:57:59] [DEBUG] Poll #35 active window: 'GOLD PRD - \\Remote'
[2026-03-13 16:58:00] [DEBUG] Poll #40 active window: 'GOLD PRD - \\Remote'
[2026-03-13 16:58:00] [DEBUG] Waiting for color CCCCCC to disappear at (623,653)
[2026-03-13 16:58:00] [DEBUG] Color changed from CCCCCC to FFFFFF — loading complete
[2026-03-13 16:58:07] [DEBUG] Added 2 items to CSV for: D0025 - GROCERY - EDIBLE > S0018 - HOT BEVERAGES > C0120 - COFFEES > F0639
[2026-03-13 16:58:07] [DEBUG] Family group F0639: 2 items added to CSV
[2026-03-13 16:58:09] [DEBUG] Clicked and typed at (712,135): F0640
[2026-03-13 16:58:12] [DEBUG] Poll #5 active window: 'GOLD PRD - \\Remote'
[2026-03-13 16:58:13] [DEBUG] Poll #10 active window: 'GOLD PRD - \\Remote'
[2026-03-13 16:58:14] [DEBUG] Poll #15 active window: 'GOLD PRD - \\Remote'
[2026-03-13 16:58:15] [DEBUG] Poll #20 active window: 'GOLD PRD - \\Remote'
[2026-03-13 16:58:16] [DEBUG] Poll #25 active window: 'GOLD PRD - \\Remote'
[2026-03-13 16:58:17] [DEBUG] Poll #30 active window: 'GOLD PRD - \\Remote'
[2026-03-13 16:58:18] [DEBUG] Poll #35 active window: 'GOLD PRD - \\Remote'
[2026-03-13 16:58:19] [DEBUG] Poll #40 active window: 'GOLD PRD - \\Remote'
[2026-03-13 16:58:19] [DEBUG] Waiting for color CCCCCC to disappear at (623,653)
[2026-03-13 16:58:19] [DEBUG] Color changed from CCCCCC to FFFFFF — loading complete
[2026-03-13 16:58:26] [DEBUG] Added 17 items to CSV for: D0025 - GROCERY - EDIBLE > S0018 - HOT BEVERAGES > C0120 - COFFEES > F0640
[2026-03-13 16:58:26] [DEBUG] Family group F0640: 17 items added to CSV
[2026-03-13 16:58:28] [DEBUG] Clicked and typed at (712,135): F0641
[2026-03-13 16:58:31] [DEBUG] Poll #5 active window: 'GOLD PRD - \\Remote'
[2026-03-13 16:58:32] [DEBUG] Poll #10 active window: 'GOLD PRD - \\Remote'
[2026-03-13 16:58:33] [DEBUG] Poll #15 active window: 'GOLD PRD - \\Remote'
[2026-03-13 16:58:34] [DEBUG] Poll #20 active window: 'GOLD PRD - \\Remote'
[2026-03-13 16:58:35] [DEBUG] Poll #25 active window: 'GOLD PRD - \\Remote'
[2026-03-13 16:58:36] [DEBUG] Poll #30 active window: 'GOLD PRD - \\Remote'
[2026-03-13 16:58:37] [DEBUG] Poll #35 active window: 'GOLD PRD - \\Remote'
[2026-03-13 16:58:38] [DEBUG] Poll #40 active window: 'GOLD PRD - \\Remote'
[2026-03-13 16:58:38] [DEBUG] Waiting for color CCCCCC to disappear at (623,653)
[2026-03-13 16:58:38] [DEBUG] Color changed from CCCCCC to E2E8FB — loading complete
[2026-03-13 16:58:46] [DEBUG] No valid items found in clipboard for family group: F0641
[2026-03-13 16:58:46] [DEBUG] Family group F0641: 0 items added to CSV
[2026-03-13 16:58:47] [DEBUG] Clicked and typed at (712,135): F0642
[2026-03-13 16:58:50] [DEBUG] Poll #5 active window: 'GOLD PRD - \\Remote'
[2026-03-13 16:58:51] [DEBUG] Poll #10 active window: 'GOLD PRD - \\Remote'
[2026-03-13 16:58:52] [DEBUG] Poll #15 active window: 'GOLD PRD - \\Remote'
[2026-03-13 16:58:54] [DEBUG] Poll #20 active window: 'GOLD PRD - \\Remote'
[2026-03-13 16:58:55] [DEBUG] Poll #25 active window: 'GOLD PRD - \\Remote'
[2026-03-13 16:58:56] [DEBUG] Poll #30 active window: 'GOLD PRD - \\Remote'
[2026-03-13 16:58:57] [DEBUG] Poll #35 active window: 'GOLD PRD - \\Remote'
[2026-03-13 16:58:58] [DEBUG] Poll #40 active window: 'GOLD PRD - \\Remote'
[2026-03-13 16:58:58] [DEBUG] Waiting for color CCCCCC to disappear at (623,653)
[2026-03-13 16:59:09] [DEBUG] Color changed from CCCCCC to FFFFFF — loading complete
[2026-03-13 16:59:16] [DEBUG] Added 14 items to CSV for: D0025 - GROCERY - EDIBLE > S0018 - HOT BEVERAGES > C0120 - COFFEES > F0642
[2026-03-13 16:59:16] [DEBUG] Family group F0642: 14 items added to CSV
[2026-03-13 16:59:18] [DEBUG] Clicked and typed at (712,135): F3233
[2026-03-13 16:59:21] [DEBUG] Poll #5 active window: 'GOLD PRD - \\Remote'
[2026-03-13 16:59:22] [DEBUG] Poll #10 active window: 'GOLD PRD - \\Remote'
[2026-03-13 16:59:23] [DEBUG] Poll #15 active window: 'GOLD PRD - \\Remote'
[2026-03-13 16:59:24] [DEBUG] Poll #20 active window: 'GOLD PRD - \\Remote'
[2026-03-13 16:59:25] [DEBUG] Poll #25 active window: 'GOLD PRD - \\Remote'
[2026-03-13 16:59:26] [DEBUG] Poll #30 active window: 'GOLD PRD - \\Remote'
[2026-03-13 16:59:27] [DEBUG] Poll #35 active window: 'GOLD PRD - \\Remote'
[2026-03-13 16:59:28] [DEBUG] Poll #40 active window: 'GOLD PRD - \\Remote'
[2026-03-13 16:59:28] [DEBUG] Waiting for color CCCCCC to disappear at (623,653)
[2026-03-13 16:59:28] [DEBUG] Color changed from CCCCCC to E2E8FB — loading complete
[2026-03-13 16:59:35] [DEBUG] No valid items found in clipboard for family group: F3233
[2026-03-13 16:59:35] [DEBUG] Family group F3233: 0 items added to CSV
[2026-03-13 16:59:37] [DEBUG] Clicked and typed at (712,135): F5029
[2026-03-13 16:59:40] [DEBUG] Poll #5 active window: 'GOLD PRD - \\Remote'
[2026-03-13 16:59:41] [DEBUG] Poll #10 active window: 'GOLD PRD - \\Remote'
[2026-03-13 16:59:42] [DEBUG] Poll #15 active window: 'GOLD PRD - \\Remote'
[2026-03-13 16:59:43] [DEBUG] Poll #20 active window: 'GOLD PRD - \\Remote'
[2026-03-13 16:59:44] [DEBUG] Poll #25 active window: 'GOLD PRD - \\Remote'
[2026-03-13 16:59:45] [DEBUG] Poll #30 active window: 'GOLD PRD - \\Remote'
[2026-03-13 16:59:46] [DEBUG] Poll #35 active window: 'GOLD PRD - \\Remote'
[2026-03-13 16:59:47] [DEBUG] Poll #40 active window: 'GOLD PRD - \\Remote'
[2026-03-13 16:59:47] [DEBUG] Waiting for color CCCCCC to disappear at (623,653)
[2026-03-13 16:59:57] [DEBUG] Color changed from CCCCCC to FFFFFF — loading complete
[2026-03-13 17:00:04] [DEBUG] Added 58 items to CSV for: D0025 - GROCERY - EDIBLE > S0018 - HOT BEVERAGES > C0120 - COFFEES > F5029
[2026-03-13 17:00:04] [DEBUG] Family group F5029: 58 items added to CSV
[2026-03-13 17:00:06] [DEBUG] Clicked and typed at (712,135): F0647
[2026-03-13 17:00:09] [DEBUG] Poll #5 active window: 'GOLD PRD - \\Remote'
[2026-03-13 17:00:10] [DEBUG] Poll #10 active window: 'GOLD PRD - \\Remote'
[2026-03-13 17:00:11] [DEBUG] Poll #15 active window: 'GOLD PRD - \\Remote'
[2026-03-13 17:00:12] [DEBUG] Poll #20 active window: 'GOLD PRD - \\Remote'
[2026-03-13 17:00:13] [DEBUG] Poll #25 active window: 'GOLD PRD - \\Remote'
[2026-03-13 17:00:14] [DEBUG] Poll #30 active window: 'GOLD PRD - \\Remote'
[2026-03-13 17:00:15] [DEBUG] Poll #35 active window: 'GOLD PRD - \\Remote'
[2026-03-13 17:00:16] [DEBUG] Poll #40 active window: 'GOLD PRD - \\Remote'
[2026-03-13 17:00:16] [DEBUG] Waiting for color CCCCCC to disappear at (623,653)
[2026-03-13 17:00:16] [DEBUG] Color changed from CCCCCC to E2E8FB — loading complete
[2026-03-13 17:00:23] [DEBUG] Added 8 items to CSV for: D0025 - GROCERY - EDIBLE > S0018 - HOT BEVERAGES > C0121 - TEA > F0647
[2026-03-13 17:00:23] [DEBUG] Family group F0647: 8 items added to CSV
[2026-03-13 17:00:25] [DEBUG] Clicked and typed at (712,135): F0648
[2026-03-13 17:00:28] [DEBUG] Poll #5 active window: 'GOLD PRD - \\Remote'
[2026-03-13 17:00:29] [DEBUG] Poll #10 active window: 'GOLD PRD - \\Remote'
[2026-03-13 17:00:30] [DEBUG] Poll #15 active window: 'GOLD PRD - \\Remote'
[2026-03-13 17:00:31] [DEBUG] Poll #20 active window: 'GOLD PRD - \\Remote'
[2026-03-13 17:00:32] [DEBUG] Poll #25 active window: 'GOLD PRD - \\Remote'
[2026-03-13 17:00:33] [DEBUG] Poll #30 active window: 'GOLD PRD - \\Remote'
[2026-03-13 17:00:34] [DEBUG] Poll #35 active window: 'GOLD PRD - \\Remote'
[2026-03-13 17:00:35] [DEBUG] Poll #40 active window: 'GOLD PRD - \\Remote'
[2026-03-13 17:00:35] [DEBUG] Waiting for color CCCCCC to disappear at (623,653)
[2026-03-13 17:00:35] [DEBUG] Color changed from CCCCCC to E2E8FB — loading complete
[2026-03-13 17:00:43] [DEBUG] No valid items found in clipboard for family group: F0648
[2026-03-13 17:00:43] [DEBUG] Family group F0648: 0 items added to CSV
[2026-03-13 17:00:45] [DEBUG] Clicked and typed at (712,135): F0649
[2026-03-13 17:00:48] [DEBUG] Poll #5 active window: 'GOLD PRD - \\Remote'
[2026-03-13 17:00:49] [DEBUG] Poll #10 active window: 'GOLD PRD - \\Remote'
[2026-03-13 17:00:50] [DEBUG] Poll #15 active window: 'GOLD PRD - \\Remote'
[2026-03-13 17:00:51] [DEBUG] Poll #20 active window: 'GOLD PRD - \\Remote'
[2026-03-13 17:00:52] [DEBUG] Poll #25 active window: 'GOLD PRD - \\Remote'
[2026-03-13 17:00:53] [DEBUG] Poll #30 active window: 'GOLD PRD - \\Remote'
[2026-03-13 17:00:54] [DEBUG] Poll #35 active window: 'GOLD PRD - \\Remote'
[2026-03-13 17:00:55] [DEBUG] Poll #40 active window: 'GOLD PRD - \\Remote'
[2026-03-13 17:00:55] [DEBUG] Waiting for color CCCCCC to disappear at (623,653)
[2026-03-13 17:00:55] [DEBUG] Color changed from CCCCCC to E2E8FB — loading complete
[2026-03-13 17:01:02] [DEBUG] No valid items found in clipboard for family group: F0649
[2026-03-13 17:01:02] [DEBUG] Family group F0649: 0 items added to CSV
[2026-03-13 17:01:04] [DEBUG] Clicked and typed at (712,135): F0650
[2026-03-13 17:01:07] [DEBUG] Poll #5 active window: 'GOLD PRD - \\Remote'
[2026-03-13 17:01:08] [DEBUG] Poll #10 active window: 'GOLD PRD - \\Remote'
[2026-03-13 17:01:09] [DEBUG] Poll #15 active window: 'GOLD PRD - \\Remote'
[2026-03-13 17:01:10] [DEBUG] Poll #20 active window: 'GOLD PRD - \\Remote'
[2026-03-13 17:01:11] [DEBUG] Poll #25 active window: 'GOLD PRD - \\Remote'
[2026-03-13 17:01:12] [DEBUG] Poll #30 active window: 'GOLD PRD - \\Remote'
[2026-03-13 17:01:13] [DEBUG] Poll #35 active window: 'GOLD PRD - \\Remote'
[2026-03-13 17:01:14] [DEBUG] Poll #40 active window: 'GOLD PRD - \\Remote'
[2026-03-13 17:01:14] [DEBUG] Waiting for color CCCCCC to disappear at (623,653)
[2026-03-13 17:01:18] [DEBUG] Color changed from CCCCCC to FFFFFF — loading complete
[2026-03-13 17:01:25] [DEBUG] Added 9 items to CSV for: D0025 - GROCERY - EDIBLE > S0018 - HOT BEVERAGES > C0121 - TEA > F0650
[2026-03-13 17:01:25] [DEBUG] Family group F0650: 9 items added to CSV
[2026-03-13 17:01:27] [DEBUG] Clicked and typed at (712,135): F0651
[2026-03-13 17:01:30] [DEBUG] Poll #5 active window: 'GOLD PRD - \\Remote'
[2026-03-13 17:01:31] [DEBUG] Poll #10 active window: 'GOLD PRD - \\Remote'
[2026-03-13 17:01:32] [DEBUG] Poll #15 active window: 'GOLD PRD - \\Remote'
[2026-03-13 17:01:33] [DEBUG] Poll #20 active window: 'GOLD PRD - \\Remote'
[2026-03-13 17:01:34] [DEBUG] Poll #25 active window: 'GOLD PRD - \\Remote'
[2026-03-13 17:01:35] [DEBUG] Poll #30 active window: 'GOLD PRD - \\Remote'
[2026-03-13 17:01:36] [DEBUG] Poll #35 active window: 'GOLD PRD - \\Remote'
[2026-03-13 17:01:37] [DEBUG] Poll #40 active window: 'GOLD PRD - \\Remote'
[2026-03-13 17:01:37] [DEBUG] Waiting for color CCCCCC to disappear at (623,653)
[2026-03-13 17:01:38] [DEBUG] Color changed from CCCCCC to E2E8FB — loading complete
[2026-03-13 17:01:45] [DEBUG] Added 3 items to CSV for: D0025 - GROCERY - EDIBLE > S0018 - HOT BEVERAGES > C0121 - TEA > F0651
[2026-03-13 17:01:45] [DEBUG] Family group F0651: 3 items added to CSV
[2026-03-13 17:01:47] [DEBUG] Clicked and typed at (712,135): F0652
[2026-03-13 17:01:50] [DEBUG] Poll #5 active window: 'GOLD PRD - \\Remote'
[2026-03-13 17:01:51] [DEBUG] Poll #10 active window: 'GOLD PRD - \\Remote'
[2026-03-13 17:01:52] [DEBUG] Poll #15 active window: 'GOLD PRD - \\Remote'
[2026-03-13 17:01:53] [DEBUG] Poll #20 active window: 'GOLD PRD - \\Remote'
[2026-03-13 17:01:54] [DEBUG] Poll #25 active window: 'GOLD PRD - \\Remote'
[2026-03-13 17:01:55] [DEBUG] Poll #30 active window: 'GOLD PRD - \\Remote'
[2026-03-13 17:01:56] [DEBUG] Poll #35 active window: 'GOLD PRD - \\Remote'
[2026-03-13 17:01:57] [DEBUG] Poll #40 active window: 'GOLD PRD - \\Remote'
[2026-03-13 17:01:57] [DEBUG] Waiting for color CCCCCC to disappear at (623,653)
[2026-03-13 17:01:57] [DEBUG] Color changed from CCCCCC to E2E8FB — loading complete
[2026-03-13 17:02:04] [DEBUG] Added 1 items to CSV for: D0025 - GROCERY - EDIBLE > S0018 - HOT BEVERAGES > C0121 - TEA > F0652
[2026-03-13 17:02:04] [DEBUG] Family group F0652: 1 items added to CSV
[2026-03-13 17:02:06] [DEBUG] Clicked and typed at (712,135): F0653
[2026-03-13 17:02:09] [DEBUG] Poll #5 active window: 'GOLD PRD - \\Remote'
[2026-03-13 17:02:10] [DEBUG] Poll #10 active window: 'GOLD PRD - \\Remote'
[2026-03-13 17:02:11] [DEBUG] Poll #15 active window: 'GOLD PRD - \\Remote'
[2026-03-13 17:02:12] [DEBUG] Poll #20 active window: 'GOLD PRD - \\Remote'
[2026-03-13 17:02:13] [DEBUG] Poll #25 active window: 'GOLD PRD - \\Remote'
[2026-03-13 17:02:14] [DEBUG] Poll #30 active window: 'GOLD PRD - \\Remote'
[2026-03-13 17:02:15] [DEBUG] Poll #35 active window: 'GOLD PRD - \\Remote'
[2026-03-13 17:02:16] [DEBUG] Poll #40 active window: 'GOLD PRD - \\Remote'
[2026-03-13 17:02:16] [DEBUG] Waiting for color CCCCCC to disappear at (623,653)
[2026-03-13 17:02:16] [DEBUG] Color changed from CCCCCC to E2E8FB — loading complete
[2026-03-13 17:02:23] [DEBUG] Added 1 items to CSV for: D0025 - GROCERY - EDIBLE > S0018 - HOT BEVERAGES > C0121 - TEA > F0653
[2026-03-13 17:02:23] [DEBUG] Family group F0653: 1 items added to CSV
[2026-03-13 17:02:25] [DEBUG] Clicked and typed at (712,135): F0654
[2026-03-13 17:02:28] [DEBUG] Poll #5 active window: 'GOLD PRD - \\Remote'
[2026-03-13 17:02:29] [DEBUG] Poll #10 active window: 'GOLD PRD - \\Remote'
[2026-03-13 17:02:30] [DEBUG] Poll #15 active window: 'GOLD PRD - \\Remote'
[2026-03-13 17:02:31] [DEBUG] Poll #20 active window: 'GOLD PRD - \\Remote'
[2026-03-13 17:02:32] [DEBUG] Poll #25 active window: 'GOLD PRD - \\Remote'
[2026-03-13 17:02:33] [DEBUG] Poll #30 active window: 'GOLD PRD - \\Remote'
[2026-03-13 17:02:34] [DEBUG] Poll #35 active window: 'GOLD PRD - \\Remote'
[2026-03-13 17:02:35] [DEBUG] Poll #40 active window: 'GOLD PRD - \\Remote'
[2026-03-13 17:02:35] [DEBUG] Waiting for color CCCCCC to disappear at (623,653)
[2026-03-13 17:02:37] [DEBUG] Color changed from CCCCCC to FFFFFF — loading complete
[2026-03-13 17:02:45] [DEBUG] Added 8 items to CSV for: D0025 - GROCERY - EDIBLE > S0018 - HOT BEVERAGES > C0121 - TEA > F0654
[2026-03-13 17:02:45] [DEBUG] Family group F0654: 8 items added to CSV
[2026-03-13 17:02:46] [DEBUG] Clicked and typed at (712,135): F0655
[2026-03-13 17:02:49] [DEBUG] Poll #5 active window: 'GOLD PRD - \\Remote'
[2026-03-13 17:02:50] [DEBUG] Poll #10 active window: 'GOLD PRD - \\Remote'
[2026-03-13 17:02:51] [DEBUG] Poll #15 active window: 'GOLD PRD - \\Remote'
[2026-03-13 17:02:52] [DEBUG] Poll #20 active window: 'GOLD PRD - \\Remote'
[2026-03-13 17:02:54] [DEBUG] Poll #25 active window: 'GOLD PRD - \\Remote'
[2026-03-13 17:02:55] [DEBUG] Poll #30 active window: 'GOLD PRD - \\Remote'
[2026-03-13 17:02:56] [DEBUG] Poll #35 active window: 'GOLD PRD - \\Remote'
[2026-03-13 17:02:57] [DEBUG] Poll #40 active window: 'GOLD PRD - \\Remote'
[2026-03-13 17:02:57] [DEBUG] Waiting for color CCCCCC to disappear at (623,653)
[2026-03-13 17:03:03] [DEBUG] Color changed from CCCCCC to FFFFFF — loading complete
[2026-03-13 17:03:10] [DEBUG] Added 11 items to CSV for: D0025 - GROCERY - EDIBLE > S0018 - HOT BEVERAGES > C0121 - TEA > F0655
[2026-03-13 17:03:10] [DEBUG] Family group F0655: 11 items added to CSV
[2026-03-13 17:03:12] [DEBUG] Clicked and typed at (712,135): F0656
[2026-03-13 17:03:15] [DEBUG] Poll #5 active window: 'GOLD PRD - \\Remote'
[2026-03-13 17:03:16] [DEBUG] Poll #10 active window: 'GOLD PRD - \\Remote'
[2026-03-13 17:03:17] [DEBUG] Poll #15 active window: 'GOLD PRD - \\Remote'
[2026-03-13 17:03:18] [DEBUG] Poll #20 active window: 'GOLD PRD - \\Remote'
[2026-03-13 17:03:19] [DEBUG] Poll #25 active window: 'GOLD PRD - \\Remote'
[2026-03-13 17:03:20] [DEBUG] Poll #30 active window: 'GOLD PRD - \\Remote'
[2026-03-13 17:03:21] [DEBUG] Poll #35 active window: 'GOLD PRD - \\Remote'
[2026-03-13 17:03:22] [DEBUG] Poll #40 active window: 'GOLD PRD - \\Remote'
[2026-03-13 17:03:22] [DEBUG] Waiting for color CCCCCC to disappear at (623,653)
[2026-03-13 17:03:23] [DEBUG] Color changed from CCCCCC to FFFFFF — loading complete
[2026-03-13 17:03:31] [DEBUG] Added 8 items to CSV for: D0025 - GROCERY - EDIBLE > S0018 - HOT BEVERAGES > C0121 - TEA > F0656
[2026-03-13 17:03:31] [DEBUG] Family group F0656: 8 items added to CSV
[2026-03-13 17:03:33] [DEBUG] Clicked and typed at (712,135): F5030
[2026-03-13 17:03:36] [DEBUG] Poll #5 active window: 'GOLD PRD - \\Remote'
[2026-03-13 17:03:37] [DEBUG] Poll #10 active window: 'GOLD PRD - \\Remote'
[2026-03-13 17:03:38] [DEBUG] Poll #15 active window: 'GOLD PRD - \\Remote'
[2026-03-13 17:03:39] [DEBUG] Poll #20 active window: 'GOLD PRD - \\Remote'
[2026-03-13 17:03:40] [DEBUG] Poll #25 active window: 'GOLD PRD - \\Remote'
[2026-03-13 17:03:41] [DEBUG] Poll #30 active window: 'GOLD PRD - \\Remote'
[2026-03-13 17:03:42] [DEBUG] Poll #35 active window: 'GOLD PRD - \\Remote'
[2026-03-13 17:03:43] [DEBUG] Poll #40 active window: 'GOLD PRD - \\Remote'
[2026-03-13 17:03:43] [DEBUG] Waiting for color CCCCCC to disappear at (623,653)
[2026-03-13 17:03:43] [DEBUG] Color changed from CCCCCC to E2E8FB — loading complete
[2026-03-13 17:03:50] [DEBUG] Added 10 items to CSV for: D0025 - GROCERY - EDIBLE > S0018 - HOT BEVERAGES > C0121 - TEA > F5030
[2026-03-13 17:03:50] [DEBUG] Family group F5030: 10 items added to CSV
[2026-03-13 17:03:52] [DEBUG] Clicked and typed at (712,135): F0657
[2026-03-13 17:03:55] [DEBUG] Poll #5 active window: 'GOLD PRD - \\Remote'
[2026-03-13 17:03:56] [DEBUG] Poll #10 active window: 'GOLD PRD - \\Remote'
[2026-03-13 17:03:57] [DEBUG] Poll #15 active window: 'GOLD PRD - \\Remote'
[2026-03-13 17:03:58] [DEBUG] Poll #20 active window: 'GOLD PRD - \\Remote'
[2026-03-13 17:03:59] [DEBUG] Poll #25 active window: 'GOLD PRD - \\Remote'
[2026-03-13 17:04:00] [DEBUG] Poll #30 active window: 'GOLD PRD - \\Remote'
[2026-03-13 17:04:01] [DEBUG] Poll #35 active window: 'GOLD PRD - \\Remote'
[2026-03-13 17:04:02] [DEBUG] Poll #40 active window: 'GOLD PRD - \\Remote'
[2026-03-13 17:04:02] [DEBUG] Waiting for color CCCCCC to disappear at (623,653)
[2026-03-13 17:04:14] [DEBUG] Color changed from CCCCCC to FFFFFF — loading complete
[2026-03-13 17:04:21] [DEBUG] Added 40 items to CSV for: D0025 - GROCERY - EDIBLE > S0019 - INSTANT HOT SNACKS > C0122 - AMBIENT INSTANT HOT SNACKS > F0657
[2026-03-13 17:04:21] [DEBUG] Family group F0657: 40 items added to CSV
[2026-03-13 17:04:23] [DEBUG] Clicked and typed at (712,135): F0658
[2026-03-13 17:04:26] [DEBUG] Poll #5 active window: 'GOLD PRD - \\Remote'
[2026-03-13 17:04:27] [DEBUG] Poll #10 active window: 'GOLD PRD - \\Remote'
[2026-03-13 17:04:28] [DEBUG] Poll #15 active window: 'GOLD PRD - \\Remote'
[2026-03-13 17:04:29] [DEBUG] Poll #20 active window: 'GOLD PRD - \\Remote'
[2026-03-13 17:04:30] [DEBUG] Poll #25 active window: 'GOLD PRD - \\Remote'
[2026-03-13 17:04:31] [DEBUG] Poll #30 active window: 'GOLD PRD - \\Remote'
[2026-03-13 17:04:32] [DEBUG] Poll #35 active window: 'GOLD PRD - \\Remote'
[2026-03-13 17:04:33] [DEBUG] Poll #40 active window: 'GOLD PRD - \\Remote'
[2026-03-13 17:04:33] [DEBUG] Waiting for color CCCCCC to disappear at (623,653)
[2026-03-13 17:04:33] [DEBUG] Color changed from CCCCCC to FFFFFF — loading complete
[2026-03-13 17:04:41] [DEBUG] Added 4 items to CSV for: D0025 - GROCERY - EDIBLE > S0019 - INSTANT HOT SNACKS > C0122 - AMBIENT INSTANT HOT SNACKS > F0658
[2026-03-13 17:04:41] [DEBUG] Family group F0658: 4 items added to CSV
[2026-03-13 17:04:43] [DEBUG] Clicked and typed at (712,135): F0659
[2026-03-13 17:04:46] [DEBUG] Poll #5 active window: 'GOLD PRD - \\Remote'
[2026-03-13 17:04:47] [DEBUG] Poll #10 active window: 'GOLD PRD - \\Remote'
[2026-03-13 17:04:48] [DEBUG] Poll #15 active window: 'GOLD PRD - \\Remote'
[2026-03-13 17:04:49] [DEBUG] Poll #20 active window: 'GOLD PRD - \\Remote'
[2026-03-13 17:04:50] [DEBUG] Poll #25 active window: 'GOLD PRD - \\Remote'
[2026-03-13 17:04:51] [DEBUG] Poll #30 active window: 'GOLD PRD - \\Remote'
[2026-03-13 17:04:52] [DEBUG] Poll #35 active window: 'GOLD PRD - \\Remote'
[2026-03-13 17:04:53] [DEBUG] Poll #40 active window: 'GOLD PRD - \\Remote'
[2026-03-13 17:04:53] [DEBUG] Waiting for color CCCCCC to disappear at (623,653)
[2026-03-13 17:04:55] [DEBUG] Color changed from CCCCCC to FFFFFF — loading complete
[2026-03-13 17:05:03] [DEBUG] Added 39 items to CSV for: D0025 - GROCERY - EDIBLE > S0019 - INSTANT HOT SNACKS > C0122 - AMBIENT INSTANT HOT SNACKS > F0659
[2026-03-13 17:05:03] [DEBUG] Family group F0659: 39 items added to CSV
[2026-03-13 17:05:05] [DEBUG] Clicked and typed at (712,135): F0660
[2026-03-13 17:05:08] [DEBUG] Poll #5 active window: 'GOLD PRD - \\Remote'
[2026-03-13 17:05:09] [DEBUG] Poll #10 active window: 'GOLD PRD - \\Remote'
[2026-03-13 17:05:10] [DEBUG] Poll #15 active window: 'GOLD PRD - \\Remote'
[2026-03-13 17:05:11] [DEBUG] Poll #20 active window: 'GOLD PRD - \\Remote'
[2026-03-13 17:05:12] [DEBUG] Poll #25 active window: 'GOLD PRD - \\Remote'
[2026-03-13 17:05:13] [DEBUG] Poll #30 active window: 'GOLD PRD - \\Remote'
[2026-03-13 17:05:14] [DEBUG] Poll #35 active window: 'GOLD PRD - \\Remote'
[2026-03-13 17:05:15] [DEBUG] Poll #40 active window: 'GOLD PRD - \\Remote'
[2026-03-13 17:05:15] [DEBUG] Waiting for color CCCCCC to disappear at (623,653)
[2026-03-13 17:05:23] [DEBUG] Color changed from CCCCCC to FFFFFF — loading complete
[2026-03-13 17:05:30] [DEBUG] Added 43 items to CSV for: D0025 - GROCERY - EDIBLE > S0019 - INSTANT HOT SNACKS > C0122 - AMBIENT INSTANT HOT SNACKS > F0660
[2026-03-13 17:05:30] [DEBUG] Family group F0660: 43 items added to CSV
[2026-03-13 17:05:32] [DEBUG] Clicked and typed at (712,135): F0661
[2026-03-13 17:05:35] [DEBUG] Poll #5 active window: 'GOLD PRD - \\Remote'
[2026-03-13 17:05:36] [DEBUG] Poll #10 active window: 'GOLD PRD - \\Remote'
[2026-03-13 17:05:37] [DEBUG] Poll #15 active window: 'GOLD PRD - \\Remote'
[2026-03-13 17:05:38] [DEBUG] Poll #20 active window: 'GOLD PRD - \\Remote'
[2026-03-13 17:05:39] [DEBUG] Poll #25 active window: 'GOLD PRD - \\Remote'
[2026-03-13 17:05:40] [DEBUG] Poll #30 active window: 'GOLD PRD - \\Remote'
[2026-03-13 17:05:41] [DEBUG] Poll #35 active window: 'GOLD PRD - \\Remote'
[2026-03-13 17:05:42] [DEBUG] Poll #40 active window: 'GOLD PRD - \\Remote'
[2026-03-13 17:05:42] [DEBUG] Waiting for color CCCCCC to disappear at (623,653)
[2026-03-13 17:05:42] [DEBUG] Color changed from CCCCCC to FFFFFF — loading complete
[2026-03-13 17:05:49] [DEBUG] Added 2 items to CSV for: D0025 - GROCERY - EDIBLE > S0019 - INSTANT HOT SNACKS > C0122 - AMBIENT INSTANT HOT SNACKS > F0661
[2026-03-13 17:05:49] [DEBUG] Family group F0661: 2 items added to CSV
[2026-03-13 17:05:51] [DEBUG] Clicked and typed at (712,135): F0674
[2026-03-13 17:05:54] [DEBUG] Poll #5 active window: 'GOLD PRD - \\Remote'
[2026-03-13 17:05:55] [DEBUG] Poll #10 active window: 'GOLD PRD - \\Remote'
[2026-03-13 17:05:56] [DEBUG] Poll #15 active window: 'GOLD PRD - \\Remote'
[2026-03-13 17:05:57] [DEBUG] Poll #20 active window: 'GOLD PRD - \\Remote'
[2026-03-13 17:05:58] [DEBUG] Poll #25 active window: 'GOLD PRD - \\Remote'
[2026-03-13 17:05:59] [DEBUG] Poll #30 active window: 'GOLD PRD - \\Remote'
[2026-03-13 17:06:00] [DEBUG] Poll #35 active window: 'GOLD PRD - \\Remote'
[2026-03-13 17:06:01] [DEBUG] Poll #40 active window: 'GOLD PRD - \\Remote'
[2026-03-13 17:06:01] [DEBUG] Waiting for color CCCCCC to disappear at (623,653)
[2026-03-13 17:06:04] [DEBUG] Color changed from CCCCCC to FFFFFF — loading complete
[2026-03-13 17:06:11] [DEBUG] Added 23 items to CSV for: D0025 - GROCERY - EDIBLE > S0020 - FOODS OF THE WORLD > C0124 - CHINESE AMBIENT FOODS > F0674
[2026-03-13 17:06:11] [DEBUG] Family group F0674: 23 items added to CSV
[2026-03-13 17:06:13] [DEBUG] Clicked and typed at (712,135): F0676
[2026-03-13 17:06:16] [DEBUG] Poll #5 active window: 'GOLD PRD - \\Remote'
[2026-03-13 17:06:17] [DEBUG] Poll #10 active window: 'GOLD PRD - \\Remote'
[2026-03-13 17:06:18] [DEBUG] Poll #15 active window: 'GOLD PRD - \\Remote'
[2026-03-13 17:06:19] [DEBUG] Poll #20 active window: 'GOLD PRD - \\Remote'
[2026-03-13 17:06:20] [DEBUG] Poll #25 active window: 'GOLD PRD - \\Remote'
[2026-03-13 17:06:21] [DEBUG] Poll #30 active window: 'GOLD PRD - \\Remote'
[2026-03-13 17:06:22] [DEBUG] Poll #35 active window: 'GOLD PRD - \\Remote'
[2026-03-13 17:06:23] [DEBUG] Poll #40 active window: 'GOLD PRD - \\Remote'
[2026-03-13 17:06:23] [DEBUG] Waiting for color CCCCCC to disappear at (623,653)
[2026-03-13 17:06:29] [DEBUG] Color changed from CCCCCC to FFFFFF — loading complete
[2026-03-13 17:06:36] [DEBUG] Added 24 items to CSV for: D0025 - GROCERY - EDIBLE > S0020 - FOODS OF THE WORLD > C0124 - CHINESE AMBIENT FOODS > F0676
[2026-03-13 17:06:36] [DEBUG] Family group F0676: 24 items added to CSV
[2026-03-13 17:06:38] [DEBUG] Clicked and typed at (712,135): F0677
[2026-03-13 17:06:41] [DEBUG] Poll #5 active window: 'GOLD PRD - \\Remote'
[2026-03-13 17:06:42] [DEBUG] Poll #10 active window: 'GOLD PRD - \\Remote'
[2026-03-13 17:06:43] [DEBUG] Poll #15 active window: 'GOLD PRD - \\Remote'
[2026-03-13 17:06:44] [DEBUG] Poll #20 active window: 'GOLD PRD - \\Remote'
[2026-03-13 17:06:45] [DEBUG] Poll #25 active window: 'GOLD PRD - \\Remote'
[2026-03-13 17:06:46] [DEBUG] Poll #30 active window: 'GOLD PRD - \\Remote'
[2026-03-13 17:06:47] [DEBUG] Poll #35 active window: 'GOLD PRD - \\Remote'
[2026-03-13 17:06:48] [DEBUG] Poll #40 active window: 'GOLD PRD - \\Remote'
[2026-03-13 17:06:48] [DEBUG] Waiting for color CCCCCC to disappear at (623,653)
[2026-03-13 17:06:48] [DEBUG] Color changed from CCCCCC to E2E8FB — loading complete
[2026-03-13 17:06:55] [DEBUG] No valid items found in clipboard for family group: F0677
[2026-03-13 17:06:55] [DEBUG] Family group F0677: 0 items added to CSV
[2026-03-13 17:06:57] [DEBUG] Clicked and typed at (712,135): F0678
[2026-03-13 17:07:00] [DEBUG] Poll #5 active window: 'GOLD PRD - \\Remote'
[2026-03-13 17:07:01] [DEBUG] Poll #10 active window: 'GOLD PRD - \\Remote'
[2026-03-13 17:07:02] [DEBUG] Poll #15 active window: 'GOLD PRD - \\Remote'
[2026-03-13 17:07:03] [DEBUG] Poll #20 active window: 'GOLD PRD - \\Remote'
[2026-03-13 17:07:04] [DEBUG] Poll #25 active window: 'GOLD PRD - \\Remote'
[2026-03-13 17:07:05] [DEBUG] Poll #30 active window: 'GOLD PRD - \\Remote'
[2026-03-13 17:07:06] [DEBUG] Poll #35 active window: 'GOLD PRD - \\Remote'
[2026-03-13 17:07:07] [DEBUG] Poll #40 active window: 'GOLD PRD - \\Remote'
[2026-03-13 17:07:07] [DEBUG] Waiting for color CCCCCC to disappear at (623,653)
[2026-03-13 17:07:08] [DEBUG] Color changed from CCCCCC to FFFFFF — loading complete
[2026-03-13 17:07:15] [DEBUG] Added 25 items to CSV for: D0025 - GROCERY - EDIBLE > S0020 - FOODS OF THE WORLD > C0124 - CHINESE AMBIENT FOODS > F0678
[2026-03-13 17:07:15] [DEBUG] Family group F0678: 25 items added to CSV
[2026-03-13 17:07:17] [DEBUG] Clicked and typed at (712,135): F0679
[2026-03-13 17:07:20] [DEBUG] Poll #5 active window: 'GOLD PRD - \\Remote'
[2026-03-13 17:07:21] [DEBUG] Poll #10 active window: 'GOLD PRD - \\Remote'
[2026-03-13 17:07:22] [DEBUG] Poll #15 active window: 'GOLD PRD - \\Remote'
[2026-03-13 17:07:23] [DEBUG] Poll #20 active window: 'GOLD PRD - \\Remote'
[2026-03-13 17:07:24] [DEBUG] Poll #25 active window: 'GOLD PRD - \\Remote'
[2026-03-13 17:07:25] [DEBUG] Poll #30 active window: 'GOLD PRD - \\Remote'
[2026-03-13 17:07:26] [DEBUG] Poll #35 active window: 'GOLD PRD - \\Remote'
[2026-03-13 17:07:27] [DEBUG] Poll #40 active window: 'GOLD PRD - \\Remote'
[2026-03-13 17:07:27] [DEBUG] Waiting for color CCCCCC to disappear at (623,653)
[2026-03-13 17:07:27] [DEBUG] Color changed from CCCCCC to E2E8FB — loading complete
[2026-03-13 17:07:35] [DEBUG] No valid items found in clipboard for family group: F0679
[2026-03-13 17:07:35] [DEBUG] Family group F0679: 0 items added to CSV
[2026-03-13 17:07:36] [DEBUG] Clicked and typed at (712,135): F0681
[2026-03-13 17:07:39] [DEBUG] Poll #5 active window: 'GOLD PRD - \\Remote'
[2026-03-13 17:07:40] [DEBUG] Poll #10 active window: 'GOLD PRD - \\Remote'
[2026-03-13 17:07:41] [DEBUG] Poll #15 active window: 'GOLD PRD - \\Remote'
[2026-03-13 17:07:42] [DEBUG] Poll #20 active window: 'GOLD PRD - \\Remote'
[2026-03-13 17:07:43] [DEBUG] Poll #25 active window: 'GOLD PRD - \\Remote'
[2026-03-13 17:07:45] [DEBUG] Poll #30 active window: 'GOLD PRD - \\Remote'
[2026-03-13 17:07:46] [DEBUG] Poll #35 active window: 'GOLD PRD - \\Remote'
[2026-03-13 17:07:47] [DEBUG] Poll #40 active window: 'GOLD PRD - \\Remote'
[2026-03-13 17:07:47] [DEBUG] Waiting for color CCCCCC to disappear at (623,653)
[2026-03-13 17:07:47] [DEBUG] Color changed from CCCCCC to E2E8FB — loading complete
[2026-03-13 17:07:54] [DEBUG] No valid items found in clipboard for family group: F0681
[2026-03-13 17:07:54] [DEBUG] Family group F0681: 0 items added to CSV
[2026-03-13 17:07:56] [DEBUG] Clicked and typed at (712,135): F0685
[2026-03-13 17:07:59] [DEBUG] Poll #5 active window: 'GOLD PRD - \\Remote'
[2026-03-13 17:08:00] [DEBUG] Poll #10 active window: 'GOLD PRD - \\Remote'
[2026-03-13 17:08:01] [DEBUG] Poll #15 active window: 'GOLD PRD - \\Remote'
[2026-03-13 17:08:02] [DEBUG] Poll #20 active window: 'GOLD PRD - \\Remote'
[2026-03-13 17:08:03] [DEBUG] Poll #25 active window: 'GOLD PRD - \\Remote'
[2026-03-13 17:08:04] [DEBUG] Poll #30 active window: 'GOLD PRD - \\Remote'
[2026-03-13 17:08:05] [DEBUG] Poll #35 active window: 'GOLD PRD - \\Remote'
[2026-03-13 17:08:06] [DEBUG] Poll #40 active window: 'GOLD PRD - \\Remote'
[2026-03-13 17:08:06] [DEBUG] Waiting for color CCCCCC to disappear at (623,653)
[2026-03-13 17:08:06] [DEBUG] Color changed from CCCCCC to E2E8FB — loading complete
[2026-03-13 17:08:13] [DEBUG] No valid items found in clipboard for family group: F0685
[2026-03-13 17:08:13] [DEBUG] Family group F0685: 0 items added to CSV
[2026-03-13 17:08:15] [DEBUG] Clicked and typed at (712,135): F0686
[2026-03-13 17:08:18] [DEBUG] Poll #5 active window: 'GOLD PRD - \\Remote'
[2026-03-13 17:08:19] [DEBUG] Poll #10 active window: 'GOLD PRD - \\Remote'
[2026-03-13 17:08:20] [DEBUG] Poll #15 active window: 'GOLD PRD - \\Remote'
[2026-03-13 17:08:21] [DEBUG] Poll #20 active window: 'GOLD PRD - \\Remote'
[2026-03-13 17:08:22] [DEBUG] Poll #25 active window: 'GOLD PRD - \\Remote'
[2026-03-13 17:08:23] [DEBUG] Poll #30 active window: 'GOLD PRD - \\Remote'
[2026-03-13 17:08:24] [DEBUG] Poll #35 active window: 'GOLD PRD - \\Remote'
[2026-03-13 17:08:25] [DEBUG] Poll #40 active window: 'GOLD PRD - \\Remote'
[2026-03-13 17:08:25] [DEBUG] Waiting for color CCCCCC to disappear at (623,653)
[2026-03-13 17:08:25] [DEBUG] Color changed from CCCCCC to E2E8FB — loading complete
[2026-03-13 17:08:33] [DEBUG] No valid items found in clipboard for family group: F0686
[2026-03-13 17:08:33] [DEBUG] Family group F0686: 0 items added to CSV
[2026-03-13 17:08:34] [DEBUG] Clicked and typed at (712,135): F0687
[2026-03-13 17:08:37] [DEBUG] IsGoldWindowActive: matched active title 'G.O.L.D. - LOCAL SALES PRICE SIMPLIFIED INPUT - Fri Mar 13 17:08:38 GMT 2026 - \\Remote'
[2026-03-13 17:08:41] [DEBUG] Family group not found — skipping F0687
[2026-03-13 17:08:42] [DEBUG] Clicked and typed at (712,135): F0693
[2026-03-13 17:08:44] [DEBUG] IsGoldWindowActive: matched active title 'G.O.L.D. - LOCAL SALES PRICE SIMPLIFIED INPUT - Fri Mar 13 17:08:45 GMT 2026 - \\Remote'
[2026-03-13 17:08:48] [DEBUG] Family group not found — skipping F0693
[2026-03-13 17:08:49] [DEBUG] Clicked and typed at (712,135): F0694
[2026-03-13 17:08:52] [DEBUG] Poll #5 active window: 'GOLD PRD - \\Remote'
[2026-03-13 17:08:53] [DEBUG] Poll #10 active window: 'GOLD PRD - \\Remote'
[2026-03-13 17:08:54] [DEBUG] Poll #15 active window: 'GOLD PRD - \\Remote'
[2026-03-13 17:08:55] [DEBUG] Poll #20 active window: 'GOLD PRD - \\Remote'
[2026-03-13 17:08:56] [DEBUG] Poll #25 active window: 'GOLD PRD - \\Remote'
[2026-03-13 17:08:57] [DEBUG] Poll #30 active window: 'GOLD PRD - \\Remote'
[2026-03-13 17:08:58] [DEBUG] Poll #35 active window: 'GOLD PRD - \\Remote'
[2026-03-13 17:08:59] [DEBUG] Poll #40 active window: 'GOLD PRD - \\Remote'
[2026-03-13 17:08:59] [DEBUG] Waiting for color CCCCCC to disappear at (623,653)
[2026-03-13 17:08:59] [DEBUG] Color changed from CCCCCC to E2E8FB — loading complete
[2026-03-13 17:09:07] [DEBUG] Added 4 items to CSV for: D0025 - GROCERY - EDIBLE > S0020 - FOODS OF THE WORLD > C0127 - INDIAN AMBIENT FOODS > F0694
[2026-03-13 17:09:07] [DEBUG] Family group F0694: 4 items added to CSV
[2026-03-13 17:09:08] [DEBUG] Clicked and typed at (712,135): F0696
[2026-03-13 17:09:11] [DEBUG] Poll #5 active window: 'GOLD PRD - \\Remote'
[2026-03-13 17:09:12] [DEBUG] Poll #10 active window: 'GOLD PRD - \\Remote'
[2026-03-13 17:09:14] [DEBUG] Poll #15 active window: 'GOLD PRD - \\Remote'
[2026-03-13 17:09:15] [DEBUG] Poll #20 active window: 'GOLD PRD - \\Remote'
[2026-03-13 17:09:16] [DEBUG] Poll #25 active window: 'GOLD PRD - \\Remote'
[2026-03-13 17:09:17] [DEBUG] Poll #30 active window: 'GOLD PRD - \\Remote'
[2026-03-13 17:09:18] [DEBUG] Poll #35 active window: 'GOLD PRD - \\Remote'
[2026-03-13 17:09:19] [DEBUG] Poll #40 active window: 'GOLD PRD - \\Remote'
[2026-03-13 17:09:19] [DEBUG] Waiting for color CCCCCC to disappear at (623,653)
[2026-03-13 17:09:26] [DEBUG] Color changed from CCCCCC to FFFFFF — loading complete
[2026-03-13 17:09:34] [DEBUG] Added 30 items to CSV for: D0025 - GROCERY - EDIBLE > S0020 - FOODS OF THE WORLD > C0127 - INDIAN AMBIENT FOODS > F0696
[2026-03-13 17:09:34] [DEBUG] Family group F0696: 30 items added to CSV
[2026-03-13 17:09:35] [DEBUG] Clicked and typed at (712,135): F0697
[2026-03-13 17:09:38] [DEBUG] Poll #5 active window: 'GOLD PRD - \\Remote'
[2026-03-13 17:09:39] [DEBUG] Poll #10 active window: 'GOLD PRD - \\Remote'
[2026-03-13 17:09:40] [DEBUG] Poll #15 active window: 'GOLD PRD - \\Remote'
[2026-03-13 17:09:41] [DEBUG] Poll #20 active window: 'GOLD PRD - \\Remote'
[2026-03-13 17:09:42] [DEBUG] Poll #25 active window: 'GOLD PRD - \\Remote'
[2026-03-13 17:09:43] [DEBUG] Poll #30 active window: 'GOLD PRD - \\Remote'
[2026-03-13 17:09:44] [DEBUG] Poll #35 active window: 'GOLD PRD - \\Remote'
[2026-03-13 17:09:45] [DEBUG] Poll #40 active window: 'GOLD PRD - \\Remote'
[2026-03-13 17:09:45] [DEBUG] Waiting for color CCCCCC to disappear at (623,653)
[2026-03-13 17:09:46] [DEBUG] Color changed from CCCCCC to E2E8FB — loading complete
[2026-03-13 17:09:53] [DEBUG] No valid items found in clipboard for family group: F0697
[2026-03-13 17:09:53] [DEBUG] Family group F0697: 0 items added to CSV
[2026-03-13 17:09:55] [DEBUG] Clicked and typed at (712,135): F0698
[2026-03-13 17:09:58] [DEBUG] Poll #5 active window: 'GOLD PRD - \\Remote'
[2026-03-13 17:09:59] [DEBUG] Poll #10 active window: 'GOLD PRD - \\Remote'
[2026-03-13 17:10:00] [DEBUG] Poll #15 active window: 'GOLD PRD - \\Remote'
[2026-03-13 17:10:01] [DEBUG] Poll #20 active window: 'GOLD PRD - \\Remote'
[2026-03-13 17:10:02] [DEBUG] Poll #25 active window: 'GOLD PRD - \\Remote'
[2026-03-13 17:10:03] [DEBUG] Poll #30 active window: 'GOLD PRD - \\Remote'
[2026-03-13 17:10:04] [DEBUG] Poll #35 active window: 'GOLD PRD - \\Remote'
[2026-03-13 17:10:05] [DEBUG] Poll #40 active window: 'GOLD PRD - \\Remote'
[2026-03-13 17:10:05] [DEBUG] Waiting for color CCCCCC to disappear at (623,653)
[2026-03-13 17:10:05] [DEBUG] Color changed from CCCCCC to E2E8FB — loading complete
[2026-03-13 17:10:12] [DEBUG] Added 1 items to CSV for: D0025 - GROCERY - EDIBLE > S0020 - FOODS OF THE WORLD > C0127 - INDIAN AMBIENT FOODS > F0698
[2026-03-13 17:10:12] [DEBUG] Family group F0698: 1 items added to CSV
[2026-03-13 17:10:14] [DEBUG] Clicked and typed at (712,135): F0699
[2026-03-13 17:10:17] [DEBUG] Poll #5 active window: 'GOLD PRD - \\Remote'
[2026-03-13 17:10:18] [DEBUG] Poll #10 active window: 'GOLD PRD - \\Remote'
[2026-03-13 17:10:19] [DEBUG] Poll #15 active window: 'GOLD PRD - \\Remote'
[2026-03-13 17:10:20] [DEBUG] Poll #20 active window: 'GOLD PRD - \\Remote'
[2026-03-13 17:10:21] [DEBUG] Poll #25 active window: 'GOLD PRD - \\Remote'
[2026-03-13 17:10:22] [DEBUG] Poll #30 active window: 'GOLD PRD - \\Remote'
[2026-03-13 17:10:23] [DEBUG] Poll #35 active window: 'GOLD PRD - \\Remote'
[2026-03-13 17:10:24] [DEBUG] Poll #40 active window: 'GOLD PRD - \\Remote'
[2026-03-13 17:10:24] [DEBUG] Waiting for color CCCCCC to disappear at (623,653)
[2026-03-13 17:11:02] [DEBUG] Color changed from CCCCCC to E2E8FB — loading complete
[2026-03-13 17:11:09] [DEBUG] Added 6 items to CSV for: D0025 - GROCERY - EDIBLE > S0020 - FOODS OF THE WORLD > C0127 - INDIAN AMBIENT FOODS > F0699
[2026-03-13 17:11:09] [DEBUG] Family group F0699: 6 items added to CSV
[2026-03-13 17:11:11] [DEBUG] Clicked and typed at (712,135): F0700
[2026-03-13 17:11:14] [DEBUG] Poll #5 active window: 'GOLD PRD - \\Remote'
[2026-03-13 17:11:15] [DEBUG] Poll #10 active window: 'GOLD PRD - \\Remote'
[2026-03-13 17:11:16] [DEBUG] Poll #15 active window: 'GOLD PRD - \\Remote'
[2026-03-13 17:11:17] [DEBUG] Poll #20 active window: 'GOLD PRD - \\Remote'
[2026-03-13 17:11:18] [DEBUG] Poll #25 active window: 'GOLD PRD - \\Remote'
[2026-03-13 17:11:19] [DEBUG] Poll #30 active window: 'GOLD PRD - \\Remote'
[2026-03-13 17:11:20] [DEBUG] Poll #35 active window: 'GOLD PRD - \\Remote'
[2026-03-13 17:11:21] [DEBUG] Poll #40 active window: 'GOLD PRD - \\Remote'
[2026-03-13 17:11:21] [DEBUG] Waiting for color CCCCCC to disappear at (623,653)
[2026-03-13 17:11:21] [DEBUG] Color changed from CCCCCC to E2E8FB — loading complete
[2026-03-13 17:11:29] [DEBUG] Added 5 items to CSV for: D0025 - GROCERY - EDIBLE > S0020 - FOODS OF THE WORLD > C0127 - INDIAN AMBIENT FOODS > F0700
[2026-03-13 17:11:29] [DEBUG] Family group F0700: 5 items added to CSV
[2026-03-13 17:11:30] [DEBUG] Clicked and typed at (712,135): F0701
[2026-03-13 17:11:33] [DEBUG] Poll #5 active window: 'GOLD PRD - \\Remote'
[2026-03-13 17:11:34] [DEBUG] Poll #10 active window: 'GOLD PRD - \\Remote'
[2026-03-13 17:11:35] [DEBUG] Poll #15 active window: 'GOLD PRD - \\Remote'
[2026-03-13 17:11:36] [DEBUG] Poll #20 active window: 'GOLD PRD - \\Remote'
[2026-03-13 17:11:38] [DEBUG] Poll #25 active window: 'GOLD PRD - \\Remote'
[2026-03-13 17:11:39] [DEBUG] Poll #30 active window: 'GOLD PRD - \\Remote'
[2026-03-13 17:11:40] [DEBUG] Poll #35 active window: 'GOLD PRD - \\Remote'
[2026-03-13 17:11:41] [DEBUG] Poll #40 active window: 'GOLD PRD - \\Remote'
[2026-03-13 17:11:41] [DEBUG] Waiting for color CCCCCC to disappear at (623,653)
[2026-03-13 17:11:41] [DEBUG] Color changed from CCCCCC to E2E8FB — loading complete
[2026-03-13 17:11:48] [DEBUG] Added 3 items to CSV for: D0025 - GROCERY - EDIBLE > S0020 - FOODS OF THE WORLD > C0127 - INDIAN AMBIENT FOODS > F0701
[2026-03-13 17:11:48] [DEBUG] Family group F0701: 3 items added to CSV
[2026-03-13 17:11:50] [DEBUG] Clicked and typed at (712,135): F0702
[2026-03-13 17:11:53] [DEBUG] Poll #5 active window: 'GOLD PRD - \\Remote'
[2026-03-13 17:11:54] [DEBUG] Poll #10 active window: 'GOLD PRD - \\Remote'
[2026-03-13 17:11:55] [DEBUG] Poll #15 active window: 'GOLD PRD - \\Remote'
[2026-03-13 17:11:56] [DEBUG] Poll #20 active window: 'GOLD PRD - \\Remote'
[2026-03-13 17:11:57] [DEBUG] Poll #25 active window: 'GOLD PRD - \\Remote'
[2026-03-13 17:11:58] [DEBUG] Poll #30 active window: 'GOLD PRD - \\Remote'
[2026-03-13 17:11:59] [DEBUG] Poll #35 active window: 'GOLD PRD - \\Remote'
[2026-03-13 17:12:00] [DEBUG] Poll #40 active window: 'GOLD PRD - \\Remote'
[2026-03-13 17:12:00] [DEBUG] Waiting for color CCCCCC to disappear at (623,653)
[2026-03-13 17:12:00] [DEBUG] Color changed from CCCCCC to E2E8FB — loading complete
[2026-03-13 17:12:07] [DEBUG] Added 4 items to CSV for: D0025 - GROCERY - EDIBLE > S0020 - FOODS OF THE WORLD > C0127 - INDIAN AMBIENT FOODS > F0702
[2026-03-13 17:12:07] [DEBUG] Family group F0702: 4 items added to CSV
[2026-03-13 17:12:09] [DEBUG] Clicked and typed at (712,135): F0715
[2026-03-13 17:12:12] [DEBUG] Poll #5 active window: 'GOLD PRD - \\Remote'
[2026-03-13 17:12:13] [DEBUG] Poll #10 active window: 'GOLD PRD - \\Remote'
[2026-03-13 17:12:14] [DEBUG] Poll #15 active window: 'GOLD PRD - \\Remote'
[2026-03-13 17:12:15] [DEBUG] Poll #20 active window: 'GOLD PRD - \\Remote'
[2026-03-13 17:12:16] [DEBUG] Poll #25 active window: 'GOLD PRD - \\Remote'
[2026-03-13 17:12:17] [DEBUG] Poll #30 active window: 'GOLD PRD - \\Remote'
[2026-03-13 17:12:18] [DEBUG] Poll #35 active window: 'GOLD PRD - \\Remote'
[2026-03-13 17:12:19] [DEBUG] Poll #40 active window: 'GOLD PRD - \\Remote'
[2026-03-13 17:12:19] [DEBUG] Waiting for color CCCCCC to disappear at (623,653)
[2026-03-13 17:12:19] [DEBUG] Color changed from CCCCCC to E2E8FB — loading complete
[2026-03-13 17:12:26] [DEBUG] Added 8 items to CSV for: D0025 - GROCERY - EDIBLE > S0020 - FOODS OF THE WORLD > C0129 - JAPANESE AMBIENT FOODS > F0715
[2026-03-13 17:12:26] [DEBUG] Family group F0715: 8 items added to CSV
[2026-03-13 17:12:28] [DEBUG] Clicked and typed at (712,135): F0717
[2026-03-13 17:12:31] [DEBUG] Poll #5 active window: 'GOLD PRD - \\Remote'
[2026-03-13 17:12:32] [DEBUG] Poll #10 active window: 'GOLD PRD - \\Remote'
[2026-03-13 17:12:33] [DEBUG] Poll #15 active window: 'GOLD PRD - \\Remote'
[2026-03-13 17:12:34] [DEBUG] Poll #20 active window: 'GOLD PRD - \\Remote'
[2026-03-13 17:12:35] [DEBUG] Poll #25 active window: 'GOLD PRD - \\Remote'
[2026-03-13 17:12:36] [DEBUG] Poll #30 active window: 'GOLD PRD - \\Remote'
[2026-03-13 17:12:37] [DEBUG] Poll #35 active window: 'GOLD PRD - \\Remote'
[2026-03-13 17:12:38] [DEBUG] Poll #40 active window: 'GOLD PRD - \\Remote'
[2026-03-13 17:12:38] [DEBUG] Waiting for color CCCCCC to disappear at (623,653)
[2026-03-13 17:12:39] [DEBUG] Color changed from CCCCCC to E2E8FB — loading complete
[2026-03-13 17:12:46] [DEBUG] Added 5 items to CSV for: D0025 - GROCERY - EDIBLE > S0020 - FOODS OF THE WORLD > C0129 - JAPANESE AMBIENT FOODS > F0717
[2026-03-13 17:12:46] [DEBUG] Family group F0717: 5 items added to CSV
[2026-03-13 17:12:48] [DEBUG] Clicked and typed at (712,135): F0723
[2026-03-13 17:12:51] [DEBUG] Poll #5 active window: 'GOLD PRD - \\Remote'
[2026-03-13 17:12:52] [DEBUG] Poll #10 active window: 'GOLD PRD - \\Remote'
[2026-03-13 17:12:53] [DEBUG] Poll #15 active window: 'GOLD PRD - \\Remote'
[2026-03-13 17:12:54] [DEBUG] Poll #20 active window: 'GOLD PRD - \\Remote'
[2026-03-13 17:12:55] [DEBUG] Poll #25 active window: 'GOLD PRD - \\Remote'
[2026-03-13 17:12:56] [DEBUG] Poll #30 active window: 'GOLD PRD - \\Remote'
[2026-03-13 17:12:57] [DEBUG] Poll #35 active window: 'GOLD PRD - \\Remote'
[2026-03-13 17:12:58] [DEBUG] Poll #40 active window: 'GOLD PRD - \\Remote'
[2026-03-13 17:12:58] [DEBUG] Waiting for color CCCCCC to disappear at (623,653)
[2026-03-13 17:13:20] [DEBUG] Color changed from CCCCCC to FFFFFF — loading complete
[2026-03-13 17:13:22] [DEBUG] EnsureGoldFocus: wrong window 'G.O.L.D. - LOCAL SALES PRICE SIMPLIFIED INPUT - Fri Mar 13 17:13:21 GMT 2026 - \\Remote', re-activating (1/3)
[2026-03-13 17:13:24] [DEBUG] EnsureGoldFocus: recovered on attempt #2
[2026-03-13 17:13:24] [DEBUG] Focus recovered before copy — waiting 3 s then restarting F0723 (attempt 1/3)
[2026-03-13 17:13:27] [DEBUG] Clicked and typed at (712,135): F0723
[2026-03-13 17:13:30] [DEBUG] IsGoldWindowActive: matched via WinExist
[2026-03-13 17:13:34] [DEBUG] Family group not found — skipping F0723
[2026-03-13 17:13:34] [DEBUG] Clicked and typed at (712,135): F0726
[2026-03-13 17:13:37] [DEBUG] IsGoldWindowActive: matched via WinExist
[2026-03-13 17:13:41] [DEBUG] Family group not found — skipping F0726
[2026-03-13 17:13:41] [DEBUG] Clicked and typed at (712,135): F0731
[2026-03-13 17:13:44] [DEBUG] IsGoldWindowActive: matched via WinExist
[2026-03-13 17:13:48] [DEBUG] Family group not found — skipping F0731
[2026-03-13 17:13:48] [DEBUG] Clicked and typed at (712,135): F0734
[2026-03-13 17:13:51] [DEBUG] IsGoldWindowActive: matched via WinExist
[2026-03-13 17:13:55] [DEBUG] Family group not found — skipping F0734
[2026-03-13 17:13:55] [DEBUG] Clicked and typed at (712,135): F0735
[2026-03-13 17:13:58] [DEBUG] IsGoldWindowActive: matched via WinExist
[2026-03-13 17:14:02] [DEBUG] Family group not found — skipping F0735
[2026-03-13 17:14:02] [DEBUG] Clicked and typed at (712,135): F0736
[2026-03-13 17:14:04] [DEBUG] IsGoldWindowActive: matched via WinExist
[2026-03-13 17:14:08] [DEBUG] Family group not found — skipping F0736
[2026-03-13 17:14:09] [DEBUG] Clicked and typed at (712,135): F0737
[2026-03-13 17:14:11] [DEBUG] IsGoldWindowActive: matched via WinExist
[2026-03-13 17:14:15] [DEBUG] Family group not found — skipping F0737
[2026-03-13 17:14:16] [DEBUG] Clicked and typed at (712,135): F0739
[2026-03-13 17:14:18] [DEBUG] IsGoldWindowActive: matched via WinExist
[2026-03-13 17:14:22] [DEBUG] Family group not found — skipping F0739
[2026-03-13 17:14:23] [DEBUG] Clicked and typed at (712,135): F0741
[2026-03-13 17:14:25] [DEBUG] IsGoldWindowActive: matched via WinExist
[2026-03-13 17:14:29] [DEBUG] Family group not found — skipping F0741
[2026-03-13 17:14:30] [DEBUG] Clicked and typed at (712,135): F0742
[2026-03-13 17:14:32] [DEBUG] IsGoldWindowActive: matched via WinExist
[2026-03-13 17:14:36] [DEBUG] Family group not found — skipping F0742
[2026-03-13 17:14:37] [DEBUG] Clicked and typed at (712,135): F0743
[2026-03-13 17:14:39] [DEBUG] IsGoldWindowActive: matched via WinExist
[2026-03-13 17:14:43] [DEBUG] Family group not found — skipping F0743
[2026-03-13 17:14:44] [DEBUG] Clicked and typed at (712,135): F0744
[2026-03-13 17:14:46] [DEBUG] IsGoldWindowActive: matched via WinExist
[2026-03-13 17:14:50] [DEBUG] Family group not found — skipping F0744
[2026-03-13 17:14:51] [DEBUG] Clicked and typed at (712,135): F0745
[2026-03-13 17:14:53] [DEBUG] IsGoldWindowActive: matched via WinExist
[2026-03-13 17:14:57] [DEBUG] Family group not found — skipping F0745
[2026-03-13 17:14:58] [DEBUG] Clicked and typed at (712,135): F0748
[2026-03-13 17:15:00] [DEBUG] IsGoldWindowActive: matched via WinExist
[2026-03-13 17:15:04] [DEBUG] Family group not found — skipping F0748
[2026-03-13 17:15:05] [DEBUG] Clicked and typed at (712,135): F0750
[2026-03-13 17:15:07] [DEBUG] IsGoldWindowActive: matched via WinExist
[2026-03-13 17:15:11] [DEBUG] Family group not found — skipping F0750
[2026-03-13 17:15:12] [DEBUG] Clicked and typed at (712,135): F0751
[2026-03-13 17:15:14] [DEBUG] IsGoldWindowActive: matched via WinExist
[2026-03-13 17:15:18] [DEBUG] Family group not found — skipping F0751
[2026-03-13 17:15:19] [DEBUG] Clicked and typed at (712,135): F0752
[2026-03-13 17:15:21] [DEBUG] IsGoldWindowActive: matched via WinExist
[2026-03-13 17:15:25] [DEBUG] Family group not found — skipping F0752
[2026-03-13 17:15:26] [DEBUG] Clicked and typed at (712,135): F0753
[2026-03-13 17:15:28] [DEBUG] IsGoldWindowActive: matched via WinExist
[2026-03-13 17:15:32] [DEBUG] Family group not found — skipping F0753
[2026-03-13 17:15:33] [DEBUG] Clicked and typed at (712,135): F0757
[2026-03-13 17:15:35] [DEBUG] IsGoldWindowActive: matched via WinExist
[2026-03-13 17:15:39] [DEBUG] Family group not found — skipping F0757
[2026-03-13 17:15:40] [DEBUG] Clicked and typed at (712,135): F4178
[2026-03-13 17:15:42] [DEBUG] IsGoldWindowActive: matched via WinExist
[2026-03-13 17:15:46] [DEBUG] Family group not found — skipping F4178
[2026-03-13 17:15:46] [DEBUG] Clicked and typed at (712,135): F4181
[2026-03-13 17:15:49] [DEBUG] IsGoldWindowActive: matched via WinExist
[2026-03-13 17:15:53] [DEBUG] Family group not found — skipping F4181
[2026-03-13 17:15:53] [DEBUG] Clicked and typed at (712,135): F4183
[2026-03-13 17:15:56] [DEBUG] IsGoldWindowActive: matched via WinExist
[2026-03-13 17:16:00] [DEBUG] Family group not found — skipping F4183
[2026-03-13 17:16:00] [DEBUG] Clicked and typed at (712,135): F4184
[2026-03-13 17:16:03] [DEBUG] IsGoldWindowActive: matched via WinExist
[2026-03-13 17:16:07] [DEBUG] Family group not found — skipping F4184
[2026-03-13 17:16:07] [DEBUG] Clicked and typed at (712,135): F4185
[2026-03-13 17:16:10] [DEBUG] IsGoldWindowActive: matched via WinExist
[2026-03-13 17:16:14] [DEBUG] Family group not found — skipping F4185
[2026-03-13 17:16:14] [DEBUG] Clicked and typed at (712,135): F4186
[2026-03-13 17:16:16] [DEBUG] IsGoldWindowActive: matched via WinExist
[2026-03-13 17:16:20] [DEBUG] Family group not found — skipping F4186
[2026-03-13 17:16:21] [DEBUG] Clicked and typed at (712,135): F4188
[2026-03-13 17:16:23] [DEBUG] IsGoldWindowActive: matched via WinExist
[2026-03-13 17:16:27] [DEBUG] Family group not found — skipping F4188
[2026-03-13 17:16:28] [DEBUG] Clicked and typed at (712,135): F4189
[2026-03-13 17:16:30] [DEBUG] IsGoldWindowActive: matched via WinExist
[2026-03-13 17:16:34] [DEBUG] Family group not found — skipping F4189
[2026-03-13 17:16:35] [DEBUG] Clicked and typed at (712,135): F4190
[2026-03-13 17:16:37] [DEBUG] IsGoldWindowActive: matched via WinExist
[2026-03-13 17:16:41] [DEBUG] Family group not found — skipping F4190
[2026-03-13 17:16:42] [DEBUG] Clicked and typed at (712,135): F4191
[2026-03-13 17:16:44] [DEBUG] IsGoldWindowActive: matched via WinExist
[2026-03-13 17:16:48] [DEBUG] Family group not found — skipping F4191
[2026-03-13 17:16:49] [DEBUG] Clicked and typed at (712,135): F4192
[2026-03-13 17:16:51] [DEBUG] IsGoldWindowActive: matched via WinExist
[2026-03-13 17:16:55] [DEBUG] Family group not found — skipping F4192
[2026-03-13 17:16:56] [DEBUG] Clicked and typed at (712,135): F4193
[2026-03-13 17:16:58] [DEBUG] IsGoldWindowActive: matched via WinExist
[2026-03-13 17:17:02] [DEBUG] Family group not found — skipping F4193
[2026-03-13 17:17:03] [DEBUG] Clicked and typed at (712,135): F0761
[2026-03-13 17:17:05] [DEBUG] IsGoldWindowActive: matched via WinExist
[2026-03-13 17:17:09] [DEBUG] Family group not found — skipping F0761
[2026-03-13 17:17:10] [DEBUG] Clicked and typed at (712,135): F0763
[2026-03-13 17:17:12] [DEBUG] IsGoldWindowActive: matched via WinExist
[2026-03-13 17:17:16] [DEBUG] Family group not found — skipping F0763
[2026-03-13 17:17:17] [DEBUG] Clicked and typed at (712,135): F0764
[2026-03-13 17:17:19] [DEBUG] IsGoldWindowActive: matched via WinExist
[2026-03-13 17:17:23] [DEBUG] Family group not found — skipping F0764
[2026-03-13 17:17:24] [DEBUG] Clicked and typed at (712,135): F0765
[2026-03-13 17:17:26] [DEBUG] IsGoldWindowActive: matched via WinExist
[2026-03-13 17:17:30] [DEBUG] Family group not found — skipping F0765
[2026-03-13 17:17:31] [DEBUG] Clicked and typed at (712,135): F0766
[2026-03-13 17:17:33] [DEBUG] IsGoldWindowActive: matched via WinExist
[2026-03-13 17:17:37] [DEBUG] Family group not found — skipping F0766
[2026-03-13 17:17:38] [DEBUG] Clicked and typed at (712,135): F5395
[2026-03-13 17:17:40] [DEBUG] IsGoldWindowActive: matched via WinExist
[2026-03-13 17:17:44] [DEBUG] Family group not found — skipping F5395
[2026-03-13 17:17:45] [DEBUG] Clicked and typed at (712,135): F0768
[2026-03-13 17:17:47] [DEBUG] IsGoldWindowActive: matched via WinExist
[2026-03-13 17:17:51] [DEBUG] Family group not found — skipping F0768
[2026-03-13 17:17:52] [DEBUG] Clicked and typed at (712,135): F0769
[2026-03-13 17:17:54] [DEBUG] IsGoldWindowActive: matched via WinExist
[2026-03-13 17:17:58] [DEBUG] Family group not found — skipping F0769
[2026-03-13 17:17:59] [DEBUG] Clicked and typed at (712,135): F0770
[2026-03-13 17:18:01] [DEBUG] IsGoldWindowActive: matched via WinExist
[2026-03-13 17:18:05] [DEBUG] Family group not found — skipping F0770
[2026-03-13 17:18:05] [DEBUG] Clicked and typed at (712,135): F0771
[2026-03-13 17:18:08] [DEBUG] IsGoldWindowActive: matched via WinExist
[2026-03-13 17:18:12] [DEBUG] Family group not found — skipping F0771
[2026-03-13 17:18:12] [DEBUG] Clicked and typed at (712,135): F0772
[2026-03-13 17:18:15] [DEBUG] IsGoldWindowActive: matched via WinExist
[2026-03-13 17:18:19] [DEBUG] Family group not found — skipping F0772
[2026-03-13 17:18:19] [DEBUG] Clicked and typed at (712,135): F0776
[2026-03-13 17:18:22] [DEBUG] IsGoldWindowActive: matched via WinExist
[2026-03-13 17:18:26] [DEBUG] Family group not found — skipping F0776
[2026-03-13 17:18:26] [DEBUG] Clicked and typed at (712,135): F0778
[2026-03-13 17:18:29] [DEBUG] IsGoldWindowActive: matched via WinExist
[2026-03-13 17:18:33] [DEBUG] Family group not found — skipping F0778
[2026-03-13 17:18:33] [DEBUG] Clicked and typed at (712,135): F0779
[2026-03-13 17:18:35] [DEBUG] IsGoldWindowActive: matched via WinExist
[2026-03-13 17:18:40] [DEBUG] Family group not found — skipping F0779
[2026-03-13 17:18:40] [DEBUG] Clicked and typed at (712,135): F0786
[2026-03-13 17:18:42] [DEBUG] IsGoldWindowActive: matched via WinExist
[2026-03-13 17:18:46] [DEBUG] Family group not found — skipping F0786
[2026-03-13 17:18:47] [DEBUG] Clicked and typed at (712,135): F0787
[2026-03-13 17:18:49] [DEBUG] IsGoldWindowActive: matched via WinExist
[2026-03-13 17:18:53] [DEBUG] Family group not found — skipping F0787
[2026-03-13 17:18:54] [DEBUG] Clicked and typed at (712,135): F0788
[2026-03-13 17:18:56] [DEBUG] IsGoldWindowActive: matched via WinExist
[2026-03-13 17:19:00] [DEBUG] Family group not found — skipping F0788
[2026-03-13 17:19:01] [DEBUG] Clicked and typed at (712,135): F0789
[2026-03-13 17:19:03] [DEBUG] IsGoldWindowActive: matched via WinExist
[2026-03-13 17:19:07] [DEBUG] Family group not found — skipping F0789
[2026-03-13 17:19:08] [DEBUG] Clicked and typed at (712,135): F0790
[2026-03-13 17:19:10] [DEBUG] IsGoldWindowActive: matched via WinExist
[2026-03-13 17:19:14] [DEBUG] Family group not found — skipping F0790
[2026-03-13 17:19:15] [DEBUG] Clicked and typed at (712,135): F0791
[2026-03-13 17:19:17] [DEBUG] IsGoldWindowActive: matched via WinExist
[2026-03-13 17:19:21] [DEBUG] Family group not found — skipping F0791
[2026-03-13 17:19:22] [DEBUG] Clicked and typed at (712,135): F4168
[2026-03-13 17:19:24] [DEBUG] IsGoldWindowActive: matched via WinExist
[2026-03-13 17:19:28] [DEBUG] Family group not found — skipping F4168
[2026-03-13 17:19:29] [DEBUG] Clicked and typed at (712,135): F4170
[2026-03-13 17:19:31] [DEBUG] IsGoldWindowActive: matched via WinExist
[2026-03-13 17:19:35] [DEBUG] Family group not found — skipping F4170
[2026-03-13 17:19:36] [DEBUG] Clicked and typed at (712,135): F4171
[2026-03-13 17:19:38] [DEBUG] IsGoldWindowActive: matched via WinExist
[2026-03-13 17:19:42] [DEBUG] Family group not found — skipping F4171
[2026-03-13 17:19:43] [DEBUG] Clicked and typed at (712,135): F4173
[2026-03-13 17:19:45] [DEBUG] IsGoldWindowActive: matched via WinExist
[2026-03-13 17:19:49] [DEBUG] Family group not found — skipping F4173
[2026-03-13 17:19:50] [DEBUG] Clicked and typed at (712,135): F4174
[2026-03-13 17:19:52] [DEBUG] IsGoldWindowActive: matched via WinExist
[2026-03-13 17:19:56] [DEBUG] Family group not found — skipping F4174
[2026-03-13 17:19:57] [DEBUG] Clicked and typed at (712,135): F4175
[2026-03-13 17:19:59] [DEBUG] IsGoldWindowActive: matched via WinExist
[2026-03-13 17:20:03] [DEBUG] Family group not found — skipping F4175
[2026-03-13 17:20:04] [DEBUG] Clicked and typed at (712,135): F4176
[2026-03-13 17:20:06] [DEBUG] IsGoldWindowActive: matched via WinExist
[2026-03-13 17:20:10] [DEBUG] Family group not found — skipping F4176
[2026-03-13 17:20:11] [DEBUG] Clicked and typed at (712,135): F4177
[2026-03-13 17:20:13] [DEBUG] IsGoldWindowActive: matched via WinExist
[2026-03-13 17:20:17] [DEBUG] Family group not found — skipping F4177
[2026-03-13 17:20:18] [DEBUG] Clicked and typed at (712,135): F4259
[2026-03-13 17:20:20] [DEBUG] IsGoldWindowActive: matched via WinExist
[2026-03-13 17:20:24] [DEBUG] Family group not found — skipping F4259
[2026-03-13 17:20:24] [DEBUG] Clicked and typed at (712,135): F0792
[2026-03-13 17:20:27] [DEBUG] IsGoldWindowActive: matched via WinExist
[2026-03-13 17:20:31] [DEBUG] Family group not found — skipping F0792
[2026-03-13 17:20:31] [DEBUG] Clicked and typed at (712,135): F0793
[2026-03-13 17:20:34] [DEBUG] IsGoldWindowActive: matched via WinExist
[2026-03-13 17:20:38] [DEBUG] Family group not found — skipping F0793
[2026-03-13 17:20:38] [DEBUG] Clicked and typed at (712,135): F0794
[2026-03-13 17:20:41] [DEBUG] IsGoldWindowActive: matched via WinExist
[2026-03-13 17:20:45] [DEBUG] Family group not found — skipping F0794
[2026-03-13 17:20:45] [DEBUG] Clicked and typed at (712,135): F0795
[2026-03-13 17:20:48] [DEBUG] IsGoldWindowActive: matched via WinExist
[2026-03-13 17:20:52] [DEBUG] Family group not found — skipping F0795
[2026-03-13 17:20:52] [DEBUG] Clicked and typed at (712,135): F0798
[2026-03-13 17:20:55] [DEBUG] IsGoldWindowActive: matched via WinExist
[2026-03-13 17:20:59] [DEBUG] Family group not found — skipping F0798
[2026-03-13 17:20:59] [DEBUG] Clicked and typed at (712,135): F0799
[2026-03-13 17:21:01] [DEBUG] IsGoldWindowActive: matched via WinExist
[2026-03-13 17:21:05] [DEBUG] Family group not found — skipping F0799
[2026-03-13 17:21:06] [DEBUG] Clicked and typed at (712,135): F0800
[2026-03-13 17:21:08] [DEBUG] IsGoldWindowActive: matched via WinExist
[2026-03-13 17:21:12] [DEBUG] Family group not found — skipping F0800
[2026-03-13 17:21:13] [DEBUG] Clicked and typed at (712,135): F0801
[2026-03-13 17:21:15] [DEBUG] IsGoldWindowActive: matched via WinExist
[2026-03-13 17:21:19] [DEBUG] Family group not found — skipping F0801
[2026-03-13 17:21:20] [DEBUG] Clicked and typed at (712,135): F0802
[2026-03-13 17:21:22] [DEBUG] IsGoldWindowActive: matched via WinExist
[2026-03-13 17:21:26] [DEBUG] Family group not found — skipping F0802
[2026-03-13 17:21:27] [DEBUG] Clicked and typed at (712,135): F0805
[2026-03-13 17:21:29] [DEBUG] IsGoldWindowActive: matched via WinExist
[2026-03-13 17:21:33] [DEBUG] Family group not found — skipping F0805
[2026-03-13 17:21:34] [DEBUG] Clicked and typed at (712,135): F0806
[2026-03-13 17:21:36] [DEBUG] IsGoldWindowActive: matched via WinExist
[2026-03-13 17:21:40] [DEBUG] Family group not found — skipping F0806
[2026-03-13 17:21:41] [DEBUG] Clicked and typed at (712,135): F0807
[2026-03-13 17:21:43] [DEBUG] IsGoldWindowActive: matched via WinExist
[2026-03-13 17:21:47] [DEBUG] Family group not found — skipping F0807
[2026-03-13 17:21:48] [DEBUG] Clicked and typed at (712,135): F0808
[2026-03-13 17:21:50] [DEBUG] IsGoldWindowActive: matched via WinExist
[2026-03-13 17:21:54] [DEBUG] Family group not found — skipping F0808
[2026-03-13 17:21:55] [DEBUG] Clicked and typed at (712,135): F0809
[2026-03-13 17:21:57] [DEBUG] IsGoldWindowActive: matched via WinExist
[2026-03-13 17:22:01] [DEBUG] Family group not found — skipping F0809
[2026-03-13 17:22:02] [DEBUG] Clicked and typed at (712,135): F0810
[2026-03-13 17:22:04] [DEBUG] IsGoldWindowActive: matched via WinExist
[2026-03-13 17:22:08] [DEBUG] Family group not found — skipping F0810
[2026-03-13 17:22:09] [DEBUG] Clicked and typed at (712,135): F0811
[2026-03-13 17:22:11] [DEBUG] IsGoldWindowActive: matched via WinExist
[2026-03-13 17:22:15] [DEBUG] Family group not found — skipping F0811
[2026-03-13 17:22:16] [DEBUG] Clicked and typed at (712,135): F0812
[2026-03-13 17:22:18] [DEBUG] IsGoldWindowActive: matched via WinExist
[2026-03-13 17:22:22] [DEBUG] Family group not found — skipping F0812
[2026-03-13 17:22:23] [DEBUG] Clicked and typed at (712,135): F0813
[2026-03-13 17:22:25] [DEBUG] IsGoldWindowActive: matched via WinExist
[2026-03-13 17:22:29] [DEBUG] Family group not found — skipping F0813
[2026-03-13 17:22:30] [DEBUG] Clicked and typed at (712,135): F0814
[2026-03-13 17:22:32] [DEBUG] IsGoldWindowActive: matched via WinExist
[2026-03-13 17:22:36] [DEBUG] Family group not found — skipping F0814
[2026-03-13 17:22:37] [DEBUG] Clicked and typed at (712,135): F0815
[2026-03-13 17:22:39] [DEBUG] IsGoldWindowActive: matched via WinExist
[2026-03-13 17:22:43] [DEBUG] Family group not found — skipping F0815
[2026-03-13 17:22:44] [DEBUG] Clicked and typed at (712,135): F0816
[2026-03-13 17:22:46] [DEBUG] IsGoldWindowActive: matched via WinExist
[2026-03-13 17:22:50] [DEBUG] Family group not found — skipping F0816
[2026-03-13 17:22:51] [DEBUG] Clicked and typed at (712,135): F0817
[2026-03-13 17:22:53] [DEBUG] IsGoldWindowActive: matched via WinExist
[2026-03-13 17:22:57] [DEBUG] Family group not found — skipping F0817
[2026-03-13 17:22:57] [DEBUG] Clicked and typed at (712,135): F0818
[2026-03-13 17:23:00] [DEBUG] IsGoldWindowActive: matched via WinExist
[2026-03-13 17:23:04] [DEBUG] Family group not found — skipping F0818
[2026-03-13 17:23:04] [DEBUG] Clicked and typed at (712,135): F0819
[2026-03-13 17:23:07] [DEBUG] IsGoldWindowActive: matched via WinExist
[2026-03-13 17:23:11] [DEBUG] Family group not found — skipping F0819
[2026-03-13 17:23:11] [DEBUG] Clicked and typed at (712,135): F0822
[2026-03-13 17:23:14] [DEBUG] IsGoldWindowActive: matched via WinExist
[2026-03-13 17:23:18] [DEBUG] Family group not found — skipping F0822
[2026-03-13 17:23:18] [DEBUG] Clicked and typed at (712,135): F0841
[2026-03-13 17:23:21] [DEBUG] IsGoldWindowActive: matched via WinExist
[2026-03-13 17:23:24] [DEBUG] Family group not found — skipping F0841
[2026-03-13 17:23:25] [DEBUG] Clicked and typed at (712,135): F0842
[2026-03-13 17:23:27] [DEBUG] IsGoldWindowActive: matched via WinExist
[2026-03-13 17:23:31] [DEBUG] Family group not found — skipping F0842
[2026-03-13 17:23:32] [DEBUG] Clicked and typed at (712,135): F0845
[2026-03-13 17:23:34] [DEBUG] IsGoldWindowActive: matched via WinExist
[2026-03-13 17:23:38] [DEBUG] Family group not found — skipping F0845
[2026-03-13 17:23:39] [DEBUG] Clicked and typed at (712,135): F0846
[2026-03-13 17:23:41] [DEBUG] IsGoldWindowActive: matched via WinExist
[2026-03-13 17:23:45] [DEBUG] Family group not found — skipping F0846
[2026-03-13 17:23:46] [DEBUG] Clicked and typed at (712,135): F0853
[2026-03-13 17:23:48] [DEBUG] IsGoldWindowActive: matched via WinExist
[2026-03-13 17:23:52] [DEBUG] Family group not found — skipping F0853
[2026-03-13 17:23:53] [DEBUG] Clicked and typed at (712,135): F0856
[2026-03-13 17:23:55] [DEBUG] IsGoldWindowActive: matched via WinExist
[2026-03-13 17:23:59] [DEBUG] Family group not found — skipping F0856
[2026-03-13 17:24:00] [DEBUG] Clicked and typed at (712,135): F0859
[2026-03-13 17:24:02] [DEBUG] IsGoldWindowActive: matched via WinExist
[2026-03-13 17:24:06] [DEBUG] Family group not found — skipping F0859
[2026-03-13 17:24:07] [DEBUG] Clicked and typed at (712,135): F0860
[2026-03-13 17:24:09] [DEBUG] IsGoldWindowActive: matched via WinExist
[2026-03-13 17:24:13] [DEBUG] Family group not found — skipping F0860
[2026-03-13 17:24:14] [DEBUG] Clicked and typed at (712,135): F0867
[2026-03-13 17:24:16] [DEBUG] IsGoldWindowActive: matched via WinExist
[2026-03-13 17:24:20] [DEBUG] Family group not found — skipping F0867
[2026-03-13 17:24:21] [DEBUG] Clicked and typed at (712,135): F0868
[2026-03-13 17:24:23] [DEBUG] IsGoldWindowActive: matched via WinExist
[2026-03-13 17:24:27] [DEBUG] Family group not found — skipping F0868
[2026-03-13 17:24:28] [DEBUG] Clicked and typed at (712,135): F0869
[2026-03-13 17:24:30] [DEBUG] IsGoldWindowActive: matched via WinExist
[2026-03-13 17:24:34] [DEBUG] Family group not found — skipping F0869
[2026-03-13 17:24:35] [DEBUG] Clicked and typed at (712,135): F0870
[2026-03-13 17:24:37] [DEBUG] IsGoldWindowActive: matched via WinExist
[2026-03-13 17:24:41] [DEBUG] Family group not found — skipping F0870
[2026-03-13 17:24:42] [DEBUG] Clicked and typed at (712,135): F0871
[2026-03-13 17:24:44] [DEBUG] IsGoldWindowActive: matched via WinExist
[2026-03-13 17:24:48] [DEBUG] Family group not found — skipping F0871
[2026-03-13 17:24:49] [DEBUG] Clicked and typed at (712,135): F0872
[2026-03-13 17:24:51] [DEBUG] IsGoldWindowActive: matched via WinExist
[2026-03-13 17:24:55] [DEBUG] Family group not found — skipping F0872
[2026-03-13 17:24:56] [DEBUG] Clicked and typed at (712,135): F0873
[2026-03-13 17:24:58] [DEBUG] IsGoldWindowActive: matched via WinExist
[2026-03-13 17:25:02] [DEBUG] Family group not found — skipping F0873
[2026-03-13 17:25:02] [DEBUG] Clicked and typed at (712,135): F0874
[2026-03-13 17:25:05] [DEBUG] IsGoldWindowActive: matched via WinExist
[2026-03-13 17:25:09] [DEBUG] Family group not found — skipping F0874
[2026-03-13 17:25:09] [DEBUG] Clicked and typed at (712,135): F0876
[2026-03-13 17:25:12] [DEBUG] IsGoldWindowActive: matched via WinExist
[2026-03-13 17:25:16] [DEBUG] Family group not found — skipping F0876
[2026-03-13 17:25:16] [DEBUG] Clicked and typed at (712,135): F0877
[2026-03-13 17:25:19] [DEBUG] IsGoldWindowActive: matched via WinExist
[2026-03-13 17:25:23] [DEBUG] Family group not found — skipping F0877
[2026-03-13 17:25:23] [DEBUG] Clicked and typed at (712,135): F0880
[2026-03-13 17:25:26] [DEBUG] IsGoldWindowActive: matched via WinExist
[2026-03-13 17:25:30] [DEBUG] Family group not found — skipping F0880
[2026-03-13 17:25:30] [DEBUG] Clicked and typed at (712,135): F0881
[2026-03-13 17:25:33] [DEBUG] IsGoldWindowActive: matched via WinExist
[2026-03-13 17:25:36] [DEBUG] Family group not found — skipping F0881
[2026-03-13 17:25:37] [DEBUG] Clicked and typed at (712,135): F0882
[2026-03-13 17:25:39] [DEBUG] IsGoldWindowActive: matched via WinExist
[2026-03-13 17:25:43] [DEBUG] Family group not found — skipping F0882
[2026-03-13 17:25:44] [DEBUG] Clicked and typed at (712,135): F0883
[2026-03-13 17:25:46] [DEBUG] IsGoldWindowActive: matched via WinExist
[2026-03-13 17:25:50] [DEBUG] Family group not found — skipping F0883
[2026-03-13 17:25:51] [DEBUG] Clicked and typed at (712,135): F0885
[2026-03-13 17:25:53] [DEBUG] IsGoldWindowActive: matched via WinExist
[2026-03-13 17:25:57] [DEBUG] Family group not found — skipping F0885
[2026-03-13 17:25:58] [DEBUG] Clicked and typed at (712,135): F0889
[2026-03-13 17:26:00] [DEBUG] IsGoldWindowActive: matched via WinExist
[2026-03-13 17:26:04] [DEBUG] Family group not found — skipping F0889
[2026-03-13 17:26:05] [DEBUG] Clicked and typed at (712,135): F0890
[2026-03-13 17:26:07] [DEBUG] IsGoldWindowActive: matched via WinExist
[2026-03-13 17:26:11] [DEBUG] Family group not found — skipping F0890
[2026-03-13 17:26:12] [DEBUG] Clicked and typed at (712,135): F0898
[2026-03-13 17:26:14] [DEBUG] IsGoldWindowActive: matched via WinExist
[2026-03-13 17:26:18] [DEBUG] Family group not found — skipping F0898
[2026-03-13 17:26:19] [DEBUG] Clicked and typed at (712,135): F0899
[2026-03-13 17:26:21] [DEBUG] IsGoldWindowActive: matched via WinExist
[2026-03-13 17:26:25] [DEBUG] Family group not found — skipping F0899
[2026-03-13 17:26:26] [DEBUG] Clicked and typed at (712,135): F0901
[2026-03-13 17:26:28] [DEBUG] IsGoldWindowActive: matched via WinExist
[2026-03-13 17:26:32] [DEBUG] Family group not found — skipping F0901
[2026-03-13 17:26:33] [DEBUG] Clicked and typed at (712,135): F0904
[2026-03-13 17:26:35] [DEBUG] IsGoldWindowActive: matched via WinExist
[2026-03-13 17:26:39] [DEBUG] Family group not found — skipping F0904
[2026-03-13 17:26:40] [DEBUG] Clicked and typed at (712,135): F0905
[2026-03-13 17:26:42] [DEBUG] IsGoldWindowActive: matched via WinExist
[2026-03-13 17:26:46] [DEBUG] Family group not found — skipping F0905
[2026-03-13 17:26:47] [DEBUG] Clicked and typed at (712,135): F0906
[2026-03-13 17:26:49] [DEBUG] IsGoldWindowActive: matched via WinExist
[2026-03-13 17:26:53] [DEBUG] Family group not found — skipping F0906
[2026-03-13 17:26:54] [DEBUG] Clicked and typed at (712,135): F4264
[2026-03-13 17:26:56] [DEBUG] IsGoldWindowActive: matched via WinExist
[2026-03-13 17:27:00] [DEBUG] Family group not found — skipping F4264
[2026-03-13 17:27:01] [DEBUG] Clicked and typed at (712,135): F4266
[2026-03-13 17:27:03] [DEBUG] IsGoldWindowActive: matched via WinExist
[2026-03-13 17:27:07] [DEBUG] Family group not found — skipping F4266
[2026-03-13 17:27:08] [DEBUG] Clicked and typed at (712,135): F4267
[2026-03-13 17:27:10] [DEBUG] IsGoldWindowActive: matched via WinExist
[2026-03-13 17:27:14] [DEBUG] Family group not found — skipping F4267
[2026-03-13 17:27:14] [DEBUG] Clicked and typed at (712,135): F4268
[2026-03-13 17:27:17] [DEBUG] IsGoldWindowActive: matched via WinExist
[2026-03-13 17:27:21] [DEBUG] Family group not found — skipping F4268
[2026-03-13 17:27:21] [DEBUG] Clicked and typed at (712,135): F4269
[2026-03-13 17:27:24] [DEBUG] IsGoldWindowActive: matched via WinExist
[2026-03-13 17:27:28] [DEBUG] Family group not found — skipping F4269
[2026-03-13 17:27:28] [DEBUG] Clicked and typed at (712,135): F4270
[2026-03-13 17:27:31] [DEBUG] IsGoldWindowActive: matched via WinExist
[2026-03-13 17:27:35] [DEBUG] Family group not found — skipping F4270
[2026-03-13 17:27:35] [DEBUG] Clicked and typed at (712,135): F4279
[2026-03-13 17:27:37] [DEBUG] IsGoldWindowActive: matched via WinExist
[2026-03-13 17:27:41] [DEBUG] Family group not found — skipping F4279
[2026-03-13 17:27:42] [DEBUG] Clicked and typed at (712,135): F4280
[2026-03-13 17:27:44] [DEBUG] IsGoldWindowActive: matched via WinExist
[2026-03-13 17:27:48] [DEBUG] Family group not found — skipping F4280
[2026-03-13 17:27:49] [DEBUG] Clicked and typed at (712,135): F4281
[2026-03-13 17:27:51] [DEBUG] IsGoldWindowActive: matched via WinExist
[2026-03-13 17:27:55] [DEBUG] Family group not found — skipping F4281
[2026-03-13 17:27:56] [DEBUG] Clicked and typed at (712,135): F4282
[2026-03-13 17:27:58] [DEBUG] IsGoldWindowActive: matched via WinExist
[2026-03-13 17:28:02] [DEBUG] Family group not found — skipping F4282
[2026-03-13 17:28:03] [DEBUG] Clicked and typed at (712,135): F4285
[2026-03-13 17:28:05] [DEBUG] IsGoldWindowActive: matched via WinExist
[2026-03-13 17:28:09] [DEBUG] Family group not found — skipping F4285
[2026-03-13 17:28:10] [DEBUG] Clicked and typed at (712,135): F4287
[2026-03-13 17:28:12] [DEBUG] IsGoldWindowActive: matched via WinExist
[2026-03-13 17:28:16] [DEBUG] Family group not found — skipping F4287
[2026-03-13 17:28:17] [DEBUG] Clicked and typed at (712,135): F4292
[2026-03-13 17:28:19] [DEBUG] IsGoldWindowActive: matched via WinExist
[2026-03-13 17:28:23] [DEBUG] Family group not found — skipping F4292
[2026-03-13 17:28:24] [DEBUG] Clicked and typed at (712,135): F4293
[2026-03-13 17:28:26] [DEBUG] IsGoldWindowActive: matched via WinExist
[2026-03-13 17:28:30] [DEBUG] Family group not found — skipping F4293
[2026-03-13 17:28:31] [DEBUG] Clicked and typed at (712,135): F4295
[2026-03-13 17:28:33] [DEBUG] IsGoldWindowActive: matched via WinExist
[2026-03-13 17:28:37] [DEBUG] Family group not found — skipping F4295
[2026-03-13 17:28:38] [DEBUG] Clicked and typed at (712,135): F4296
[2026-03-13 17:28:40] [DEBUG] IsGoldWindowActive: matched via WinExist
[2026-03-13 17:28:44] [DEBUG] Family group not found — skipping F4296
[2026-03-13 17:28:45] [DEBUG] Clicked and typed at (712,135): F4297
[2026-03-13 17:28:47] [DEBUG] IsGoldWindowActive: matched via WinExist
[2026-03-13 17:28:51] [DEBUG] Family group not found — skipping F4297
[2026-03-13 17:28:52] [DEBUG] Clicked and typed at (712,135): F4298
[2026-03-13 17:28:54] [DEBUG] IsGoldWindowActive: matched via WinExist
[2026-03-13 17:28:58] [DEBUG] Family group not found — skipping F4298
[2026-03-13 17:28:59] [DEBUG] Clicked and typed at (712,135): F4571
[2026-03-13 17:29:01] [DEBUG] IsGoldWindowActive: matched via WinExist
[2026-03-13 17:29:05] [DEBUG] Family group not found — skipping F4571
[2026-03-13 17:29:06] [DEBUG] Clicked and typed at (712,135): F4572
[2026-03-13 17:29:08] [DEBUG] IsGoldWindowActive: matched via WinExist
[2026-03-13 17:29:12] [DEBUG] Family group not found — skipping F4572
[2026-03-13 17:29:13] [DEBUG] Clicked and typed at (712,135): F4573
[2026-03-13 17:29:15] [DEBUG] IsGoldWindowActive: matched via WinExist
[2026-03-13 17:29:19] [DEBUG] Family group not found — skipping F4573
[2026-03-13 17:29:20] [DEBUG] Clicked and typed at (712,135): F4575
[2026-03-13 17:29:22] [DEBUG] IsGoldWindowActive: matched via WinExist
[2026-03-13 17:29:26] [DEBUG] Family group not found — skipping F4575
[2026-03-13 17:29:27] [DEBUG] Clicked and typed at (712,135): F4576
[2026-03-13 17:29:29] [DEBUG] IsGoldWindowActive: matched via WinExist
[2026-03-13 17:29:33] [DEBUG] Family group not found — skipping F4576
[2026-03-13 17:29:33] [DEBUG] Clicked and typed at (712,135): F5233
[2026-03-13 17:29:36] [DEBUG] IsGoldWindowActive: matched via WinExist
[2026-03-13 17:29:40] [DEBUG] Family group not found — skipping F5233
[2026-03-13 17:29:40] [DEBUG] Clicked and typed at (712,135): F5339
[2026-03-13 17:29:43] [DEBUG] IsGoldWindowActive: matched via WinExist
[2026-03-13 17:29:47] [DEBUG] Family group not found — skipping F5339
[2026-03-13 17:29:47] [DEBUG] Clicked and typed at (712,135): F4603
[2026-03-13 17:29:50] [DEBUG] IsGoldWindowActive: matched via WinExist
[2026-03-13 17:29:54] [DEBUG] Family group not found — skipping F4603
[2026-03-13 17:29:54] [DEBUG] Clicked and typed at (712,135): F4578
[2026-03-13 17:29:56] [DEBUG] IsGoldWindowActive: matched via WinExist
[2026-03-13 17:30:00] [DEBUG] Family group not found — skipping F4578
[2026-03-13 17:30:01] [DEBUG] Clicked and typed at (712,135): F5234
[2026-03-13 17:30:03] [DEBUG] IsGoldWindowActive: matched via WinExist
[2026-03-13 17:30:07] [DEBUG] Family group not found — skipping F5234
[2026-03-13 17:30:08] [DEBUG] Clicked and typed at (712,135): F5235
[2026-03-13 17:30:10] [DEBUG] IsGoldWindowActive: matched via WinExist
[2026-03-13 17:30:14] [DEBUG] Family group not found — skipping F5235
[2026-03-13 17:30:15] [DEBUG] Clicked and typed at (712,135): F5236
[2026-03-13 17:30:17] [DEBUG] IsGoldWindowActive: matched via WinExist
[2026-03-13 17:30:21] [DEBUG] Family group not found — skipping F5236
[2026-03-13 17:30:22] [DEBUG] Clicked and typed at (712,135): F4580
[2026-03-13 17:30:24] [DEBUG] IsGoldWindowActive: matched via WinExist
[2026-03-13 17:30:28] [DEBUG] Family group not found — skipping F4580
[2026-03-13 17:30:29] [DEBUG] Clicked and typed at (712,135): F5221
[2026-03-13 17:30:31] [DEBUG] IsGoldWindowActive: matched via WinExist
[2026-03-13 17:30:35] [DEBUG] Family group not found — skipping F5221
[2026-03-13 17:30:36] [DEBUG] Clicked and typed at (712,135): F5222
[2026-03-13 17:30:38] [DEBUG] IsGoldWindowActive: matched via WinExist
[2026-03-13 17:30:42] [DEBUG] Family group not found — skipping F5222
[2026-03-13 17:30:43] [DEBUG] Clicked and typed at (712,135): F5223
[2026-03-13 17:30:45] [DEBUG] IsGoldWindowActive: matched via WinExist
[2026-03-13 17:30:49] [DEBUG] Family group not found — skipping F5223
[2026-03-13 17:30:50] [DEBUG] Clicked and typed at (712,135): F5224
[2026-03-13 17:30:52] [DEBUG] IsGoldWindowActive: matched via WinExist
[2026-03-13 17:30:56] [DEBUG] Family group not found — skipping F5224
[2026-03-13 17:30:57] [DEBUG] Clicked and typed at (712,135): F5225
[2026-03-13 17:30:59] [DEBUG] IsGoldWindowActive: matched via WinExist
[2026-03-13 17:31:03] [DEBUG] Family group not found — skipping F5225
[2026-03-13 17:31:04] [DEBUG] Clicked and typed at (712,135): F5226
[2026-03-13 17:31:06] [DEBUG] IsGoldWindowActive: matched via WinExist
[2026-03-13 17:31:10] [DEBUG] Family group not found — skipping F5226
[2026-03-13 17:31:11] [DEBUG] Clicked and typed at (712,135): F5227
[2026-03-13 17:31:13] [DEBUG] IsGoldWindowActive: matched via WinExist
[2026-03-13 17:31:17] [DEBUG] Family group not found — skipping F5227
[2026-03-13 17:31:18] [DEBUG] Clicked and typed at (712,135): F5228
[2026-03-13 17:31:20] [DEBUG] IsGoldWindowActive: matched via WinExist
[2026-03-13 17:31:24] [DEBUG] Family group not found — skipping F5228
[2026-03-13 17:31:24] [DEBUG] Clicked and typed at (712,135): F5340
[2026-03-13 17:31:27] [DEBUG] IsGoldWindowActive: matched via WinExist
[2026-03-13 17:31:31] [DEBUG] Family group not found — skipping F5340
[2026-03-13 17:31:31] [DEBUG] Clicked and typed at (712,135): F5238
[2026-03-13 17:31:34] [DEBUG] IsGoldWindowActive: matched via WinExist
[2026-03-13 17:31:38] [DEBUG] Family group not found — skipping F5238
[2026-03-13 17:31:38] [DEBUG] Clicked and typed at (712,135): F5239
[2026-03-13 17:31:41] [DEBUG] IsGoldWindowActive: matched via WinExist
[2026-03-13 17:31:45] [DEBUG] Family group not found — skipping F5239
[2026-03-13 17:31:45] [DEBUG] Clicked and typed at (712,135): F5240
[2026-03-13 17:31:48] [DEBUG] IsGoldWindowActive: matched via WinExist
[2026-03-13 17:31:51] [DEBUG] Family group not found — skipping F5240
[2026-03-13 17:31:52] [DEBUG] Clicked and typed at (712,135): F5241
[2026-03-13 17:31:54] [DEBUG] IsGoldWindowActive: matched via WinExist
[2026-03-13 17:31:58] [DEBUG] Family group not found — skipping F5241
[2026-03-13 17:31:59] [DEBUG] Clicked and typed at (712,135): F5341
[2026-03-13 17:32:01] [DEBUG] IsGoldWindowActive: matched via WinExist
[2026-03-13 17:32:05] [DEBUG] Family group not found — skipping F5341
[2026-03-13 17:32:06] [DEBUG] Clicked and typed at (712,135): F5342
[2026-03-13 17:32:08] [DEBUG] IsGoldWindowActive: matched via WinExist
[2026-03-13 17:32:12] [DEBUG] Family group not found — skipping F5342
[2026-03-13 17:32:13] [DEBUG] Clicked and typed at (712,135): F5242
[2026-03-13 17:32:15] [DEBUG] IsGoldWindowActive: matched via WinExist
[2026-03-13 17:32:19] [DEBUG] Family group not found — skipping F5242
[2026-03-13 17:32:20] [DEBUG] Clicked and typed at (712,135): F5243
[2026-03-13 17:32:22] [DEBUG] IsGoldWindowActive: matched via WinExist
[2026-03-13 17:32:26] [DEBUG] Family group not found — skipping F5243
[2026-03-13 17:32:27] [DEBUG] Clicked and typed at (712,135): F5244
[2026-03-13 17:32:29] [DEBUG] IsGoldWindowActive: matched via WinExist
[2026-03-13 17:32:33] [DEBUG] Family group not found — skipping F5244
[2026-03-13 17:32:34] [DEBUG] Clicked and typed at (712,135): F5245
[2026-03-13 17:32:36] [DEBUG] IsGoldWindowActive: matched via WinExist
[2026-03-13 17:32:40] [DEBUG] Family group not found — skipping F5245
[2026-03-13 17:32:41] [DEBUG] Clicked and typed at (712,135): F5246
[2026-03-13 17:32:43] [DEBUG] IsGoldWindowActive: matched via WinExist
[2026-03-13 17:32:47] [DEBUG] Family group not found — skipping F5246
[2026-03-13 17:32:48] [DEBUG] Clicked and typed at (712,135): F5247
[2026-03-13 17:32:50] [DEBUG] IsGoldWindowActive: matched via WinExist
[2026-03-13 17:32:54] [DEBUG] Family group not found — skipping F5247
[2026-03-13 17:32:55] [DEBUG] Clicked and typed at (712,135): F5248
[2026-03-13 17:32:57] [DEBUG] IsGoldWindowActive: matched via WinExist
[2026-03-13 17:33:01] [DEBUG] Family group not found — skipping F5248
[2026-03-13 17:33:02] [DEBUG] Clicked and typed at (712,135): F1000002
[2026-03-13 17:33:04] [DEBUG] IsGoldWindowActive: matched via WinExist
[2026-03-13 17:33:08] [DEBUG] Family group not found — skipping F1000002
[2026-03-13 17:33:09] [DEBUG] Clicked and typed at (712,135): F0931
[2026-03-13 17:33:11] [DEBUG] IsGoldWindowActive: matched via WinExist
[2026-03-13 17:33:15] [DEBUG] Family group not found — skipping F0931
[2026-03-13 17:33:16] [DEBUG] Clicked and typed at (712,135): F0932
[2026-03-13 17:33:18] [DEBUG] IsGoldWindowActive: matched via WinExist
[2026-03-13 17:33:22] [DEBUG] Family group not found — skipping F0932
[2026-03-13 17:33:23] [DEBUG] Clicked and typed at (712,135): F0933
[2026-03-13 17:33:25] [DEBUG] IsGoldWindowActive: matched via WinExist
[2026-03-13 17:33:29] [DEBUG] Family group not found — skipping F0933
[2026-03-13 17:33:30] [DEBUG] Clicked and typed at (712,135): F0934
[2026-03-13 17:33:32] [DEBUG] IsGoldWindowActive: matched via WinExist
[2026-03-13 17:33:36] [DEBUG] Family group not found — skipping F0934
[2026-03-13 17:33:37] [DEBUG] Clicked and typed at (712,135): F0935
[2026-03-13 17:33:39] [DEBUG] IsGoldWindowActive: matched via WinExist
[2026-03-13 17:33:43] [DEBUG] Family group not found — skipping F0935
[2026-03-13 17:33:43] [DEBUG] Clicked and typed at (712,135): F0936
[2026-03-13 17:33:46] [DEBUG] IsGoldWindowActive: matched via WinExist
[2026-03-13 17:33:50] [DEBUG] Family group not found — skipping F0936
[2026-03-13 17:33:50] [DEBUG] Clicked and typed at (712,135): F0937
[2026-03-13 17:33:53] [DEBUG] IsGoldWindowActive: matched via WinExist
[2026-03-13 17:33:57] [DEBUG] Family group not found — skipping F0937
[2026-03-13 17:33:57] [DEBUG] Clicked and typed at (712,135): F3341
[2026-03-13 17:34:00] [DEBUG] IsGoldWindowActive: matched via WinExist
[2026-03-13 17:34:04] [DEBUG] Family group not found — skipping F3341
[2026-03-13 17:34:04] [DEBUG] Clicked and typed at (712,135): F3522
[2026-03-13 17:34:07] [DEBUG] IsGoldWindowActive: matched via WinExist
[2026-03-13 17:34:11] [DEBUG] Family group not found — skipping F3522
[2026-03-13 17:34:11] [DEBUG] Clicked and typed at (712,135): F0938
[2026-03-13 17:34:13] [DEBUG] IsGoldWindowActive: matched via WinExist
[2026-03-13 17:34:17] [DEBUG] Family group not found — skipping F0938
[2026-03-13 17:34:18] [DEBUG] Clicked and typed at (712,135): F0939
[2026-03-13 17:34:20] [DEBUG] IsGoldWindowActive: matched via WinExist
[2026-03-13 17:34:24] [DEBUG] Family group not found — skipping F0939
[2026-03-13 17:34:25] [DEBUG] Clicked and typed at (712,135): F0940
[2026-03-13 17:34:27] [DEBUG] IsGoldWindowActive: matched via WinExist
[2026-03-13 17:34:31] [DEBUG] Family group not found — skipping F0940
[2026-03-13 17:34:32] [DEBUG] Clicked and typed at (712,135): F0941
[2026-03-13 17:34:34] [DEBUG] IsGoldWindowActive: matched via WinExist
[2026-03-13 17:34:38] [DEBUG] Family group not found — skipping F0941
[2026-03-13 17:34:39] [DEBUG] Clicked and typed at (712,135): F0942
[2026-03-13 17:34:41] [DEBUG] IsGoldWindowActive: matched via WinExist
[2026-03-13 17:34:45] [DEBUG] Family group not found — skipping F0942
[2026-03-13 17:34:46] [DEBUG] Clicked and typed at (712,135): F0943
[2026-03-13 17:34:48] [DEBUG] IsGoldWindowActive: matched via WinExist
[2026-03-13 17:34:52] [DEBUG] Family group not found — skipping F0943
[2026-03-13 17:34:53] [DEBUG] Clicked and typed at (712,135): F0944
[2026-03-13 17:34:55] [DEBUG] IsGoldWindowActive: matched via WinExist
[2026-03-13 17:34:59] [DEBUG] Family group not found — skipping F0944
[2026-03-13 17:35:00] [DEBUG] Clicked and typed at (712,135): F0945
[2026-03-13 17:35:02] [DEBUG] IsGoldWindowActive: matched via WinExist
[2026-03-13 17:35:06] [DEBUG] Family group not found — skipping F0945
[2026-03-13 17:35:07] [DEBUG] Clicked and typed at (712,135): F0946
[2026-03-13 17:35:09] [DEBUG] IsGoldWindowActive: matched via WinExist
[2026-03-13 17:35:13] [DEBUG] Family group not found — skipping F0946
[2026-03-13 17:35:14] [DEBUG] Clicked and typed at (712,135): F0947
[2026-03-13 17:35:16] [DEBUG] IsGoldWindowActive: matched via WinExist
[2026-03-13 17:35:20] [DEBUG] Family group not found — skipping F0947
[2026-03-13 17:35:21] [DEBUG] Clicked and typed at (712,135): F0948
[2026-03-13 17:35:23] [DEBUG] IsGoldWindowActive: matched via WinExist
[2026-03-13 17:35:27] [DEBUG] Family group not found — skipping F0948
[2026-03-13 17:35:28] [DEBUG] Clicked and typed at (712,135): F0949
[2026-03-13 17:35:30] [DEBUG] IsGoldWindowActive: matched via WinExist
[2026-03-13 17:35:34] [DEBUG] Family group not found — skipping F0949
[2026-03-13 17:35:35] [DEBUG] Clicked and typed at (712,135): F0950
[2026-03-13 17:35:37] [DEBUG] IsGoldWindowActive: matched via WinExist
[2026-03-13 17:35:41] [DEBUG] Family group not found — skipping F0950
[2026-03-13 17:35:42] [DEBUG] Clicked and typed at (712,135): F0951
[2026-03-13 17:35:44] [DEBUG] IsGoldWindowActive: matched via WinExist
[2026-03-13 17:35:48] [DEBUG] Family group not found — skipping F0951
[2026-03-13 17:35:49] [DEBUG] Clicked and typed at (712,135): F0952
[2026-03-13 17:35:51] [DEBUG] IsGoldWindowActive: matched via WinExist
[2026-03-13 17:35:55] [DEBUG] Family group not found — skipping F0952
[2026-03-13 17:35:56] [DEBUG] Clicked and typed at (712,135): F0953
[2026-03-13 17:35:58] [DEBUG] IsGoldWindowActive: matched via WinExist
[2026-03-13 17:36:02] [DEBUG] Family group not found — skipping F0953
[2026-03-13 17:36:03] [DEBUG] Clicked and typed at (712,135): F0954
[2026-03-13 17:36:05] [DEBUG] IsGoldWindowActive: matched via WinExist
[2026-03-13 17:36:09] [DEBUG] Family group not found — skipping F0954
[2026-03-13 17:36:09] [DEBUG] Clicked and typed at (712,135): F0955
[2026-03-13 17:36:12] [DEBUG] IsGoldWindowActive: matched via WinExist
[2026-03-13 17:36:16] [DEBUG] Family group not found — skipping F0955
[2026-03-13 17:36:16] [DEBUG] Clicked and typed at (712,135): F0956
[2026-03-13 17:36:19] [DEBUG] IsGoldWindowActive: matched via WinExist
[2026-03-13 17:36:23] [DEBUG] Family group not found — skipping F0956
[2026-03-13 17:36:23] [DEBUG] Clicked and typed at (712,135): F0958
[2026-03-13 17:36:26] [DEBUG] IsGoldWindowActive: matched via WinExist
[2026-03-13 17:36:30] [DEBUG] Family group not found — skipping F0958
[2026-03-13 17:36:30] [DEBUG] Clicked and typed at (712,135): F0960
[2026-03-13 17:36:32] [DEBUG] IsGoldWindowActive: matched via WinExist
[2026-03-13 17:36:36] [DEBUG] Family group not found — skipping F0960
[2026-03-13 17:36:37] [DEBUG] Clicked and typed at (712,135): F0961
[2026-03-13 17:36:39] [DEBUG] IsGoldWindowActive: matched via WinExist
[2026-03-13 17:36:43] [DEBUG] Family group not found — skipping F0961
[2026-03-13 17:36:44] [DEBUG] Clicked and typed at (712,135): F0962
[2026-03-13 17:36:46] [DEBUG] IsGoldWindowActive: matched via WinExist
[2026-03-13 17:36:50] [DEBUG] Family group not found — skipping F0962
[2026-03-13 17:36:51] [DEBUG] Clicked and typed at (712,135): F0964
[2026-03-13 17:36:53] [DEBUG] IsGoldWindowActive: matched via WinExist
[2026-03-13 17:36:57] [DEBUG] Family group not found — skipping F0964
[2026-03-13 17:36:58] [DEBUG] Clicked and typed at (712,135): F0965
[2026-03-13 17:37:00] [DEBUG] IsGoldWindowActive: matched via WinExist
[2026-03-13 17:37:04] [DEBUG] Family group not found — skipping F0965
[2026-03-13 17:37:05] [DEBUG] Clicked and typed at (712,135): F0966
[2026-03-13 17:37:07] [DEBUG] IsGoldWindowActive: matched via WinExist
[2026-03-13 17:37:11] [DEBUG] Family group not found — skipping F0966
[2026-03-13 17:37:12] [DEBUG] Clicked and typed at (712,135): F0967
[2026-03-13 17:37:14] [DEBUG] IsGoldWindowActive: matched via WinExist
[2026-03-13 17:37:18] [DEBUG] Family group not found — skipping F0967
[2026-03-13 17:37:19] [DEBUG] Clicked and typed at (712,135): F0968
[2026-03-13 17:37:21] [DEBUG] IsGoldWindowActive: matched via WinExist
[2026-03-13 17:37:25] [DEBUG] Family group not found — skipping F0968
[2026-03-13 17:37:26] [DEBUG] Clicked and typed at (712,135): F0969
[2026-03-13 17:37:28] [DEBUG] IsGoldWindowActive: matched via WinExist
[2026-03-13 17:37:32] [DEBUG] Family group not found — skipping F0969
[2026-03-13 17:37:33] [DEBUG] Clicked and typed at (712,135): F0970
[2026-03-13 17:37:35] [DEBUG] IsGoldWindowActive: matched via WinExist
[2026-03-13 17:37:39] [DEBUG] Family group not found — skipping F0970
[2026-03-13 17:37:40] [DEBUG] Clicked and typed at (712,135): F0971
[2026-03-13 17:37:42] [DEBUG] IsGoldWindowActive: matched via WinExist
[2026-03-13 17:37:46] [DEBUG] Family group not found — skipping F0971
[2026-03-13 17:37:47] [DEBUG] Clicked and typed at (712,135): F0972
[2026-03-13 17:37:49] [DEBUG] IsGoldWindowActive: matched via WinExist
[2026-03-13 17:37:53] [DEBUG] Family group not found — skipping F0972
[2026-03-13 17:37:54] [DEBUG] Clicked and typed at (712,135): F0973
[2026-03-13 17:37:56] [DEBUG] IsGoldWindowActive: matched via WinExist
[2026-03-13 17:38:00] [DEBUG] Family group not found — skipping F0973
[2026-03-13 17:38:01] [DEBUG] Clicked and typed at (712,135): F0974
[2026-03-13 17:38:03] [DEBUG] IsGoldWindowActive: matched via WinExist
[2026-03-13 17:38:07] [DEBUG] Family group not found — skipping F0974
[2026-03-13 17:38:08] [DEBUG] Clicked and typed at (712,135): F0975
[2026-03-13 17:38:10] [DEBUG] IsGoldWindowActive: matched via WinExist
[2026-03-13 17:38:14] [DEBUG] Family group not found — skipping F0975
[2026-03-13 17:38:14] [DEBUG] Clicked and typed at (712,135): F0976
[2026-03-13 17:38:17] [DEBUG] IsGoldWindowActive: matched via WinExist
[2026-03-13 17:38:21] [DEBUG] Family group not found — skipping F0976
[2026-03-13 17:38:21] [DEBUG] Clicked and typed at (712,135): F0977
[2026-03-13 17:38:24] [DEBUG] IsGoldWindowActive: matched via WinExist
[2026-03-13 17:38:28] [DEBUG] Family group not found — skipping F0977
[2026-03-13 17:38:28] [DEBUG] Clicked and typed at (712,135): F0978
[2026-03-13 17:38:31] [DEBUG] IsGoldWindowActive: matched via WinExist
[2026-03-13 17:38:35] [DEBUG] Family group not found — skipping F0978
[2026-03-13 17:38:35] [DEBUG] Clicked and typed at (712,135): F0979
[2026-03-13 17:38:38] [DEBUG] IsGoldWindowActive: matched via WinExist
[2026-03-13 17:38:42] [DEBUG] Family group not found — skipping F0979
[2026-03-13 17:38:42] [DEBUG] Clicked and typed at (712,135): F0980
[2026-03-13 17:38:44] [DEBUG] IsGoldWindowActive: matched via WinExist
[2026-03-13 17:38:48] [DEBUG] Family group not found — skipping F0980
[2026-03-13 17:38:49] [DEBUG] Clicked and typed at (712,135): F0985
[2026-03-13 17:38:51] [DEBUG] IsGoldWindowActive: matched via WinExist
[2026-03-13 17:38:55] [DEBUG] Family group not found — skipping F0985
[2026-03-13 17:38:56] [DEBUG] Clicked and typed at (712,135): F0986
[2026-03-13 17:38:58] [DEBUG] IsGoldWindowActive: matched via WinExist
[2026-03-13 17:39:02] [DEBUG] Family group not found — skipping F0986
[2026-03-13 17:39:03] [DEBUG] Clicked and typed at (712,135): F0987
[2026-03-13 17:39:05] [DEBUG] IsGoldWindowActive: matched via WinExist
[2026-03-13 17:39:09] [DEBUG] Family group not found — skipping F0987
[2026-03-13 17:39:10] [DEBUG] Clicked and typed at (712,135): F0988
[2026-03-13 17:39:12] [DEBUG] IsGoldWindowActive: matched via WinExist
[2026-03-13 17:39:16] [DEBUG] Family group not found — skipping F0988
[2026-03-13 17:39:17] [DEBUG] Clicked and typed at (712,135): F0989
[2026-03-13 17:39:19] [DEBUG] IsGoldWindowActive: matched via WinExist
[2026-03-13 17:39:23] [DEBUG] Family group not found — skipping F0989
[2026-03-13 17:39:24] [DEBUG] Clicked and typed at (712,135): F0990
[2026-03-13 17:39:26] [DEBUG] IsGoldWindowActive: matched via WinExist
[2026-03-13 17:39:30] [DEBUG] Family group not found — skipping F0990
[2026-03-13 17:39:31] [DEBUG] Clicked and typed at (712,135): F0991
[2026-03-13 17:39:33] [DEBUG] IsGoldWindowActive: matched via WinExist
[2026-03-13 17:39:37] [DEBUG] Family group not found — skipping F0991
[2026-03-13 17:39:38] [DEBUG] Clicked and typed at (712,135): F1015
[2026-03-13 17:39:40] [DEBUG] IsGoldWindowActive: matched via WinExist
[2026-03-13 17:39:44] [DEBUG] Family group not found — skipping F1015
[2026-03-13 17:39:45] [DEBUG] Clicked and typed at (712,135): F1016
[2026-03-13 17:39:47] [DEBUG] IsGoldWindowActive: matched via WinExist
[2026-03-13 17:39:51] [DEBUG] Family group not found — skipping F1016
[2026-03-13 17:39:52] [DEBUG] Clicked and typed at (712,135): F1017
[2026-03-13 17:39:54] [DEBUG] IsGoldWindowActive: matched via WinExist
[2026-03-13 17:39:58] [DEBUG] Family group not found — skipping F1017
[2026-03-13 17:39:59] [DEBUG] Clicked and typed at (712,135): F1020
[2026-03-13 17:40:01] [DEBUG] IsGoldWindowActive: matched via WinExist
[2026-03-13 17:40:05] [DEBUG] Family group not found — skipping F1020
[2026-03-13 17:40:06] [DEBUG] Clicked and typed at (712,135): F1021
[2026-03-13 17:40:08] [DEBUG] IsGoldWindowActive: matched via WinExist
[2026-03-13 17:40:12] [DEBUG] Family group not found — skipping F1021
[2026-03-13 17:40:13] [DEBUG] Clicked and typed at (712,135): F1022
[2026-03-13 17:40:15] [DEBUG] IsGoldWindowActive: matched via WinExist
[2026-03-13 17:40:19] [DEBUG] Family group not found — skipping F1022
[2026-03-13 17:40:19] [DEBUG] Clicked and typed at (712,135): F1023
[2026-03-13 17:40:22] [DEBUG] IsGoldWindowActive: matched via WinExist
[2026-03-13 17:40:26] [DEBUG] Family group not found — skipping F1023
[2026-03-13 17:40:26] [DEBUG] Clicked and typed at (712,135): F1024
[2026-03-13 17:40:29] [DEBUG] IsGoldWindowActive: matched via WinExist
[2026-03-13 17:40:33] [DEBUG] Family group not found — skipping F1024
[2026-03-13 17:40:33] [DEBUG] Clicked and typed at (712,135): F1025
[2026-03-13 17:40:36] [DEBUG] IsGoldWindowActive: matched via WinExist
[2026-03-13 17:40:40] [DEBUG] Family group not found — skipping F1025
[2026-03-13 17:40:40] [DEBUG] Clicked and typed at (712,135): F1032
[2026-03-13 17:40:43] [DEBUG] IsGoldWindowActive: matched via WinExist
[2026-03-13 17:40:47] [DEBUG] Family group not found — skipping F1032
[2026-03-13 17:40:47] [DEBUG] Clicked and typed at (712,135): F1033
[2026-03-13 17:40:49] [DEBUG] IsGoldWindowActive: matched via WinExist
[2026-03-13 17:40:53] [DEBUG] Family group not found — skipping F1033
[2026-03-13 17:40:54] [DEBUG] Clicked and typed at (712,135): F1034
[2026-03-13 17:40:56] [DEBUG] IsGoldWindowActive: matched via WinExist
[2026-03-13 17:41:00] [DEBUG] Family group not found — skipping F1034
[2026-03-13 17:41:01] [DEBUG] Clicked and typed at (712,135): F1035
[2026-03-13 17:41:03] [DEBUG] IsGoldWindowActive: matched via WinExist
[2026-03-13 17:41:07] [DEBUG] Family group not found — skipping F1035
[2026-03-13 17:41:08] [DEBUG] Clicked and typed at (712,135): F1036
[2026-03-13 17:41:10] [DEBUG] IsGoldWindowActive: matched via WinExist
[2026-03-13 17:41:14] [DEBUG] Family group not found — skipping F1036
[2026-03-13 17:41:15] [DEBUG] Clicked and typed at (712,135): F1037
[2026-03-13 17:41:17] [DEBUG] IsGoldWindowActive: matched via WinExist
[2026-03-13 17:41:21] [DEBUG] Family group not found — skipping F1037
[2026-03-13 17:41:22] [DEBUG] Clicked and typed at (712,135): F1038
[2026-03-13 17:41:24] [DEBUG] IsGoldWindowActive: matched via WinExist
[2026-03-13 17:41:28] [DEBUG] Family group not found — skipping F1038
[2026-03-13 17:41:29] [DEBUG] Clicked and typed at (712,135): F1039
[2026-03-13 17:41:31] [DEBUG] IsGoldWindowActive: matched via WinExist
[2026-03-13 17:41:35] [DEBUG] Family group not found — skipping F1039
[2026-03-13 17:41:36] [DEBUG] Clicked and typed at (712,135): F1040
[2026-03-13 17:41:38] [DEBUG] IsGoldWindowActive: matched via WinExist
[2026-03-13 17:41:42] [DEBUG] Family group not found — skipping F1040
[2026-03-13 17:41:43] [DEBUG] Clicked and typed at (712,135): F1041
[2026-03-13 17:41:45] [DEBUG] IsGoldWindowActive: matched via WinExist
[2026-03-13 17:41:49] [DEBUG] Family group not found — skipping F1041
[2026-03-13 17:41:50] [DEBUG] Clicked and typed at (712,135): F1042
[2026-03-13 17:41:52] [DEBUG] IsGoldWindowActive: matched via WinExist
[2026-03-13 17:41:56] [DEBUG] Family group not found — skipping F1042
[2026-03-13 17:41:57] [DEBUG] Clicked and typed at (712,135): F1043
[2026-03-13 17:41:59] [DEBUG] IsGoldWindowActive: matched via WinExist
[2026-03-13 17:42:03] [DEBUG] Family group not found — skipping F1043
[2026-03-13 17:42:04] [DEBUG] Clicked and typed at (712,135): F1044
[2026-03-13 17:42:06] [DEBUG] IsGoldWindowActive: matched via WinExist
[2026-03-13 17:42:10] [DEBUG] Family group not found — skipping F1044
[2026-03-13 17:42:11] [DEBUG] Clicked and typed at (712,135): F1045
[2026-03-13 17:42:13] [DEBUG] IsGoldWindowActive: matched via WinExist
[2026-03-13 17:42:17] [DEBUG] Family group not found — skipping F1045
[2026-03-13 17:42:18] [DEBUG] Clicked and typed at (712,135): F1046
[2026-03-13 17:42:20] [DEBUG] IsGoldWindowActive: matched via WinExist
[2026-03-13 17:42:24] [DEBUG] Family group not found — skipping F1046
[2026-03-13 17:42:25] [DEBUG] Clicked and typed at (712,135): F1047
[2026-03-13 17:42:27] [DEBUG] IsGoldWindowActive: matched via WinExist
[2026-03-13 17:42:31] [DEBUG] Family group not found — skipping F1047
[2026-03-13 17:42:31] [DEBUG] Clicked and typed at (712,135): F1049
[2026-03-13 17:42:34] [DEBUG] IsGoldWindowActive: matched via WinExist
[2026-03-13 17:42:38] [DEBUG] Family group not found — skipping F1049
[2026-03-13 17:42:38] [DEBUG] Clicked and typed at (712,135): F1050
[2026-03-13 17:42:41] [DEBUG] IsGoldWindowActive: matched via WinExist
[2026-03-13 17:42:45] [DEBUG] Family group not found — skipping F1050
[2026-03-13 17:42:45] [DEBUG] Clicked and typed at (712,135): F3238
[2026-03-13 17:42:48] [DEBUG] IsGoldWindowActive: matched via WinExist
[2026-03-13 17:42:52] [DEBUG] Family group not found — skipping F3238
[2026-03-13 17:42:52] [DEBUG] Clicked and typed at (712,135): F1052
[2026-03-13 17:42:55] [DEBUG] IsGoldWindowActive: matched via WinExist
[2026-03-13 17:42:59] [DEBUG] Family group not found — skipping F1052
[2026-03-13 17:42:59] [DEBUG] Clicked and typed at (712,135): F1053
[2026-03-13 17:43:01] [DEBUG] IsGoldWindowActive: matched via WinExist
[2026-03-13 17:43:05] [DEBUG] Family group not found — skipping F1053
[2026-03-13 17:43:06] [DEBUG] Clicked and typed at (712,135): F1059
[2026-03-13 17:43:08] [DEBUG] IsGoldWindowActive: matched via WinExist
[2026-03-13 17:43:12] [DEBUG] Family group not found — skipping F1059
[2026-03-13 17:43:13] [DEBUG] Clicked and typed at (712,135): F1060
[2026-03-13 17:43:15] [DEBUG] IsGoldWindowActive: matched via WinExist
[2026-03-13 17:43:19] [DEBUG] Family group not found — skipping F1060
[2026-03-13 17:43:20] [DEBUG] Clicked and typed at (712,135): F1061
[2026-03-13 17:43:22] [DEBUG] IsGoldWindowActive: matched via WinExist
[2026-03-13 17:43:26] [DEBUG] Family group not found — skipping F1061
[2026-03-13 17:43:27] [DEBUG] Clicked and typed at (712,135): F1062
[2026-03-13 17:43:29] [DEBUG] IsGoldWindowActive: matched via WinExist
[2026-03-13 17:43:33] [DEBUG] Family group not found — skipping F1062
[2026-03-13 17:43:34] [DEBUG] Clicked and typed at (712,135): F1063
[2026-03-13 17:43:36] [DEBUG] IsGoldWindowActive: matched via WinExist
[2026-03-13 17:43:40] [DEBUG] Family group not found — skipping F1063
[2026-03-13 17:43:41] [DEBUG] Clicked and typed at (712,135): F1066
[2026-03-13 17:43:43] [DEBUG] IsGoldWindowActive: matched via WinExist
[2026-03-13 17:43:47] [DEBUG] Family group not found — skipping F1066
[2026-03-13 17:43:48] [DEBUG] Clicked and typed at (712,135): F1067
[2026-03-13 17:43:50] [DEBUG] IsGoldWindowActive: matched via WinExist
[2026-03-13 17:43:54] [DEBUG] Family group not found — skipping F1067
[2026-03-13 17:43:55] [DEBUG] Clicked and typed at (712,135): F1068
[2026-03-13 17:43:57] [DEBUG] IsGoldWindowActive: matched via WinExist
[2026-03-13 17:44:01] [DEBUG] Family group not found — skipping F1068
[2026-03-13 17:44:02] [DEBUG] Clicked and typed at (712,135): F1069
[2026-03-13 17:44:04] [DEBUG] IsGoldWindowActive: matched via WinExist
[2026-03-13 17:44:08] [DEBUG] Family group not found — skipping F1069
[2026-03-13 17:44:09] [DEBUG] Clicked and typed at (712,135): F1070
[2026-03-13 17:44:11] [DEBUG] IsGoldWindowActive: matched via WinExist
[2026-03-13 17:44:15] [DEBUG] Family group not found — skipping F1070
[2026-03-13 17:44:16] [DEBUG] Clicked and typed at (712,135): F1071
[2026-03-13 17:44:18] [DEBUG] IsGoldWindowActive: matched via WinExist
[2026-03-13 17:44:22] [DEBUG] Family group not found — skipping F1071
[2026-03-13 17:44:23] [DEBUG] Clicked and typed at (712,135): F1072
[2026-03-13 17:44:25] [DEBUG] IsGoldWindowActive: matched via WinExist
[2026-03-13 17:44:29] [DEBUG] Family group not found — skipping F1072
[2026-03-13 17:44:30] [DEBUG] Clicked and typed at (712,135): F1073
[2026-03-13 17:44:32] [DEBUG] IsGoldWindowActive: matched via WinExist
[2026-03-13 17:44:36] [DEBUG] Family group not found — skipping F1073
[2026-03-13 17:44:37] [DEBUG] Clicked and typed at (712,135): F1074
[2026-03-13 17:44:39] [DEBUG] IsGoldWindowActive: matched via WinExist
[2026-03-13 17:44:43] [DEBUG] Family group not found — skipping F1074
[2026-03-13 17:44:44] [DEBUG] Clicked and typed at (712,135): F1075
[2026-03-13 17:44:46] [DEBUG] IsGoldWindowActive: matched via WinExist
[2026-03-13 17:44:50] [DEBUG] Family group not found — skipping F1075
[2026-03-13 17:44:50] [DEBUG] Clicked and typed at (712,135): F1076
[2026-03-13 17:44:53] [DEBUG] IsGoldWindowActive: matched via WinExist
[2026-03-13 17:44:57] [DEBUG] Family group not found — skipping F1076
[2026-03-13 17:44:57] [DEBUG] Clicked and typed at (712,135): F1077
[2026-03-13 17:45:00] [DEBUG] IsGoldWindowActive: matched via WinExist
[2026-03-13 17:45:04] [DEBUG] Family group not found — skipping F1077
[2026-03-13 17:45:04] [DEBUG] Clicked and typed at (712,135): F1078
[2026-03-13 17:45:07] [DEBUG] IsGoldWindowActive: matched via WinExist
[2026-03-13 17:45:11] [DEBUG] Family group not found — skipping F1078
[2026-03-13 17:45:11] [DEBUG] Clicked and typed at (712,135): F1080
[2026-03-13 17:45:13] [DEBUG] IsGoldWindowActive: matched via WinExist
[2026-03-13 17:45:18] [DEBUG] Family group not found — skipping F1080
[2026-03-13 17:45:18] [DEBUG] Clicked and typed at (712,135): F1081
[2026-03-13 17:45:20] [DEBUG] IsGoldWindowActive: matched via WinExist
[2026-03-13 17:45:24] [DEBUG] Family group not found — skipping F1081
[2026-03-13 17:45:25] [DEBUG] Clicked and typed at (712,135): F1082
[2026-03-13 17:45:27] [DEBUG] IsGoldWindowActive: matched via WinExist
[2026-03-13 17:45:31] [DEBUG] Family group not found — skipping F1082
[2026-03-13 17:45:32] [DEBUG] Clicked and typed at (712,135): F1083
[2026-03-13 17:45:34] [DEBUG] IsGoldWindowActive: matched via WinExist
[2026-03-13 17:45:38] [DEBUG] Family group not found — skipping F1083
[2026-03-13 17:45:39] [DEBUG] Clicked and typed at (712,135): F1084
[2026-03-13 17:45:41] [DEBUG] IsGoldWindowActive: matched via WinExist
[2026-03-13 17:45:45] [DEBUG] Family group not found — skipping F1084
[2026-03-13 17:45:46] [DEBUG] Clicked and typed at (712,135): F1085
[2026-03-13 17:45:48] [DEBUG] IsGoldWindowActive: matched via WinExist
[2026-03-13 17:45:52] [DEBUG] Family group not found — skipping F1085
[2026-03-13 17:45:53] [DEBUG] Clicked and typed at (712,135): F1087
[2026-03-13 17:45:55] [DEBUG] IsGoldWindowActive: matched via WinExist
[2026-03-13 17:45:59] [DEBUG] Family group not found — skipping F1087
[2026-03-13 17:46:00] [DEBUG] Clicked and typed at (712,135): F3550
[2026-03-13 17:46:02] [DEBUG] IsGoldWindowActive: matched via WinExist
[2026-03-13 17:46:06] [DEBUG] Family group not found — skipping F3550
[2026-03-13 17:46:07] [DEBUG] Clicked and typed at (712,135): F3551
[2026-03-13 17:46:09] [DEBUG] IsGoldWindowActive: matched via WinExist
[2026-03-13 17:46:13] [DEBUG] Family group not found — skipping F3551
[2026-03-13 17:46:14] [DEBUG] Clicked and typed at (712,135): F3552
[2026-03-13 17:46:16] [DEBUG] IsGoldWindowActive: matched via WinExist
[2026-03-13 17:46:20] [DEBUG] Family group not found — skipping F3552
[2026-03-13 17:46:21] [DEBUG] Clicked and typed at (712,135): F3554
[2026-03-13 17:46:23] [DEBUG] IsGoldWindowActive: matched via WinExist
[2026-03-13 17:46:27] [DEBUG] Family group not found — skipping F3554
[2026-03-13 17:46:28] [DEBUG] Clicked and typed at (712,135): F3555
[2026-03-13 17:46:30] [DEBUG] IsGoldWindowActive: matched via WinExist
[2026-03-13 17:46:34] [DEBUG] Family group not found — skipping F3555
[2026-03-13 17:46:35] [DEBUG] Clicked and typed at (712,135): F3556
[2026-03-13 17:46:37] [DEBUG] IsGoldWindowActive: matched via WinExist
[2026-03-13 17:46:41] [DEBUG] Family group not found — skipping F3556
[2026-03-13 17:46:42] [DEBUG] Clicked and typed at (712,135): F3557
[2026-03-13 17:46:44] [DEBUG] IsGoldWindowActive: matched via WinExist
[2026-03-13 17:46:48] [DEBUG] Family group not found — skipping F3557
[2026-03-13 17:46:49] [DEBUG] Clicked and typed at (712,135): F3558
[2026-03-13 17:46:51] [DEBUG] IsGoldWindowActive: matched via WinExist
[2026-03-13 17:46:55] [DEBUG] Family group not found — skipping F3558
[2026-03-13 17:46:56] [DEBUG] Clicked and typed at (712,135): F3559
[2026-03-13 17:46:58] [DEBUG] IsGoldWindowActive: matched via WinExist
[2026-03-13 17:47:02] [DEBUG] Family group not found — skipping F3559
[2026-03-13 17:47:03] [DEBUG] Clicked and typed at (712,135): F3560
[2026-03-13 17:47:05] [DEBUG] IsGoldWindowActive: matched via WinExist
[2026-03-13 17:47:09] [DEBUG] Family group not found — skipping F3560
[2026-03-13 17:47:09] [DEBUG] Clicked and typed at (712,135): F3561
[2026-03-13 17:47:12] [DEBUG] IsGoldWindowActive: matched via WinExist
[2026-03-13 17:47:16] [DEBUG] Family group not found — skipping F3561
[2026-03-13 17:47:16] [DEBUG] Clicked and typed at (712,135): F5004
[2026-03-13 17:47:19] [DEBUG] IsGoldWindowActive: matched via WinExist
[2026-03-13 17:47:23] [DEBUG] Family group not found — skipping F5004
[2026-03-13 17:47:23] [DEBUG] Clicked and typed at (712,135): F5005
[2026-03-13 17:47:26] [DEBUG] IsGoldWindowActive: matched via WinExist
[2026-03-13 17:47:30] [DEBUG] Family group not found — skipping F5005
[2026-03-13 17:47:30] [DEBUG] Clicked and typed at (712,135): F5006
[2026-03-13 17:47:33] [DEBUG] IsGoldWindowActive: matched via WinExist
[2026-03-13 17:47:37] [DEBUG] Family group not found — skipping F5006
[2026-03-13 17:47:37] [DEBUG] Clicked and typed at (712,135): F5007
[2026-03-13 17:47:39] [DEBUG] IsGoldWindowActive: matched via WinExist
[2026-03-13 17:47:43] [DEBUG] Family group not found — skipping F5007
[2026-03-13 17:47:44] [DEBUG] Clicked and typed at (712,135): F5009
[2026-03-13 17:47:46] [DEBUG] IsGoldWindowActive: matched via WinExist
[2026-03-13 17:47:50] [DEBUG] Family group not found — skipping F5009
[2026-03-13 17:47:51] [DEBUG] Clicked and typed at (712,135): F5010
[2026-03-13 17:47:53] [DEBUG] IsGoldWindowActive: matched via WinExist
[2026-03-13 17:47:57] [DEBUG] Family group not found — skipping F5010
[2026-03-13 17:47:58] [DEBUG] Clicked and typed at (712,135): F5011
[2026-03-13 17:48:00] [DEBUG] IsGoldWindowActive: matched via WinExist
[2026-03-13 17:48:04] [DEBUG] Family group not found — skipping F5011
[2026-03-13 17:48:05] [DEBUG] Clicked and typed at (712,135): F5012
[2026-03-13 17:48:07] [DEBUG] IsGoldWindowActive: matched via WinExist
[2026-03-13 17:48:11] [DEBUG] Family group not found — skipping F5012
[2026-03-13 17:48:12] [DEBUG] Clicked and typed at (712,135): F5013
[2026-03-13 17:48:14] [DEBUG] IsGoldWindowActive: matched via WinExist
[2026-03-13 17:48:18] [DEBUG] Family group not found — skipping F5013
[2026-03-13 17:48:19] [DEBUG] Clicked and typed at (712,135): F5015
[2026-03-13 17:48:21] [DEBUG] IsGoldWindowActive: matched via WinExist
[2026-03-13 17:48:25] [DEBUG] Family group not found — skipping F5015
[2026-03-13 17:48:26] [DEBUG] Clicked and typed at (712,135): F5016
[2026-03-13 17:48:28] [DEBUG] IsGoldWindowActive: matched via WinExist
[2026-03-13 17:48:32] [DEBUG] Family group not found — skipping F5016
[2026-03-13 17:48:33] [DEBUG] Clicked and typed at (712,135): F5017
[2026-03-13 17:48:35] [DEBUG] IsGoldWindowActive: matched via WinExist
[2026-03-13 17:48:39] [DEBUG] Family group not found — skipping F5017
[2026-03-13 17:48:40] [DEBUG] Clicked and typed at (712,135): F5018
[2026-03-13 17:48:42] [DEBUG] IsGoldWindowActive: matched via WinExist
[2026-03-13 17:48:46] [DEBUG] Family group not found — skipping F5018
[2026-03-13 17:48:47] [DEBUG] Clicked and typed at (712,135): F5022
[2026-03-13 17:48:49] [DEBUG] IsGoldWindowActive: matched via WinExist
[2026-03-13 17:48:53] [DEBUG] Family group not found — skipping F5022
[2026-03-13 17:48:54] [DEBUG] Clicked and typed at (712,135): F5024
[2026-03-13 17:48:56] [DEBUG] IsGoldWindowActive: matched via WinExist
[2026-03-13 17:49:00] [DEBUG] Family group not found — skipping F5024
[2026-03-13 17:49:01] [DEBUG] Clicked and typed at (712,135): F5027
[2026-03-13 17:49:03] [DEBUG] IsGoldWindowActive: matched via WinExist
[2026-03-13 17:49:07] [DEBUG] Family group not found — skipping F5027
[2026-03-13 17:49:08] [DEBUG] Clicked and typed at (712,135): F5028
[2026-03-13 17:49:10] [DEBUG] IsGoldWindowActive: matched via WinExist
[2026-03-13 17:49:14] [DEBUG] Family group not found — skipping F5028
[2026-03-13 17:49:15] [DEBUG] Clicked and typed at (712,135): F5157
[2026-03-13 17:49:17] [DEBUG] IsGoldWindowActive: matched via WinExist
[2026-03-13 17:49:21] [DEBUG] Family group not found — skipping F5157
[2026-03-13 17:49:21] [DEBUG] Clicked and typed at (712,135): F5158
[2026-03-13 17:49:24] [DEBUG] IsGoldWindowActive: matched via WinExist
[2026-03-13 17:49:28] [DEBUG] Family group not found — skipping F5158
[2026-03-13 17:49:28] [DEBUG] Clicked and typed at (712,135): F5159
[2026-03-13 17:49:31] [DEBUG] IsGoldWindowActive: matched via WinExist
[2026-03-13 17:49:35] [DEBUG] Family group not found — skipping F5159
[2026-03-13 17:49:35] [DEBUG] Clicked and typed at (712,135): F5160
[2026-03-13 17:49:38] [DEBUG] IsGoldWindowActive: matched via WinExist
[2026-03-13 17:49:42] [DEBUG] Family group not found — skipping F5160
[2026-03-13 17:49:42] [DEBUG] Clicked and typed at (712,135): F5161
[2026-03-13 17:49:45] [DEBUG] IsGoldWindowActive: matched via WinExist
[2026-03-13 17:49:49] [DEBUG] Family group not found — skipping F5161
[2026-03-13 17:49:49] [DEBUG] Clicked and typed at (712,135): F5162
[2026-03-13 17:49:51] [DEBUG] IsGoldWindowActive: matched via WinExist
[2026-03-13 17:49:56] [DEBUG] Family group not found — skipping F5162
[2026-03-13 17:49:56] [DEBUG] Clicked and typed at (712,135): F5163
[2026-03-13 17:49:58] [DEBUG] IsGoldWindowActive: matched via WinExist
[2026-03-13 17:50:02] [DEBUG] Family group not found — skipping F5163
[2026-03-13 17:50:03] [DEBUG] Clicked and typed at (712,135): F5164
[2026-03-13 17:50:05] [DEBUG] IsGoldWindowActive: matched via WinExist
[2026-03-13 17:50:09] [DEBUG] Family group not found — skipping F5164
[2026-03-13 17:50:10] [DEBUG] Clicked and typed at (712,135): F5165
[2026-03-13 17:50:12] [DEBUG] IsGoldWindowActive: matched via WinExist
[2026-03-13 17:50:16] [DEBUG] Family group not found — skipping F5165
[2026-03-13 17:50:17] [DEBUG] Clicked and typed at (712,135): F5166
[2026-03-13 17:50:19] [DEBUG] IsGoldWindowActive: matched via WinExist
[2026-03-13 17:50:23] [DEBUG] Family group not found — skipping F5166
[2026-03-13 17:50:24] [DEBUG] Clicked and typed at (712,135): F5167
[2026-03-13 17:50:26] [DEBUG] IsGoldWindowActive: matched via WinExist
[2026-03-13 17:50:30] [DEBUG] Family group not found — skipping F5167
[2026-03-13 17:50:31] [DEBUG] Clicked and typed at (712,135): F5168
[2026-03-13 17:50:33] [DEBUG] IsGoldWindowActive: matched via WinExist
[2026-03-13 17:50:37] [DEBUG] Family group not found — skipping F5168
[2026-03-13 17:50:38] [DEBUG] Clicked and typed at (712,135): F5169
[2026-03-13 17:50:40] [DEBUG] IsGoldWindowActive: matched via WinExist
[2026-03-13 17:50:44] [DEBUG] Family group not found — skipping F5169
[2026-03-13 17:50:45] [DEBUG] Clicked and typed at (712,135): F1000003
[2026-03-13 17:50:47] [DEBUG] IsGoldWindowActive: matched via WinExist
[2026-03-13 17:50:51] [DEBUG] Family group not found — skipping F1000003
[2026-03-13 17:50:52] [DEBUG] Clicked and typed at (712,135): F1091
[2026-03-13 17:50:54] [DEBUG] IsGoldWindowActive: matched via WinExist
[2026-03-13 17:50:58] [DEBUG] Family group not found — skipping F1091
[2026-03-13 17:50:59] [DEBUG] Clicked and typed at (712,135): F1092
[2026-03-13 17:51:01] [DEBUG] IsGoldWindowActive: matched via WinExist
[2026-03-13 17:51:05] [DEBUG] Family group not found — skipping F1092
[2026-03-13 17:51:06] [DEBUG] Clicked and typed at (712,135): F1093
[2026-03-13 17:51:08] [DEBUG] IsGoldWindowActive: matched via WinExist
[2026-03-13 17:51:12] [DEBUG] Family group not found — skipping F1093
[2026-03-13 17:51:13] [DEBUG] Clicked and typed at (712,135): F1094
[2026-03-13 17:51:15] [DEBUG] IsGoldWindowActive: matched via WinExist
[2026-03-13 17:51:19] [DEBUG] Family group not found — skipping F1094
[2026-03-13 17:51:20] [DEBUG] Clicked and typed at (712,135): F1095
[2026-03-13 17:51:22] [DEBUG] IsGoldWindowActive: matched via WinExist
[2026-03-13 17:51:26] [DEBUG] Family group not found — skipping F1095
[2026-03-13 17:51:27] [DEBUG] Clicked and typed at (712,135): F1096
[2026-03-13 17:51:29] [DEBUG] IsGoldWindowActive: matched via WinExist
[2026-03-13 17:51:33] [DEBUG] Family group not found — skipping F1096
[2026-03-13 17:51:34] [DEBUG] Clicked and typed at (712,135): F5252
[2026-03-13 17:51:36] [DEBUG] IsGoldWindowActive: matched via WinExist
[2026-03-13 17:51:40] [DEBUG] Family group not found — skipping F5252
[2026-03-13 17:51:41] [DEBUG] Clicked and typed at (712,135): F1097
[2026-03-13 17:51:43] [DEBUG] IsGoldWindowActive: matched via WinExist
[2026-03-13 17:51:47] [DEBUG] Family group not found — skipping F1097
[2026-03-13 17:51:47] [DEBUG] Clicked and typed at (712,135): F1098
[2026-03-13 17:51:50] [DEBUG] IsGoldWindowActive: matched via WinExist
[2026-03-13 17:51:54] [DEBUG] Family group not found — skipping F1098
[2026-03-13 17:51:54] [DEBUG] Clicked and typed at (712,135): F1099
[2026-03-13 17:51:57] [DEBUG] IsGoldWindowActive: matched via WinExist
[2026-03-13 17:52:01] [DEBUG] Family group not found — skipping F1099
[2026-03-13 17:52:01] [DEBUG] Clicked and typed at (712,135): F1100
[2026-03-13 17:52:04] [DEBUG] IsGoldWindowActive: matched via WinExist
[2026-03-13 17:52:08] [DEBUG] Family group not found — skipping F1100
[2026-03-13 17:52:08] [DEBUG] Clicked and typed at (712,135): F1101
[2026-03-13 17:52:11] [DEBUG] IsGoldWindowActive: matched via WinExist
[2026-03-13 17:52:15] [DEBUG] Family group not found — skipping F1101
[2026-03-13 17:52:15] [DEBUG] Clicked and typed at (712,135): F1102
[2026-03-13 17:52:18] [DEBUG] IsGoldWindowActive: matched via WinExist
[2026-03-13 17:52:22] [DEBUG] Family group not found — skipping F1102
[2026-03-13 17:52:22] [DEBUG] Clicked and typed at (712,135): F1103
[2026-03-13 17:52:25] [DEBUG] IsGoldWindowActive: matched via WinExist
[2026-03-13 17:52:29] [DEBUG] Family group not found — skipping F1103
[2026-03-13 17:52:29] [DEBUG] Clicked and typed at (712,135): F1107
[2026-03-13 17:52:31] [DEBUG] IsGoldWindowActive: matched via WinExist
[2026-03-13 17:52:35] [DEBUG] Family group not found — skipping F1107
[2026-03-13 17:52:36] [DEBUG] Clicked and typed at (712,135): F1108
[2026-03-13 17:52:38] [DEBUG] IsGoldWindowActive: matched via WinExist
[2026-03-13 17:52:42] [DEBUG] Family group not found — skipping F1108
[2026-03-13 17:52:43] [DEBUG] Clicked and typed at (712,135): F1110
[2026-03-13 17:52:45] [DEBUG] IsGoldWindowActive: matched via WinExist
[2026-03-13 17:52:49] [DEBUG] Family group not found — skipping F1110
[2026-03-13 17:52:50] [DEBUG] Clicked and typed at (712,135): F1111
[2026-03-13 17:52:52] [DEBUG] IsGoldWindowActive: matched via WinExist
[2026-03-13 17:52:56] [DEBUG] Family group not found — skipping F1111
[2026-03-13 17:52:57] [DEBUG] Clicked and typed at (712,135): F1113
[2026-03-13 17:52:59] [DEBUG] IsGoldWindowActive: matched via WinExist
[2026-03-13 17:53:03] [DEBUG] Family group not found — skipping F1113
[2026-03-13 17:53:04] [DEBUG] Clicked and typed at (712,135): F1114
[2026-03-13 17:53:06] [DEBUG] IsGoldWindowActive: matched via WinExist
[2026-03-13 17:53:10] [DEBUG] Family group not found — skipping F1114
[2026-03-13 17:53:11] [DEBUG] Clicked and typed at (712,135): F1116
[2026-03-13 17:53:13] [DEBUG] IsGoldWindowActive: matched via WinExist
[2026-03-13 17:53:17] [DEBUG] Family group not found — skipping F1116
[2026-03-13 17:53:18] [DEBUG] Clicked and typed at (712,135): F1117
[2026-03-13 17:53:20] [DEBUG] IsGoldWindowActive: matched via WinExist
[2026-03-13 17:53:24] [DEBUG] Family group not found — skipping F1117
[2026-03-13 17:53:25] [DEBUG] Clicked and typed at (712,135): F1119
[2026-03-13 17:53:27] [DEBUG] IsGoldWindowActive: matched via WinExist
[2026-03-13 17:53:31] [DEBUG] Family group not found — skipping F1119
[2026-03-13 17:53:32] [DEBUG] Clicked and typed at (712,135): F5154
[2026-03-13 17:53:34] [DEBUG] IsGoldWindowActive: matched via WinExist
[2026-03-13 17:53:38] [DEBUG] Family group not found — skipping F5154
[2026-03-13 17:53:39] [DEBUG] Clicked and typed at (712,135): F5155
[2026-03-13 17:53:41] [DEBUG] IsGoldWindowActive: matched via WinExist
[2026-03-13 17:53:45] [DEBUG] Family group not found — skipping F5155
[2026-03-13 17:53:46] [DEBUG] Clicked and typed at (712,135): F1120
[2026-03-13 17:53:48] [DEBUG] IsGoldWindowActive: matched via WinExist
[2026-03-13 17:53:52] [DEBUG] Family group not found — skipping F1120
[2026-03-13 17:53:53] [DEBUG] Clicked and typed at (712,135): F1121
[2026-03-13 17:53:55] [DEBUG] IsGoldWindowActive: matched via WinExist
[2026-03-13 17:53:59] [DEBUG] Family group not found — skipping F1121
[2026-03-13 17:54:00] [DEBUG] Clicked and typed at (712,135): F1122
[2026-03-13 17:54:02] [DEBUG] IsGoldWindowActive: matched via WinExist
[2026-03-13 17:54:06] [DEBUG] Family group not found — skipping F1122
[2026-03-13 17:54:07] [DEBUG] Clicked and typed at (712,135): F1123
[2026-03-13 17:54:09] [DEBUG] IsGoldWindowActive: matched via WinExist
[2026-03-13 17:54:13] [DEBUG] Family group not found — skipping F1123
[2026-03-13 17:54:14] [DEBUG] Clicked and typed at (712,135): F1124
[2026-03-13 17:54:16] [DEBUG] IsGoldWindowActive: matched via WinExist
[2026-03-13 17:54:20] [DEBUG] Family group not found — skipping F1124
[2026-03-13 17:54:21] [DEBUG] Clicked and typed at (712,135): F1125
[2026-03-13 17:54:23] [DEBUG] IsGoldWindowActive: matched via WinExist
[2026-03-13 17:54:27] [DEBUG] Family group not found — skipping F1125
[2026-03-13 17:54:28] [DEBUG] Clicked and typed at (712,135): F1129
[2026-03-13 17:54:30] [DEBUG] IsGoldWindowActive: matched via WinExist
[2026-03-13 17:54:34] [DEBUG] Family group not found — skipping F1129
[2026-03-13 17:54:34] [DEBUG] Clicked and typed at (712,135): F1130
[2026-03-13 17:54:37] [DEBUG] IsGoldWindowActive: matched via WinExist
[2026-03-13 17:54:41] [DEBUG] Family group not found — skipping F1130
[2026-03-13 17:54:41] [DEBUG] Clicked and typed at (712,135): F1131
[2026-03-13 17:54:44] [DEBUG] IsGoldWindowActive: matched via WinExist
[2026-03-13 17:54:48] [DEBUG] Family group not found — skipping F1131
[2026-03-13 17:54:48] [DEBUG] Clicked and typed at (712,135): F1137
[2026-03-13 17:54:51] [DEBUG] IsGoldWindowActive: matched via WinExist
[2026-03-13 17:54:55] [DEBUG] Family group not found — skipping F1137
[2026-03-13 17:54:55] [DEBUG] Clicked and typed at (712,135): F1138
[2026-03-13 17:54:58] [DEBUG] IsGoldWindowActive: matched via WinExist
[2026-03-13 17:55:02] [DEBUG] Family group not found — skipping F1138
[2026-03-13 17:55:02] [DEBUG] Clicked and typed at (712,135): F1139
[2026-03-13 17:55:04] [DEBUG] IsGoldWindowActive: matched via WinExist
[2026-03-13 17:55:08] [DEBUG] Family group not found — skipping F1139
[2026-03-13 17:55:09] [DEBUG] Clicked and typed at (712,135): F1141
[2026-03-13 17:55:11] [DEBUG] IsGoldWindowActive: matched via WinExist
[2026-03-13 17:55:15] [DEBUG] Family group not found — skipping F1141
[2026-03-13 17:55:16] [DEBUG] Clicked and typed at (712,135): F1143
[2026-03-13 17:55:18] [DEBUG] IsGoldWindowActive: matched via WinExist
[2026-03-13 17:55:22] [DEBUG] Family group not found — skipping F1143
[2026-03-13 17:55:23] [DEBUG] Clicked and typed at (712,135): F1145
[2026-03-13 17:55:25] [DEBUG] IsGoldWindowActive: matched via WinExist
[2026-03-13 17:55:29] [DEBUG] Family group not found — skipping F1145
[2026-03-13 17:55:30] [DEBUG] Clicked and typed at (712,135): F1147
[2026-03-13 17:55:32] [DEBUG] IsGoldWindowActive: matched via WinExist
[2026-03-13 17:55:36] [DEBUG] Family group not found — skipping F1147
[2026-03-13 17:55:37] [DEBUG] Clicked and typed at (712,135): F1150
[2026-03-13 17:55:39] [DEBUG] IsGoldWindowActive: matched via WinExist
[2026-03-13 17:55:43] [DEBUG] Family group not found — skipping F1150
[2026-03-13 17:55:44] [DEBUG] Clicked and typed at (712,135): F1153
[2026-03-13 17:55:46] [DEBUG] IsGoldWindowActive: matched via WinExist
[2026-03-13 17:55:50] [DEBUG] Family group not found — skipping F1153
[2026-03-13 17:55:51] [DEBUG] Clicked and typed at (712,135): F1154
[2026-03-13 17:55:53] [DEBUG] IsGoldWindowActive: matched via WinExist
[2026-03-13 17:55:57] [DEBUG] Family group not found — skipping F1154
[2026-03-13 17:55:58] [DEBUG] Clicked and typed at (712,135): F1157
[2026-03-13 17:56:00] [DEBUG] IsGoldWindowActive: matched via WinExist
[2026-03-13 17:56:04] [DEBUG] Family group not found — skipping F1157
[2026-03-13 17:56:05] [DEBUG] Clicked and typed at (712,135): F1158
[2026-03-13 17:56:07] [DEBUG] IsGoldWindowActive: matched via WinExist
[2026-03-13 17:56:11] [DEBUG] Family group not found — skipping F1158
[2026-03-13 17:56:12] [DEBUG] Clicked and typed at (712,135): F1159
[2026-03-13 17:56:14] [DEBUG] IsGoldWindowActive: matched via WinExist
[2026-03-13 17:56:18] [DEBUG] Family group not found — skipping F1159
[2026-03-13 17:56:19] [DEBUG] Clicked and typed at (712,135): F1162
[2026-03-13 17:56:21] [DEBUG] IsGoldWindowActive: matched via WinExist
[2026-03-13 17:56:25] [DEBUG] Family group not found — skipping F1162
[2026-03-13 17:56:26] [DEBUG] Clicked and typed at (712,135): F1163
[2026-03-13 17:56:28] [DEBUG] IsGoldWindowActive: matched via WinExist
[2026-03-13 17:56:32] [DEBUG] Family group not found — skipping F1163
[2026-03-13 17:56:33] [DEBUG] Clicked and typed at (712,135): F1164
[2026-03-13 17:56:35] [DEBUG] IsGoldWindowActive: matched via WinExist
[2026-03-13 17:56:39] [DEBUG] Family group not found — skipping F1164
[2026-03-13 17:56:40] [DEBUG] Clicked and typed at (712,135): F1165
[2026-03-13 17:56:42] [DEBUG] IsGoldWindowActive: matched via WinExist
[2026-03-13 17:56:46] [DEBUG] Family group not found — skipping F1165
[2026-03-13 17:56:46] [DEBUG] Clicked and typed at (712,135): F5207
[2026-03-13 17:56:49] [DEBUG] IsGoldWindowActive: matched via WinExist
[2026-03-13 17:56:53] [DEBUG] Family group not found — skipping F5207
[2026-03-13 17:56:53] [DEBUG] Clicked and typed at (712,135): F1166
[2026-03-13 17:56:56] [DEBUG] IsGoldWindowActive: matched via WinExist
[2026-03-13 17:57:00] [DEBUG] Family group not found — skipping F1166
[2026-03-13 17:57:00] [DEBUG] Clicked and typed at (712,135): F1167
[2026-03-13 17:57:03] [DEBUG] IsGoldWindowActive: matched via WinExist
[2026-03-13 17:57:07] [DEBUG] Family group not found — skipping F1167
[2026-03-13 17:57:07] [DEBUG] Clicked and typed at (712,135): F1168
[2026-03-13 17:57:10] [DEBUG] IsGoldWindowActive: matched via WinExist
[2026-03-13 17:57:14] [DEBUG] Family group not found — skipping F1168
[2026-03-13 17:57:14] [DEBUG] Clicked and typed at (712,135): F1173
[2026-03-13 17:57:16] [DEBUG] IsGoldWindowActive: matched via WinExist
[2026-03-13 17:57:20] [DEBUG] Family group not found — skipping F1173
[2026-03-13 17:57:21] [DEBUG] Clicked and typed at (712,135): F1174
[2026-03-13 17:57:23] [DEBUG] IsGoldWindowActive: matched via WinExist
[2026-03-13 17:57:27] [DEBUG] Family group not found — skipping F1174
[2026-03-13 17:57:28] [DEBUG] Clicked and typed at (712,135): F1175
[2026-03-13 17:57:30] [DEBUG] IsGoldWindowActive: matched via WinExist
[2026-03-13 17:57:34] [DEBUG] Family group not found — skipping F1175
[2026-03-13 17:57:35] [DEBUG] Clicked and typed at (712,135): F1176
[2026-03-13 17:57:37] [DEBUG] IsGoldWindowActive: matched via WinExist
[2026-03-13 17:57:41] [DEBUG] Family group not found — skipping F1176
[2026-03-13 17:57:42] [DEBUG] Clicked and typed at (712,135): F1180
[2026-03-13 17:57:44] [DEBUG] IsGoldWindowActive: matched via WinExist
[2026-03-13 17:57:48] [DEBUG] Family group not found — skipping F1180
[2026-03-13 17:57:49] [DEBUG] Clicked and typed at (712,135): F1000004
[2026-03-13 17:57:51] [DEBUG] IsGoldWindowActive: matched via WinExist
[2026-03-13 17:57:55] [DEBUG] Family group not found — skipping F1000004
[2026-03-13 17:57:56] [DEBUG] Clicked and typed at (712,135): F1182
[2026-03-13 17:57:58] [DEBUG] IsGoldWindowActive: matched via WinExist
[2026-03-13 17:58:02] [DEBUG] Family group not found — skipping F1182
[2026-03-13 17:58:03] [DEBUG] Clicked and typed at (712,135): F1183
[2026-03-13 17:58:05] [DEBUG] IsGoldWindowActive: matched via WinExist
[2026-03-13 17:58:09] [DEBUG] Family group not found — skipping F1183
[2026-03-13 17:58:10] [DEBUG] Clicked and typed at (712,135): F1185
[2026-03-13 17:58:12] [DEBUG] IsGoldWindowActive: matched via WinExist
[2026-03-13 17:58:16] [DEBUG] Family group not found — skipping F1185
[2026-03-13 17:58:17] [DEBUG] Clicked and typed at (712,135): F1186
[2026-03-13 17:58:19] [DEBUG] IsGoldWindowActive: matched via WinExist
[2026-03-13 17:58:23] [DEBUG] Family group not found — skipping F1186
[2026-03-13 17:58:24] [DEBUG] Clicked and typed at (712,135): F1187
[2026-03-13 17:58:26] [DEBUG] IsGoldWindowActive: matched via WinExist
[2026-03-13 17:58:30] [DEBUG] Family group not found — skipping F1187
[2026-03-13 17:58:31] [DEBUG] Clicked and typed at (712,135): F1189
[2026-03-13 17:58:33] [DEBUG] IsGoldWindowActive: matched via WinExist
[2026-03-13 17:58:37] [DEBUG] Family group not found — skipping F1189
[2026-03-13 17:58:38] [DEBUG] Clicked and typed at (712,135): F1190
[2026-03-13 17:58:40] [DEBUG] IsGoldWindowActive: matched via WinExist
[2026-03-13 17:58:44] [DEBUG] Family group not found — skipping F1190
[2026-03-13 17:58:45] [DEBUG] Clicked and typed at (712,135): F1191
[2026-03-13 17:58:47] [DEBUG] IsGoldWindowActive: matched via WinExist
[2026-03-13 17:58:51] [DEBUG] Family group not found — skipping F1191
[2026-03-13 17:58:52] [DEBUG] Clicked and typed at (712,135): F1192
[2026-03-13 17:58:54] [DEBUG] IsGoldWindowActive: matched via WinExist
[2026-03-13 17:58:58] [DEBUG] Family group not found — skipping F1192
[2026-03-13 17:58:58] [DEBUG] Clicked and typed at (712,135): F1193
[2026-03-13 17:59:01] [DEBUG] IsGoldWindowActive: matched via WinExist
[2026-03-13 17:59:05] [DEBUG] Family group not found — skipping F1193
[2026-03-13 17:59:05] [DEBUG] Clicked and typed at (712,135): F1194
[2026-03-13 17:59:08] [DEBUG] IsGoldWindowActive: matched via WinExist
[2026-03-13 17:59:12] [DEBUG] Family group not found — skipping F1194
[2026-03-13 17:59:12] [DEBUG] Clicked and typed at (712,135): F1201
[2026-03-13 17:59:15] [DEBUG] IsGoldWindowActive: matched via WinExist
[2026-03-13 17:59:19] [DEBUG] Family group not found — skipping F1201
[2026-03-13 17:59:19] [DEBUG] Clicked and typed at (712,135): F1202
[2026-03-13 17:59:22] [DEBUG] IsGoldWindowActive: matched via WinExist
[2026-03-13 17:59:26] [DEBUG] Family group not found — skipping F1202
[2026-03-13 17:59:26] [DEBUG] Clicked and typed at (712,135): F1203
[2026-03-13 17:59:28] [DEBUG] IsGoldWindowActive: matched via WinExist
[2026-03-13 17:59:33] [DEBUG] Family group not found — skipping F1203
[2026-03-13 17:59:33] [DEBUG] Clicked and typed at (712,135): F1204
[2026-03-13 17:59:35] [DEBUG] IsGoldWindowActive: matched via WinExist
[2026-03-13 17:59:39] [DEBUG] Family group not found — skipping F1204
[2026-03-13 17:59:40] [DEBUG] Clicked and typed at (712,135): F1205
[2026-03-13 17:59:42] [DEBUG] IsGoldWindowActive: matched via WinExist
[2026-03-13 17:59:46] [DEBUG] Family group not found — skipping F1205
[2026-03-13 17:59:47] [DEBUG] Clicked and typed at (712,135): F1206
[2026-03-13 17:59:49] [DEBUG] IsGoldWindowActive: matched via WinExist
[2026-03-13 17:59:53] [DEBUG] Family group not found — skipping F1206
[2026-03-13 17:59:54] [DEBUG] Clicked and typed at (712,135): F1207
[2026-03-13 17:59:56] [DEBUG] IsGoldWindowActive: matched via WinExist
[2026-03-13 18:00:00] [DEBUG] Family group not found — skipping F1207
[2026-03-13 18:00:01] [DEBUG] Clicked and typed at (712,135): F1208
[2026-03-13 18:00:03] [DEBUG] IsGoldWindowActive: matched via WinExist
[2026-03-13 18:00:07] [DEBUG] Family group not found — skipping F1208
[2026-03-13 18:00:08] [DEBUG] Clicked and typed at (712,135): F1209
[2026-03-13 18:00:10] [DEBUG] IsGoldWindowActive: matched via WinExist
[2026-03-13 18:00:14] [DEBUG] Family group not found — skipping F1209
[2026-03-13 18:00:15] [DEBUG] Clicked and typed at (712,135): F1210
[2026-03-13 18:00:17] [DEBUG] IsGoldWindowActive: matched via WinExist
[2026-03-13 18:00:21] [DEBUG] Family group not found — skipping F1210
[2026-03-13 18:00:22] [DEBUG] Clicked and typed at (712,135): F1211
[2026-03-13 18:00:24] [DEBUG] IsGoldWindowActive: matched via WinExist
[2026-03-13 18:00:28] [DEBUG] Family group not found — skipping F1211
[2026-03-13 18:00:29] [DEBUG] Clicked and typed at (712,135): F1212
[2026-03-13 18:00:31] [DEBUG] IsGoldWindowActive: matched via WinExist
[2026-03-13 18:00:35] [DEBUG] Family group not found — skipping F1212
[2026-03-13 18:00:36] [DEBUG] Clicked and typed at (712,135): F1213
[2026-03-13 18:00:38] [DEBUG] IsGoldWindowActive: matched via WinExist
[2026-03-13 18:00:42] [DEBUG] Family group not found — skipping F1213
[2026-03-13 18:00:43] [DEBUG] Clicked and typed at (712,135): F1214
[2026-03-13 18:00:45] [DEBUG] IsGoldWindowActive: matched via WinExist
[2026-03-13 18:00:49] [DEBUG] Family group not found — skipping F1214
[2026-03-13 18:00:50] [DEBUG] Clicked and typed at (712,135): F1215
[2026-03-13 18:00:52] [DEBUG] IsGoldWindowActive: matched via WinExist
[2026-03-13 18:00:56] [DEBUG] Family group not found — skipping F1215
[2026-03-13 18:00:57] [DEBUG] Clicked and typed at (712,135): F1216
[2026-03-13 18:00:59] [DEBUG] IsGoldWindowActive: matched via WinExist
[2026-03-13 18:01:03] [DEBUG] Family group not found — skipping F1216
[2026-03-13 18:01:04] [DEBUG] Clicked and typed at (712,135): F1217
[2026-03-13 18:01:06] [DEBUG] IsGoldWindowActive: matched via WinExist
[2026-03-13 18:01:10] [DEBUG] Family group not found — skipping F1217
[2026-03-13 18:01:10] [DEBUG] Clicked and typed at (712,135): F1218
[2026-03-13 18:01:13] [DEBUG] IsGoldWindowActive: matched via WinExist
[2026-03-13 18:01:17] [DEBUG] Family group not found — skipping F1218
[2026-03-13 18:01:17] [DEBUG] Clicked and typed at (712,135): F1219
[2026-03-13 18:01:20] [DEBUG] IsGoldWindowActive: matched via WinExist
[2026-03-13 18:01:24] [DEBUG] Family group not found — skipping F1219
[2026-03-13 18:01:24] [DEBUG] Clicked and typed at (712,135): F3295
[2026-03-13 18:01:27] [DEBUG] IsGoldWindowActive: matched via WinExist
[2026-03-13 18:01:31] [DEBUG] Family group not found — skipping F3295
[2026-03-13 18:01:31] [DEBUG] Clicked and typed at (712,135): F1220
[2026-03-13 18:01:34] [DEBUG] IsGoldWindowActive: matched via WinExist
[2026-03-13 18:01:38] [DEBUG] Family group not found — skipping F1220
[2026-03-13 18:01:38] [DEBUG] Clicked and typed at (712,135): F1221
[2026-03-13 18:01:40] [DEBUG] IsGoldWindowActive: matched via WinExist
[2026-03-13 18:01:44] [DEBUG] Family group not found — skipping F1221
[2026-03-13 18:01:45] [DEBUG] Clicked and typed at (712,135): F1222
[2026-03-13 18:01:47] [DEBUG] IsGoldWindowActive: matched via WinExist
[2026-03-13 18:01:51] [DEBUG] Family group not found — skipping F1222
[2026-03-13 18:01:52] [DEBUG] Clicked and typed at (712,135): F1223
[2026-03-13 18:01:54] [DEBUG] IsGoldWindowActive: matched via WinExist
[2026-03-13 18:01:58] [DEBUG] Family group not found — skipping F1223
[2026-03-13 18:01:59] [DEBUG] Clicked and typed at (712,135): F1224
[2026-03-13 18:02:01] [DEBUG] IsGoldWindowActive: matched via WinExist
[2026-03-13 18:02:05] [DEBUG] Family group not found — skipping F1224
[2026-03-13 18:02:06] [DEBUG] Clicked and typed at (712,135): F1225
[2026-03-13 18:02:08] [DEBUG] IsGoldWindowActive: matched via WinExist
[2026-03-13 18:02:12] [DEBUG] Family group not found — skipping F1225
[2026-03-13 18:02:13] [DEBUG] Clicked and typed at (712,135): F1226
[2026-03-13 18:02:15] [DEBUG] IsGoldWindowActive: matched via WinExist
[2026-03-13 18:02:19] [DEBUG] Family group not found — skipping F1226
[2026-03-13 18:02:20] [DEBUG] Clicked and typed at (712,135): F3297
[2026-03-13 18:02:22] [DEBUG] IsGoldWindowActive: matched via WinExist
[2026-03-13 18:02:26] [DEBUG] Family group not found — skipping F3297
[2026-03-13 18:02:27] [DEBUG] Clicked and typed at (712,135): F1227
[2026-03-13 18:02:29] [DEBUG] IsGoldWindowActive: matched via WinExist
[2026-03-13 18:02:33] [DEBUG] Family group not found — skipping F1227
[2026-03-13 18:02:34] [DEBUG] Clicked and typed at (712,135): F1228
[2026-03-13 18:02:36] [DEBUG] IsGoldWindowActive: matched via WinExist
[2026-03-13 18:02:40] [DEBUG] Family group not found — skipping F1228
[2026-03-13 18:02:41] [DEBUG] Clicked and typed at (712,135): F1229
[2026-03-13 18:02:43] [DEBUG] IsGoldWindowActive: matched via WinExist
[2026-03-13 18:02:47] [DEBUG] Family group not found — skipping F1229
[2026-03-13 18:02:48] [DEBUG] Clicked and typed at (712,135): F1230
[2026-03-13 18:02:50] [DEBUG] IsGoldWindowActive: matched via WinExist
[2026-03-13 18:02:54] [DEBUG] Family group not found — skipping F1230
[2026-03-13 18:02:55] [DEBUG] Clicked and typed at (712,135): F1232
[2026-03-13 18:02:57] [DEBUG] IsGoldWindowActive: matched via WinExist
[2026-03-13 18:03:01] [DEBUG] Family group not found — skipping F1232
[2026-03-13 18:03:02] [DEBUG] Clicked and typed at (712,135): F1233
[2026-03-13 18:03:04] [DEBUG] IsGoldWindowActive: matched via WinExist
[2026-03-13 18:03:08] [DEBUG] Family group not found — skipping F1233
[2026-03-13 18:03:09] [DEBUG] Clicked and typed at (712,135): F1234
[2026-03-13 18:03:11] [DEBUG] IsGoldWindowActive: matched via WinExist
[2026-03-13 18:03:15] [DEBUG] Family group not found — skipping F1234
[2026-03-13 18:03:16] [DEBUG] Clicked and typed at (712,135): F1235
[2026-03-13 18:03:18] [DEBUG] IsGoldWindowActive: matched via WinExist
[2026-03-13 18:03:22] [DEBUG] Family group not found — skipping F1235
[2026-03-13 18:03:22] [DEBUG] Clicked and typed at (712,135): F1236
[2026-03-13 18:03:25] [DEBUG] IsGoldWindowActive: matched via WinExist
[2026-03-13 18:03:29] [DEBUG] Family group not found — skipping F1236
[2026-03-13 18:03:29] [DEBUG] Clicked and typed at (712,135): F1237
[2026-03-13 18:03:32] [DEBUG] IsGoldWindowActive: matched via WinExist
[2026-03-13 18:03:36] [DEBUG] Family group not found — skipping F1237
[2026-03-13 18:03:36] [DEBUG] Clicked and typed at (712,135): F4101
[2026-03-13 18:03:39] [DEBUG] IsGoldWindowActive: matched via WinExist
[2026-03-13 18:03:43] [DEBUG] Family group not found — skipping F4101
[2026-03-13 18:03:43] [DEBUG] Clicked and typed at (712,135): F1238
[2026-03-13 18:03:46] [DEBUG] IsGoldWindowActive: matched via WinExist
[2026-03-13 18:03:50] [DEBUG] Family group not found — skipping F1238
[2026-03-13 18:03:50] [DEBUG] Clicked and typed at (712,135): F1239
[2026-03-13 18:03:53] [DEBUG] IsGoldWindowActive: matched via WinExist
[2026-03-13 18:03:57] [DEBUG] Family group not found — skipping F1239
[2026-03-13 18:03:57] [DEBUG] Clicked and typed at (712,135): F1240
[2026-03-13 18:03:59] [DEBUG] IsGoldWindowActive: matched via WinExist
[2026-03-13 18:04:03] [DEBUG] Family group not found — skipping F1240
[2026-03-13 18:04:04] [DEBUG] Clicked and typed at (712,135): F1241
[2026-03-13 18:04:06] [DEBUG] IsGoldWindowActive: matched via WinExist
[2026-03-13 18:04:10] [DEBUG] Family group not found — skipping F1241
[2026-03-13 18:04:11] [DEBUG] Clicked and typed at (712,135): F1242
[2026-03-13 18:04:13] [DEBUG] IsGoldWindowActive: matched via WinExist
[2026-03-13 18:04:17] [DEBUG] Family group not found — skipping F1242
[2026-03-13 18:04:18] [DEBUG] Clicked and typed at (712,135): F1243
[2026-03-13 18:04:20] [DEBUG] IsGoldWindowActive: matched via WinExist
[2026-03-13 18:04:24] [DEBUG] Family group not found — skipping F1243
[2026-03-13 18:04:25] [DEBUG] Clicked and typed at (712,135): F1244
[2026-03-13 18:04:27] [DEBUG] IsGoldWindowActive: matched via WinExist
[2026-03-13 18:04:31] [DEBUG] Family group not found — skipping F1244
[2026-03-13 18:04:32] [DEBUG] Clicked and typed at (712,135): F1245
[2026-03-13 18:04:34] [DEBUG] IsGoldWindowActive: matched via WinExist
[2026-03-13 18:04:38] [DEBUG] Family group not found — skipping F1245
[2026-03-13 18:04:39] [DEBUG] Clicked and typed at (712,135): F1246
[2026-03-13 18:04:41] [DEBUG] IsGoldWindowActive: matched via WinExist
[2026-03-13 18:04:45] [DEBUG] Family group not found — skipping F1246
[2026-03-13 18:04:46] [DEBUG] Clicked and typed at (712,135): F1247
[2026-03-13 18:04:48] [DEBUG] IsGoldWindowActive: matched via WinExist
[2026-03-13 18:04:52] [DEBUG] Family group not found — skipping F1247
[2026-03-13 18:04:53] [DEBUG] Clicked and typed at (712,135): F1248
[2026-03-13 18:04:55] [DEBUG] IsGoldWindowActive: matched via WinExist
[2026-03-13 18:04:59] [DEBUG] Family group not found — skipping F1248
[2026-03-13 18:05:00] [DEBUG] Clicked and typed at (712,135): F1249
[2026-03-13 18:05:02] [DEBUG] IsGoldWindowActive: matched via WinExist
[2026-03-13 18:05:06] [DEBUG] Family group not found — skipping F1249
[2026-03-13 18:05:07] [DEBUG] Clicked and typed at (712,135): F1250
[2026-03-13 18:05:09] [DEBUG] IsGoldWindowActive: matched via WinExist
[2026-03-13 18:05:13] [DEBUG] Family group not found — skipping F1250
[2026-03-13 18:05:14] [DEBUG] Clicked and typed at (712,135): F1251
[2026-03-13 18:05:16] [DEBUG] IsGoldWindowActive: matched via WinExist
[2026-03-13 18:05:20] [DEBUG] Family group not found — skipping F1251
[2026-03-13 18:05:21] [DEBUG] Clicked and typed at (712,135): F1252
[2026-03-13 18:05:23] [DEBUG] IsGoldWindowActive: matched via WinExist
[2026-03-13 18:05:27] [DEBUG] Family group not found — skipping F1252
[2026-03-13 18:05:28] [DEBUG] Clicked and typed at (712,135): F1253
[2026-03-13 18:05:30] [DEBUG] IsGoldWindowActive: matched via WinExist
[2026-03-13 18:05:34] [DEBUG] Family group not found — skipping F1253
[2026-03-13 18:05:34] [DEBUG] Clicked and typed at (712,135): F1254
[2026-03-13 18:05:37] [DEBUG] IsGoldWindowActive: matched via WinExist
[2026-03-13 18:05:41] [DEBUG] Family group not found — skipping F1254
[2026-03-13 18:05:41] [DEBUG] Clicked and typed at (712,135): F1258
[2026-03-13 18:05:44] [DEBUG] IsGoldWindowActive: matched via WinExist
[2026-03-13 18:05:48] [DEBUG] Family group not found — skipping F1258
[2026-03-13 18:05:48] [DEBUG] Clicked and typed at (712,135): F1260
[2026-03-13 18:05:51] [DEBUG] IsGoldWindowActive: matched via WinExist
[2026-03-13 18:05:55] [DEBUG] Family group not found — skipping F1260
[2026-03-13 18:05:55] [DEBUG] Clicked and typed at (712,135): F4100
[2026-03-13 18:05:58] [DEBUG] IsGoldWindowActive: matched via WinExist
[2026-03-13 18:06:02] [DEBUG] Family group not found — skipping F4100
[2026-03-13 18:06:02] [DEBUG] Clicked and typed at (712,135): F5031
[2026-03-13 18:06:04] [DEBUG] IsGoldWindowActive: matched via WinExist
[2026-03-13 18:06:08] [DEBUG] Family group not found — skipping F5031
[2026-03-13 18:06:09] [DEBUG] Clicked and typed at (712,135): F5032
[2026-03-13 18:06:11] [DEBUG] IsGoldWindowActive: matched via WinExist
[2026-03-13 18:06:15] [DEBUG] Family group not found — skipping F5032
[2026-03-13 18:06:16] [DEBUG] Clicked and typed at (712,135): F5033
[2026-03-13 18:06:18] [DEBUG] IsGoldWindowActive: matched via WinExist
[2026-03-13 18:06:22] [DEBUG] Family group not found — skipping F5033
[2026-03-13 18:06:23] [DEBUG] Clicked and typed at (712,135): F5034
[2026-03-13 18:06:25] [DEBUG] IsGoldWindowActive: matched via WinExist
[2026-03-13 18:06:29] [DEBUG] Family group not found — skipping F5034
[2026-03-13 18:06:30] [DEBUG] Clicked and typed at (712,135): F5040
[2026-03-13 18:06:32] [DEBUG] IsGoldWindowActive: matched via WinExist
[2026-03-13 18:06:36] [DEBUG] Family group not found — skipping F5040
[2026-03-13 18:06:37] [DEBUG] Clicked and typed at (712,135): F1261
[2026-03-13 18:06:39] [DEBUG] IsGoldWindowActive: matched via WinExist
[2026-03-13 18:06:43] [DEBUG] Family group not found — skipping F1261
[2026-03-13 18:06:44] [DEBUG] Clicked and typed at (712,135): F1262
[2026-03-13 18:06:46] [DEBUG] IsGoldWindowActive: matched via WinExist
[2026-03-13 18:06:50] [DEBUG] Family group not found — skipping F1262
[2026-03-13 18:06:51] [DEBUG] Clicked and typed at (712,135): F1263
[2026-03-13 18:06:53] [DEBUG] IsGoldWindowActive: matched via WinExist
[2026-03-13 18:06:57] [DEBUG] Family group not found — skipping F1263
[2026-03-13 18:06:58] [DEBUG] Clicked and typed at (712,135): F1264
[2026-03-13 18:07:00] [DEBUG] IsGoldWindowActive: matched via WinExist
[2026-03-13 18:07:04] [DEBUG] Family group not found — skipping F1264
[2026-03-13 18:07:05] [DEBUG] Clicked and typed at (712,135): F1265
[2026-03-13 18:07:07] [DEBUG] IsGoldWindowActive: matched via WinExist
[2026-03-13 18:07:11] [DEBUG] Family group not found — skipping F1265
[2026-03-13 18:07:12] [DEBUG] Clicked and typed at (712,135): F1266
[2026-03-13 18:07:14] [DEBUG] IsGoldWindowActive: matched via WinExist
[2026-03-13 18:07:18] [DEBUG] Family group not found — skipping F1266
[2026-03-13 18:07:19] [DEBUG] Clicked and typed at (712,135): F1267
[2026-03-13 18:07:21] [DEBUG] IsGoldWindowActive: matched via WinExist
[2026-03-13 18:07:25] [DEBUG] Family group not found — skipping F1267
[2026-03-13 18:07:26] [DEBUG] Clicked and typed at (712,135): F1268
[2026-03-13 18:07:28] [DEBUG] IsGoldWindowActive: matched via WinExist
[2026-03-13 18:07:32] [DEBUG] Family group not found — skipping F1268
[2026-03-13 18:07:33] [DEBUG] Clicked and typed at (712,135): F1269
[2026-03-13 18:07:35] [DEBUG] IsGoldWindowActive: matched via WinExist
[2026-03-13 18:07:39] [DEBUG] Family group not found — skipping F1269
[2026-03-13 18:07:39] [DEBUG] Clicked and typed at (712,135): F1270
[2026-03-13 18:07:42] [DEBUG] IsGoldWindowActive: matched via WinExist
[2026-03-13 18:07:46] [DEBUG] Family group not found — skipping F1270
[2026-03-13 18:07:46] [DEBUG] Clicked and typed at (712,135): F1271
[2026-03-13 18:07:49] [DEBUG] IsGoldWindowActive: matched via WinExist
[2026-03-13 18:07:53] [DEBUG] Family group not found — skipping F1271
[2026-03-13 18:07:53] [DEBUG] Clicked and typed at (712,135): F1272
[2026-03-13 18:07:56] [DEBUG] IsGoldWindowActive: matched via WinExist
[2026-03-13 18:08:00] [DEBUG] Family group not found — skipping F1272
[2026-03-13 18:08:00] [DEBUG] Clicked and typed at (712,135): F1273
[2026-03-13 18:08:03] [DEBUG] IsGoldWindowActive: matched via WinExist
[2026-03-13 18:08:07] [DEBUG] Family group not found — skipping F1273
[2026-03-13 18:08:07] [DEBUG] Clicked and typed at (712,135): F1274
[2026-03-13 18:08:09] [DEBUG] IsGoldWindowActive: matched via WinExist
[2026-03-13 18:08:13] [DEBUG] Family group not found — skipping F1274
[2026-03-13 18:08:14] [DEBUG] Clicked and typed at (712,135): F1275
[2026-03-13 18:08:16] [DEBUG] IsGoldWindowActive: matched via WinExist
[2026-03-13 18:08:20] [DEBUG] Family group not found — skipping F1275
[2026-03-13 18:08:21] [DEBUG] Clicked and typed at (712,135): F1276
[2026-03-13 18:08:23] [DEBUG] IsGoldWindowActive: matched via WinExist
[2026-03-13 18:08:27] [DEBUG] Family group not found — skipping F1276
[2026-03-13 18:08:28] [DEBUG] Clicked and typed at (712,135): F1277
[2026-03-13 18:08:30] [DEBUG] IsGoldWindowActive: matched via WinExist
[2026-03-13 18:08:34] [DEBUG] Family group not found — skipping F1277
[2026-03-13 18:08:35] [DEBUG] Clicked and typed at (712,135): F1278
[2026-03-13 18:08:37] [DEBUG] IsGoldWindowActive: matched via WinExist
[2026-03-13 18:08:41] [DEBUG] Family group not found — skipping F1278
[2026-03-13 18:08:42] [DEBUG] Clicked and typed at (712,135): F3304
[2026-03-13 18:08:44] [DEBUG] IsGoldWindowActive: matched via WinExist
[2026-03-13 18:08:48] [DEBUG] Family group not found — skipping F3304
[2026-03-13 18:08:49] [DEBUG] Clicked and typed at (712,135): F1279
[2026-03-13 18:08:51] [DEBUG] IsGoldWindowActive: matched via WinExist
[2026-03-13 18:08:55] [DEBUG] Family group not found — skipping F1279
[2026-03-13 18:08:56] [DEBUG] Clicked and typed at (712,135): F1280
[2026-03-13 18:08:58] [DEBUG] IsGoldWindowActive: matched via WinExist
[2026-03-13 18:09:02] [DEBUG] Family group not found — skipping F1280
[2026-03-13 18:09:03] [DEBUG] Clicked and typed at (712,135): F1281
[2026-03-13 18:09:05] [DEBUG] IsGoldWindowActive: matched via WinExist
[2026-03-13 18:09:09] [DEBUG] Family group not found — skipping F1281
[2026-03-13 18:09:10] [DEBUG] Clicked and typed at (712,135): F1283
[2026-03-13 18:09:12] [DEBUG] IsGoldWindowActive: matched via WinExist
[2026-03-13 18:09:16] [DEBUG] Family group not found — skipping F1283
[2026-03-13 18:09:17] [DEBUG] Clicked and typed at (712,135): F1284
[2026-03-13 18:09:19] [DEBUG] IsGoldWindowActive: matched via WinExist
[2026-03-13 18:09:23] [DEBUG] Family group not found — skipping F1284
[2026-03-13 18:09:24] [DEBUG] Clicked and typed at (712,135): F1285
[2026-03-13 18:09:26] [DEBUG] IsGoldWindowActive: matched via WinExist
[2026-03-13 18:09:30] [DEBUG] Family group not found — skipping F1285
[2026-03-13 18:09:31] [DEBUG] Clicked and typed at (712,135): F1286
[2026-03-13 18:09:33] [DEBUG] IsGoldWindowActive: matched via WinExist
[2026-03-13 18:09:37] [DEBUG] Family group not found — skipping F1286
[2026-03-13 18:09:38] [DEBUG] Clicked and typed at (712,135): F1290
[2026-03-13 18:09:40] [DEBUG] IsGoldWindowActive: matched via WinExist
[2026-03-13 18:09:44] [DEBUG] Family group not found — skipping F1290
[2026-03-13 18:09:45] [DEBUG] Clicked and typed at (712,135): F1291
[2026-03-13 18:09:47] [DEBUG] IsGoldWindowActive: matched via WinExist
[2026-03-13 18:09:51] [DEBUG] Family group not found — skipping F1291
[2026-03-13 18:09:52] [DEBUG] Clicked and typed at (712,135): F1292
[2026-03-13 18:09:54] [DEBUG] IsGoldWindowActive: matched via WinExist
[2026-03-13 18:09:58] [DEBUG] Family group not found — skipping F1292
[2026-03-13 18:09:58] [DEBUG] Clicked and typed at (712,135): F1293
[2026-03-13 18:10:01] [DEBUG] IsGoldWindowActive: matched via WinExist
[2026-03-13 18:10:05] [DEBUG] Family group not found — skipping F1293
[2026-03-13 18:10:05] [DEBUG] Clicked and typed at (712,135): F1294
[2026-03-13 18:10:08] [DEBUG] IsGoldWindowActive: matched via WinExist
[2026-03-13 18:10:12] [DEBUG] Family group not found — skipping F1294
[2026-03-13 18:10:12] [DEBUG] Clicked and typed at (712,135): F1295
[2026-03-13 18:10:15] [DEBUG] IsGoldWindowActive: matched via WinExist
[2026-03-13 18:10:19] [DEBUG] Family group not found — skipping F1295
[2026-03-13 18:10:19] [DEBUG] Clicked and typed at (712,135): F1296
[2026-03-13 18:10:22] [DEBUG] IsGoldWindowActive: matched via WinExist
[2026-03-13 18:10:26] [DEBUG] Family group not found — skipping F1296
[2026-03-13 18:10:26] [DEBUG] Clicked and typed at (712,135): F1297
[2026-03-13 18:10:28] [DEBUG] IsGoldWindowActive: matched via WinExist
[2026-03-13 18:10:32] [DEBUG] Family group not found — skipping F1297
[2026-03-13 18:10:33] [DEBUG] Clicked and typed at (712,135): F1298
[2026-03-13 18:10:35] [DEBUG] IsGoldWindowActive: matched via WinExist
[2026-03-13 18:10:39] [DEBUG] Family group not found — skipping F1298
[2026-03-13 18:10:40] [DEBUG] Clicked and typed at (712,135): F1299
[2026-03-13 18:10:42] [DEBUG] IsGoldWindowActive: matched via WinExist
[2026-03-13 18:10:46] [DEBUG] Family group not found — skipping F1299
[2026-03-13 18:10:47] [DEBUG] Clicked and typed at (712,135): F1300
[2026-03-13 18:10:49] [DEBUG] IsGoldWindowActive: matched via WinExist
[2026-03-13 18:10:53] [DEBUG] Family group not found — skipping F1300
[2026-03-13 18:10:54] [DEBUG] Clicked and typed at (712,135): F1301
[2026-03-13 18:10:56] [DEBUG] IsGoldWindowActive: matched via WinExist
[2026-03-13 18:11:00] [DEBUG] Family group not found — skipping F1301
[2026-03-13 18:11:01] [DEBUG] Clicked and typed at (712,135): F1302
[2026-03-13 18:11:03] [DEBUG] IsGoldWindowActive: matched via WinExist
[2026-03-13 18:11:07] [DEBUG] Family group not found — skipping F1302
[2026-03-13 18:11:08] [DEBUG] Clicked and typed at (712,135): F1303
[2026-03-13 18:11:10] [DEBUG] IsGoldWindowActive: matched via WinExist
[2026-03-13 18:11:14] [DEBUG] Family group not found — skipping F1303
[2026-03-13 18:11:15] [DEBUG] Clicked and typed at (712,135): F3305
[2026-03-13 18:11:17] [DEBUG] IsGoldWindowActive: matched via WinExist
[2026-03-13 18:11:21] [DEBUG] Family group not found — skipping F3305
[2026-03-13 18:11:22] [DEBUG] Clicked and typed at (712,135): F3310
[2026-03-13 18:11:24] [DEBUG] IsGoldWindowActive: matched via WinExist
[2026-03-13 18:11:28] [DEBUG] Family group not found — skipping F3310
[2026-03-13 18:11:29] [DEBUG] Clicked and typed at (712,135): F3312
[2026-03-13 18:11:31] [DEBUG] IsGoldWindowActive: matched via WinExist
[2026-03-13 18:11:35] [DEBUG] Family group not found — skipping F3312
[2026-03-13 18:11:36] [DEBUG] Clicked and typed at (712,135): F1308
[2026-03-13 18:11:38] [DEBUG] IsGoldWindowActive: matched via WinExist
[2026-03-13 18:11:42] [DEBUG] Family group not found — skipping F1308
[2026-03-13 18:11:43] [DEBUG] Clicked and typed at (712,135): F1309
[2026-03-13 18:11:45] [DEBUG] IsGoldWindowActive: matched via WinExist
[2026-03-13 18:11:49] [DEBUG] Family group not found — skipping F1309
[2026-03-13 18:11:50] [DEBUG] Clicked and typed at (712,135): F1310
[2026-03-13 18:11:52] [DEBUG] IsGoldWindowActive: matched via WinExist
[2026-03-13 18:11:56] [DEBUG] Family group not found — skipping F1310
[2026-03-13 18:11:57] [DEBUG] Clicked and typed at (712,135): F1311
[2026-03-13 18:11:59] [DEBUG] IsGoldWindowActive: matched via WinExist
[2026-03-13 18:12:03] [DEBUG] Family group not found — skipping F1311
[2026-03-13 18:12:03] [DEBUG] Clicked and typed at (712,135): F1312
[2026-03-13 18:12:06] [DEBUG] IsGoldWindowActive: matched via WinExist
[2026-03-13 18:12:10] [DEBUG] Family group not found — skipping F1312
[2026-03-13 18:12:10] [DEBUG] Clicked and typed at (712,135): F1313
[2026-03-13 18:12:13] [DEBUG] IsGoldWindowActive: matched via WinExist
[2026-03-13 18:12:17] [DEBUG] Family group not found — skipping F1313
[2026-03-13 18:12:17] [DEBUG] Clicked and typed at (712,135): F1315
[2026-03-13 18:12:20] [DEBUG] IsGoldWindowActive: matched via WinExist
[2026-03-13 18:12:24] [DEBUG] Family group not found — skipping F1315
[2026-03-13 18:12:24] [DEBUG] Clicked and typed at (712,135): F1316
[2026-03-13 18:12:27] [DEBUG] IsGoldWindowActive: matched via WinExist
[2026-03-13 18:12:31] [DEBUG] Family group not found — skipping F1316
[2026-03-13 18:12:31] [DEBUG] Clicked and typed at (712,135): F1317
[2026-03-13 18:12:34] [DEBUG] IsGoldWindowActive: matched via WinExist
[2026-03-13 18:12:38] [DEBUG] Family group not found — skipping F1317
[2026-03-13 18:12:38] [DEBUG] Clicked and typed at (712,135): F1318
[2026-03-13 18:12:40] [DEBUG] IsGoldWindowActive: matched via WinExist
[2026-03-13 18:12:44] [DEBUG] Family group not found — skipping F1318
[2026-03-13 18:12:45] [DEBUG] Clicked and typed at (712,135): F1319
[2026-03-13 18:12:47] [DEBUG] IsGoldWindowActive: matched via WinExist
[2026-03-13 18:12:51] [DEBUG] Family group not found — skipping F1319
[2026-03-13 18:12:52] [DEBUG] Clicked and typed at (712,135): F1320
[2026-03-13 18:12:54] [DEBUG] IsGoldWindowActive: matched via WinExist
[2026-03-13 18:12:58] [DEBUG] Family group not found — skipping F1320
[2026-03-13 18:12:59] [DEBUG] Clicked and typed at (712,135): F1321
[2026-03-13 18:13:01] [DEBUG] IsGoldWindowActive: matched via WinExist
[2026-03-13 18:13:05] [DEBUG] Family group not found — skipping F1321
[2026-03-13 18:13:06] [DEBUG] Clicked and typed at (712,135): F1322
[2026-03-13 18:13:08] [DEBUG] IsGoldWindowActive: matched via WinExist
[2026-03-13 18:13:12] [DEBUG] Family group not found — skipping F1322
[2026-03-13 18:13:13] [DEBUG] Clicked and typed at (712,135): F1323
[2026-03-13 18:13:15] [DEBUG] IsGoldWindowActive: matched via WinExist
[2026-03-13 18:13:19] [DEBUG] Family group not found — skipping F1323
[2026-03-13 18:13:20] [DEBUG] Clicked and typed at (712,135): F1324
[2026-03-13 18:13:22] [DEBUG] IsGoldWindowActive: matched via WinExist
[2026-03-13 18:13:26] [DEBUG] Family group not found — skipping F1324
[2026-03-13 18:13:27] [DEBUG] Clicked and typed at (712,135): F1325
[2026-03-13 18:13:29] [DEBUG] IsGoldWindowActive: matched via WinExist
[2026-03-13 18:13:33] [DEBUG] Family group not found — skipping F1325
[2026-03-13 18:13:34] [DEBUG] Clicked and typed at (712,135): F1326
[2026-03-13 18:13:36] [DEBUG] IsGoldWindowActive: matched via WinExist
[2026-03-13 18:13:40] [DEBUG] Family group not found — skipping F1326
[2026-03-13 18:13:41] [DEBUG] Clicked and typed at (712,135): F1327
[2026-03-13 18:13:43] [DEBUG] IsGoldWindowActive: matched via WinExist
[2026-03-13 18:13:47] [DEBUG] Family group not found — skipping F1327
[2026-03-13 18:13:48] [DEBUG] Clicked and typed at (712,135): F1328
[2026-03-13 18:13:50] [DEBUG] IsGoldWindowActive: matched via WinExist
[2026-03-13 18:13:54] [DEBUG] Family group not found — skipping F1328
[2026-03-13 18:13:55] [DEBUG] Clicked and typed at (712,135): F1329
[2026-03-13 18:13:57] [DEBUG] IsGoldWindowActive: matched via WinExist
[2026-03-13 18:14:01] [DEBUG] Family group not found — skipping F1329
[2026-03-13 18:14:02] [DEBUG] Clicked and typed at (712,135): F1330
[2026-03-13 18:14:04] [DEBUG] IsGoldWindowActive: matched via WinExist
[2026-03-13 18:14:08] [DEBUG] Family group not found — skipping F1330
[2026-03-13 18:14:09] [DEBUG] Clicked and typed at (712,135): F1331
[2026-03-13 18:14:11] [DEBUG] IsGoldWindowActive: matched via WinExist
[2026-03-13 18:14:15] [DEBUG] Family group not found — skipping F1331
[2026-03-13 18:14:16] [DEBUG] Clicked and typed at (712,135): F1332
[2026-03-13 18:14:18] [DEBUG] IsGoldWindowActive: matched via WinExist
[2026-03-13 18:14:22] [DEBUG] Family group not found — skipping F1332
[2026-03-13 18:14:23] [DEBUG] Clicked and typed at (712,135): F1333
[2026-03-13 18:14:25] [DEBUG] IsGoldWindowActive: matched via WinExist
[2026-03-13 18:14:29] [DEBUG] Family group not found — skipping F1333
[2026-03-13 18:14:30] [DEBUG] Clicked and typed at (712,135): F1334
[2026-03-13 18:14:32] [DEBUG] IsGoldWindowActive: matched via WinExist
[2026-03-13 18:14:36] [DEBUG] Family group not found — skipping F1334
[2026-03-13 18:14:36] [DEBUG] Clicked and typed at (712,135): F1335
[2026-03-13 18:14:39] [DEBUG] IsGoldWindowActive: matched via WinExist
[2026-03-13 18:14:43] [DEBUG] Family group not found — skipping F1335
[2026-03-13 18:14:43] [DEBUG] Clicked and typed at (712,135): F1336
[2026-03-13 18:14:46] [DEBUG] IsGoldWindowActive: matched via WinExist
[2026-03-13 18:14:50] [DEBUG] Family group not found — skipping F1336
[2026-03-13 18:14:50] [DEBUG] Clicked and typed at (712,135): F1337
[2026-03-13 18:14:53] [DEBUG] IsGoldWindowActive: matched via WinExist
[2026-03-13 18:14:57] [DEBUG] Family group not found — skipping F1337
[2026-03-13 18:14:57] [DEBUG] Clicked and typed at (712,135): F1338
[2026-03-13 18:14:59] [DEBUG] IsGoldWindowActive: matched via WinExist
[2026-03-13 18:15:03] [DEBUG] Family group not found — skipping F1338
[2026-03-13 18:15:04] [DEBUG] Clicked and typed at (712,135): F1339
[2026-03-13 18:15:06] [DEBUG] IsGoldWindowActive: matched via WinExist
[2026-03-13 18:15:10] [DEBUG] Family group not found — skipping F1339
[2026-03-13 18:15:11] [DEBUG] Clicked and typed at (712,135): F1340
[2026-03-13 18:15:13] [DEBUG] IsGoldWindowActive: matched via WinExist
[2026-03-13 18:15:17] [DEBUG] Family group not found — skipping F1340
[2026-03-13 18:15:18] [DEBUG] Clicked and typed at (712,135): F1341
[2026-03-13 18:15:20] [DEBUG] IsGoldWindowActive: matched via WinExist
[2026-03-13 18:15:24] [DEBUG] Family group not found — skipping F1341
[2026-03-13 18:15:25] [DEBUG] Clicked and typed at (712,135): F1342
[2026-03-13 18:15:27] [DEBUG] IsGoldWindowActive: matched via WinExist
[2026-03-13 18:15:31] [DEBUG] Family group not found — skipping F1342
[2026-03-13 18:15:32] [DEBUG] Clicked and typed at (712,135): F1343
[2026-03-13 18:15:34] [DEBUG] IsGoldWindowActive: matched via WinExist
[2026-03-13 18:15:38] [DEBUG] Family group not found — skipping F1343
[2026-03-13 18:15:39] [DEBUG] Clicked and typed at (712,135): F1344
[2026-03-13 18:15:41] [DEBUG] IsGoldWindowActive: matched via WinExist
[2026-03-13 18:15:45] [DEBUG] Family group not found — skipping F1344
[2026-03-13 18:15:46] [DEBUG] Clicked and typed at (712,135): F1345
[2026-03-13 18:15:48] [DEBUG] IsGoldWindowActive: matched via WinExist
[2026-03-13 18:15:52] [DEBUG] Family group not found — skipping F1345
[2026-03-13 18:15:53] [DEBUG] Clicked and typed at (712,135): F1346
[2026-03-13 18:15:55] [DEBUG] IsGoldWindowActive: matched via WinExist
[2026-03-13 18:15:59] [DEBUG] Family group not found — skipping F1346
[2026-03-13 18:16:00] [DEBUG] Clicked and typed at (712,135): F1347
[2026-03-13 18:16:02] [DEBUG] IsGoldWindowActive: matched via WinExist
[2026-03-13 18:16:06] [DEBUG] Family group not found — skipping F1347
[2026-03-13 18:16:07] [DEBUG] Clicked and typed at (712,135): F1348
[2026-03-13 18:16:09] [DEBUG] IsGoldWindowActive: matched via WinExist
[2026-03-13 18:16:13] [DEBUG] Family group not found — skipping F1348
[2026-03-13 18:16:14] [DEBUG] Clicked and typed at (712,135): F1349
[2026-03-13 18:16:16] [DEBUG] IsGoldWindowActive: matched via WinExist
[2026-03-13 18:16:20] [DEBUG] Family group not found — skipping F1349
[2026-03-13 18:16:21] [DEBUG] Clicked and typed at (712,135): F1350
[2026-03-13 18:16:23] [DEBUG] IsGoldWindowActive: matched via WinExist
[2026-03-13 18:16:27] [DEBUG] Family group not found — skipping F1350
[2026-03-13 18:16:28] [DEBUG] Clicked and typed at (712,135): F1351
[2026-03-13 18:16:30] [DEBUG] IsGoldWindowActive: matched via WinExist
[2026-03-13 18:16:34] [DEBUG] Family group not found — skipping F1351
[2026-03-13 18:16:34] [DEBUG] Clicked and typed at (712,135): F1352
[2026-03-13 18:16:37] [DEBUG] IsGoldWindowActive: matched via WinExist
[2026-03-13 18:16:41] [DEBUG] Family group not found — skipping F1352
[2026-03-13 18:16:41] [DEBUG] Clicked and typed at (712,135): F1353
[2026-03-13 18:16:44] [DEBUG] IsGoldWindowActive: matched via WinExist
[2026-03-13 18:16:48] [DEBUG] Family group not found — skipping F1353
[2026-03-13 18:16:48] [DEBUG] Clicked and typed at (712,135): F1354
[2026-03-13 18:16:51] [DEBUG] IsGoldWindowActive: matched via WinExist
[2026-03-13 18:16:55] [DEBUG] Family group not found — skipping F1354
[2026-03-13 18:16:55] [DEBUG] Clicked and typed at (712,135): F1355
[2026-03-13 18:16:58] [DEBUG] IsGoldWindowActive: matched via WinExist
[2026-03-13 18:17:01] [DEBUG] Family group not found — skipping F1355
[2026-03-13 18:17:02] [DEBUG] Clicked and typed at (712,135): F1356
[2026-03-13 18:17:04] [DEBUG] IsGoldWindowActive: matched via WinExist
[2026-03-13 18:17:08] [DEBUG] Family group not found — skipping F1356
[2026-03-13 18:17:09] [DEBUG] Clicked and typed at (712,135): F1357
[2026-03-13 18:17:11] [DEBUG] IsGoldWindowActive: matched via WinExist
[2026-03-13 18:17:15] [DEBUG] Family group not found — skipping F1357
[2026-03-13 18:17:16] [DEBUG] Clicked and typed at (712,135): F1358
[2026-03-13 18:17:18] [DEBUG] IsGoldWindowActive: matched via WinExist
[2026-03-13 18:17:22] [DEBUG] Family group not found — skipping F1358
[2026-03-13 18:17:23] [DEBUG] Clicked and typed at (712,135): F1359
[2026-03-13 18:17:25] [DEBUG] IsGoldWindowActive: matched via WinExist
[2026-03-13 18:17:29] [DEBUG] Family group not found — skipping F1359
[2026-03-13 18:17:30] [DEBUG] Clicked and typed at (712,135): F1360
[2026-03-13 18:17:32] [DEBUG] IsGoldWindowActive: matched via WinExist
[2026-03-13 18:17:36] [DEBUG] Family group not found — skipping F1360
[2026-03-13 18:17:37] [DEBUG] Clicked and typed at (712,135): F1361
[2026-03-13 18:17:39] [DEBUG] IsGoldWindowActive: matched via WinExist
[2026-03-13 18:17:43] [DEBUG] Family group not found — skipping F1361
[2026-03-13 18:17:44] [DEBUG] Clicked and typed at (712,135): F1362
[2026-03-13 18:17:46] [DEBUG] IsGoldWindowActive: matched via WinExist
[2026-03-13 18:17:50] [DEBUG] Family group not found — skipping F1362
[2026-03-13 18:17:51] [DEBUG] Clicked and typed at (712,135): F1363
[2026-03-13 18:17:53] [DEBUG] IsGoldWindowActive: matched via WinExist
[2026-03-13 18:17:57] [DEBUG] Family group not found — skipping F1363
[2026-03-13 18:17:58] [DEBUG] Clicked and typed at (712,135): F3296
[2026-03-13 18:18:00] [DEBUG] IsGoldWindowActive: matched via WinExist
[2026-03-13 18:18:04] [DEBUG] Family group not found — skipping F3296
[2026-03-13 18:18:05] [DEBUG] Clicked and typed at (712,135): F1364
[2026-03-13 18:18:07] [DEBUG] IsGoldWindowActive: matched via WinExist
[2026-03-13 18:18:11] [DEBUG] Family group not found — skipping F1364
[2026-03-13 18:18:12] [DEBUG] Clicked and typed at (712,135): F1365
[2026-03-13 18:18:14] [DEBUG] IsGoldWindowActive: matched via WinExist
[2026-03-13 18:18:18] [DEBUG] Family group not found — skipping F1365
[2026-03-13 18:18:19] [DEBUG] Clicked and typed at (712,135): F1366
[2026-03-13 18:18:21] [DEBUG] IsGoldWindowActive: matched via WinExist
[2026-03-13 18:18:25] [DEBUG] Family group not found — skipping F1366
[2026-03-13 18:18:26] [DEBUG] Clicked and typed at (712,135): F1367
[2026-03-13 18:18:28] [DEBUG] IsGoldWindowActive: matched via WinExist
[2026-03-13 18:18:32] [DEBUG] Family group not found — skipping F1367
[2026-03-13 18:18:33] [DEBUG] Clicked and typed at (712,135): F1368
[2026-03-13 18:18:35] [DEBUG] IsGoldWindowActive: matched via WinExist
[2026-03-13 18:18:39] [DEBUG] Family group not found — skipping F1368
[2026-03-13 18:18:40] [DEBUG] Clicked and typed at (712,135): F1369
[2026-03-13 18:18:42] [DEBUG] IsGoldWindowActive: matched via WinExist
[2026-03-13 18:18:46] [DEBUG] Family group not found — skipping F1369
[2026-03-13 18:18:46] [DEBUG] Clicked and typed at (712,135): F1370
[2026-03-13 18:18:49] [DEBUG] IsGoldWindowActive: matched via WinExist
[2026-03-13 18:18:53] [DEBUG] Family group not found — skipping F1370
[2026-03-13 18:18:53] [DEBUG] Clicked and typed at (712,135): F1371
[2026-03-13 18:18:56] [DEBUG] IsGoldWindowActive: matched via WinExist
[2026-03-13 18:19:00] [DEBUG] Family group not found — skipping F1371
[2026-03-13 18:19:00] [DEBUG] Clicked and typed at (712,135): F1372
[2026-03-13 18:19:03] [DEBUG] IsGoldWindowActive: matched via WinExist
[2026-03-13 18:19:07] [DEBUG] Family group not found — skipping F1372
[2026-03-13 18:19:07] [DEBUG] Clicked and typed at (712,135): F1373
[2026-03-13 18:19:10] [DEBUG] IsGoldWindowActive: matched via WinExist
[2026-03-13 18:19:14] [DEBUG] Family group not found — skipping F1373
[2026-03-13 18:19:14] [DEBUG] Clicked and typed at (712,135): F1374
[2026-03-13 18:19:16] [DEBUG] IsGoldWindowActive: matched via WinExist
[2026-03-13 18:19:21] [DEBUG] Family group not found — skipping F1374
[2026-03-13 18:19:21] [DEBUG] Clicked and typed at (712,135): F1375
[2026-03-13 18:19:23] [DEBUG] IsGoldWindowActive: matched via WinExist
[2026-03-13 18:19:27] [DEBUG] Family group not found — skipping F1375
[2026-03-13 18:19:28] [DEBUG] Clicked and typed at (712,135): F1376
[2026-03-13 18:19:30] [DEBUG] IsGoldWindowActive: matched via WinExist
[2026-03-13 18:19:34] [DEBUG] Family group not found — skipping F1376
[2026-03-13 18:19:35] [DEBUG] Clicked and typed at (712,135): F1377
[2026-03-13 18:19:37] [DEBUG] IsGoldWindowActive: matched via WinExist
[2026-03-13 18:19:41] [DEBUG] Family group not found — skipping F1377
[2026-03-13 18:19:42] [DEBUG] Clicked and typed at (712,135): F1378
[2026-03-13 18:19:44] [DEBUG] IsGoldWindowActive: matched via WinExist
[2026-03-13 18:19:48] [DEBUG] Family group not found — skipping F1378
[2026-03-13 18:19:49] [DEBUG] Clicked and typed at (712,135): F1379
[2026-03-13 18:19:51] [DEBUG] IsGoldWindowActive: matched via WinExist
[2026-03-13 18:19:55] [DEBUG] Family group not found — skipping F1379
[2026-03-13 18:19:56] [DEBUG] Clicked and typed at (712,135): F1380
[2026-03-13 18:19:58] [DEBUG] IsGoldWindowActive: matched via WinExist
[2026-03-13 18:20:02] [DEBUG] Family group not found — skipping F1380
[2026-03-13 18:20:03] [DEBUG] Clicked and typed at (712,135): F1381
[2026-03-13 18:20:05] [DEBUG] IsGoldWindowActive: matched via WinExist
[2026-03-13 18:20:09] [DEBUG] Family group not found — skipping F1381
[2026-03-13 18:20:10] [DEBUG] Clicked and typed at (712,135): F1382
[2026-03-13 18:20:12] [DEBUG] IsGoldWindowActive: matched via WinExist
[2026-03-13 18:20:16] [DEBUG] Family group not found — skipping F1382
[2026-03-13 18:20:17] [DEBUG] Clicked and typed at (712,135): F1383
[2026-03-13 18:20:19] [DEBUG] IsGoldWindowActive: matched via WinExist
[2026-03-13 18:20:23] [DEBUG] Family group not found — skipping F1383
[2026-03-13 18:20:24] [DEBUG] Clicked and typed at (712,135): F1384
[2026-03-13 18:20:26] [DEBUG] IsGoldWindowActive: matched via WinExist
[2026-03-13 18:20:30] [DEBUG] Family group not found — skipping F1384
[2026-03-13 18:20:31] [DEBUG] Clicked and typed at (712,135): F1385
[2026-03-13 18:20:33] [DEBUG] IsGoldWindowActive: matched via WinExist
[2026-03-13 18:20:37] [DEBUG] Family group not found — skipping F1385
[2026-03-13 18:20:38] [DEBUG] Clicked and typed at (712,135): F4590
[2026-03-13 18:20:40] [DEBUG] IsGoldWindowActive: matched via WinExist
[2026-03-13 18:20:44] [DEBUG] Family group not found — skipping F4590
[2026-03-13 18:20:45] [DEBUG] Clicked and typed at (712,135): F4591
[2026-03-13 18:20:47] [DEBUG] IsGoldWindowActive: matched via WinExist
[2026-03-13 18:20:51] [DEBUG] Family group not found — skipping F4591
[2026-03-13 18:20:52] [DEBUG] Clicked and typed at (712,135): F4592
[2026-03-13 18:20:54] [DEBUG] IsGoldWindowActive: matched via WinExist
[2026-03-13 18:20:58] [DEBUG] Family group not found — skipping F4592
[2026-03-13 18:20:59] [DEBUG] Clicked and typed at (712,135): F4593
[2026-03-13 18:21:01] [DEBUG] IsGoldWindowActive: matched via WinExist
[2026-03-13 18:21:05] [DEBUG] Family group not found — skipping F4593
[2026-03-13 18:21:05] [DEBUG] Clicked and typed at (712,135): F4594
[2026-03-13 18:21:08] [DEBUG] IsGoldWindowActive: matched via WinExist
[2026-03-13 18:21:12] [DEBUG] Family group not found — skipping F4594
[2026-03-13 18:21:12] [DEBUG] Clicked and typed at (712,135): F4596
[2026-03-13 18:21:15] [DEBUG] IsGoldWindowActive: matched via WinExist
[2026-03-13 18:21:19] [DEBUG] Family group not found — skipping F4596
[2026-03-13 18:21:19] [DEBUG] Clicked and typed at (712,135): F4597
[2026-03-13 18:21:22] [DEBUG] IsGoldWindowActive: matched via WinExist
[2026-03-13 18:21:26] [DEBUG] Family group not found — skipping F4597
[2026-03-13 18:21:26] [DEBUG] Clicked and typed at (712,135): F4598
[2026-03-13 18:21:28] [DEBUG] IsGoldWindowActive: matched via WinExist
[2026-03-13 18:21:32] [DEBUG] Family group not found — skipping F4598
[2026-03-13 18:21:33] [DEBUG] Clicked and typed at (712,135): F1000005
[2026-03-13 18:21:35] [DEBUG] IsGoldWindowActive: matched via WinExist
[2026-03-13 18:21:39] [DEBUG] Family group not found — skipping F1000005
[2026-03-13 18:21:40] [DEBUG] Clicked and typed at (712,135): F1386
[2026-03-13 18:21:42] [DEBUG] IsGoldWindowActive: matched via WinExist
[2026-03-13 18:21:46] [DEBUG] Family group not found — skipping F1386
[2026-03-13 18:21:47] [DEBUG] Clicked and typed at (712,135): F1387
[2026-03-13 18:21:49] [DEBUG] IsGoldWindowActive: matched via WinExist
[2026-03-13 18:21:53] [DEBUG] Family group not found — skipping F1387
[2026-03-13 18:21:54] [DEBUG] Clicked and typed at (712,135): F1388
[2026-03-13 18:21:56] [DEBUG] IsGoldWindowActive: matched via WinExist
[2026-03-13 18:22:00] [DEBUG] Family group not found — skipping F1388
[2026-03-13 18:22:01] [DEBUG] Clicked and typed at (712,135): F1389
[2026-03-13 18:22:03] [DEBUG] IsGoldWindowActive: matched via WinExist
[2026-03-13 18:22:07] [DEBUG] Family group not found — skipping F1389
[2026-03-13 18:22:08] [DEBUG] Clicked and typed at (712,135): F1390
[2026-03-13 18:22:10] [DEBUG] IsGoldWindowActive: matched via WinExist
[2026-03-13 18:22:14] [DEBUG] Family group not found — skipping F1390
[2026-03-13 18:22:15] [DEBUG] Clicked and typed at (712,135): F3191
[2026-03-13 18:22:17] [DEBUG] IsGoldWindowActive: matched via WinExist
[2026-03-13 18:22:21] [DEBUG] Family group not found — skipping F3191
[2026-03-13 18:22:22] [DEBUG] Clicked and typed at (712,135): F3195
[2026-03-13 18:22:24] [DEBUG] IsGoldWindowActive: matched via WinExist
[2026-03-13 18:22:28] [DEBUG] Family group not found — skipping F3195
[2026-03-13 18:22:29] [DEBUG] Clicked and typed at (712,135): F1391
[2026-03-13 18:22:31] [DEBUG] IsGoldWindowActive: matched via WinExist
[2026-03-13 18:22:35] [DEBUG] Family group not found — skipping F1391
[2026-03-13 18:22:36] [DEBUG] Clicked and typed at (712,135): F1392
[2026-03-13 18:22:38] [DEBUG] IsGoldWindowActive: matched via WinExist
[2026-03-13 18:22:42] [DEBUG] Family group not found — skipping F1392
[2026-03-13 18:22:43] [DEBUG] Clicked and typed at (712,135): F1393
[2026-03-13 18:22:45] [DEBUG] IsGoldWindowActive: matched via WinExist
[2026-03-13 18:22:49] [DEBUG] Family group not found — skipping F1393
[2026-03-13 18:22:50] [DEBUG] Clicked and typed at (712,135): F1394
[2026-03-13 18:22:52] [DEBUG] IsGoldWindowActive: matched via WinExist
[2026-03-13 18:22:56] [DEBUG] Family group not found — skipping F1394
[2026-03-13 18:22:57] [DEBUG] Clicked and typed at (712,135): F1395
[2026-03-13 18:22:59] [DEBUG] IsGoldWindowActive: matched via WinExist
[2026-03-13 18:23:03] [DEBUG] Family group not found — skipping F1395
[2026-03-13 18:23:03] [DEBUG] Clicked and typed at (712,135): F1396
[2026-03-13 18:23:06] [DEBUG] IsGoldWindowActive: matched via WinExist
[2026-03-13 18:23:10] [DEBUG] Family group not found — skipping F1396
[2026-03-13 18:23:10] [DEBUG] Clicked and typed at (712,135): F1397
[2026-03-13 18:23:13] [DEBUG] IsGoldWindowActive: matched via WinExist
[2026-03-13 18:23:17] [DEBUG] Family group not found — skipping F1397
[2026-03-13 18:23:17] [DEBUG] Clicked and typed at (712,135): F3190
[2026-03-13 18:23:20] [DEBUG] IsGoldWindowActive: matched via WinExist
[2026-03-13 18:23:24] [DEBUG] Family group not found — skipping F3190
[2026-03-13 18:23:24] [DEBUG] Clicked and typed at (712,135): F3194
[2026-03-13 18:23:27] [DEBUG] IsGoldWindowActive: matched via WinExist
[2026-03-13 18:23:31] [DEBUG] Family group not found — skipping F3194
[2026-03-13 18:23:31] [DEBUG] Clicked and typed at (712,135): F5322
[2026-03-13 18:23:33] [DEBUG] IsGoldWindowActive: matched via WinExist
[2026-03-13 18:23:37] [DEBUG] Family group not found — skipping F5322
[2026-03-13 18:23:38] [DEBUG] Clicked and typed at (712,135): F5323
[2026-03-13 18:23:40] [DEBUG] IsGoldWindowActive: matched via WinExist
[2026-03-13 18:23:44] [DEBUG] Family group not found — skipping F5323
[2026-03-13 18:23:45] [DEBUG] Clicked and typed at (712,135): F5402
[2026-03-13 18:23:47] [DEBUG] IsGoldWindowActive: matched via WinExist
[2026-03-13 18:23:51] [DEBUG] Family group not found — skipping F5402
[2026-03-13 18:23:52] [DEBUG] Clicked and typed at (712,135): F1398
[2026-03-13 18:23:54] [DEBUG] IsGoldWindowActive: matched via WinExist
[2026-03-13 18:23:58] [DEBUG] Family group not found — skipping F1398
[2026-03-13 18:23:59] [DEBUG] Clicked and typed at (712,135): F1399
[2026-03-13 18:24:01] [DEBUG] IsGoldWindowActive: matched via WinExist
[2026-03-13 18:24:05] [DEBUG] Family group not found — skipping F1399
[2026-03-13 18:24:06] [DEBUG] Clicked and typed at (712,135): F1400
[2026-03-13 18:24:08] [DEBUG] IsGoldWindowActive: matched via WinExist
[2026-03-13 18:24:12] [DEBUG] Family group not found — skipping F1400
[2026-03-13 18:24:13] [DEBUG] Clicked and typed at (712,135): F1401
[2026-03-13 18:24:15] [DEBUG] IsGoldWindowActive: matched via WinExist
[2026-03-13 18:24:19] [DEBUG] Family group not found — skipping F1401
[2026-03-13 18:24:20] [DEBUG] Clicked and typed at (712,135): F1402
[2026-03-13 18:24:22] [DEBUG] IsGoldWindowActive: matched via WinExist
[2026-03-13 18:24:26] [DEBUG] Family group not found — skipping F1402
[2026-03-13 18:24:27] [DEBUG] Clicked and typed at (712,135): F3188
[2026-03-13 18:24:29] [DEBUG] IsGoldWindowActive: matched via WinExist
[2026-03-13 18:24:33] [DEBUG] Family group not found — skipping F3188
[2026-03-13 18:24:34] [DEBUG] Clicked and typed at (712,135): F3192
[2026-03-13 18:24:36] [DEBUG] IsGoldWindowActive: matched via WinExist
[2026-03-13 18:24:40] [DEBUG] Family group not found — skipping F3192
[2026-03-13 18:24:41] [DEBUG] Clicked and typed at (712,135): F1403
[2026-03-13 18:24:43] [DEBUG] IsGoldWindowActive: matched via WinExist
[2026-03-13 18:24:47] [DEBUG] Family group not found — skipping F1403
[2026-03-13 18:24:48] [DEBUG] Clicked and typed at (712,135): F1404
[2026-03-13 18:24:50] [DEBUG] IsGoldWindowActive: matched via WinExist
[2026-03-13 18:24:54] [DEBUG] Family group not found — skipping F1404
[2026-03-13 18:24:55] [DEBUG] Clicked and typed at (712,135): F1406
[2026-03-13 18:24:57] [DEBUG] IsGoldWindowActive: matched via WinExist
[2026-03-13 18:25:01] [DEBUG] Family group not found — skipping F1406
[2026-03-13 18:25:02] [DEBUG] Clicked and typed at (712,135): F5324
[2026-03-13 18:25:04] [DEBUG] IsGoldWindowActive: matched via WinExist
[2026-03-13 18:25:08] [DEBUG] Family group not found — skipping F5324
[2026-03-13 18:25:09] [DEBUG] Clicked and typed at (712,135): F5325
[2026-03-13 18:25:11] [DEBUG] IsGoldWindowActive: matched via WinExist
[2026-03-13 18:25:15] [DEBUG] Family group not found — skipping F5325
[2026-03-13 18:25:16] [DEBUG] Clicked and typed at (712,135): F5326
[2026-03-13 18:25:18] [DEBUG] IsGoldWindowActive: matched via WinExist
[2026-03-13 18:25:22] [DEBUG] Family group not found — skipping F5326
[2026-03-13 18:25:23] [DEBUG] Clicked and typed at (712,135): F5327
[2026-03-13 18:25:25] [DEBUG] IsGoldWindowActive: matched via WinExist
[2026-03-13 18:25:29] [DEBUG] Family group not found — skipping F5327
[2026-03-13 18:25:29] [DEBUG] Clicked and typed at (712,135): F5328
[2026-03-13 18:25:32] [DEBUG] IsGoldWindowActive: matched via WinExist
[2026-03-13 18:25:36] [DEBUG] Family group not found — skipping F5328
[2026-03-13 18:25:36] [DEBUG] Clicked and typed at (712,135): F5417
[2026-03-13 18:25:39] [DEBUG] IsGoldWindowActive: matched via WinExist
[2026-03-13 18:25:43] [DEBUG] Family group not found — skipping F5417
[2026-03-13 18:25:43] [DEBUG] Clicked and typed at (712,135): F5418
[2026-03-13 18:25:46] [DEBUG] IsGoldWindowActive: matched via WinExist
[2026-03-13 18:25:50] [DEBUG] Family group not found — skipping F5418
[2026-03-13 18:25:50] [DEBUG] Clicked and typed at (712,135): F5085
[2026-03-13 18:25:53] [DEBUG] IsGoldWindowActive: matched via WinExist
[2026-03-13 18:25:57] [DEBUG] Family group not found — skipping F5085
[2026-03-13 18:25:57] [DEBUG] Clicked and typed at (712,135): F5086
[2026-03-13 18:26:00] [DEBUG] IsGoldWindowActive: matched via WinExist
[2026-03-13 18:26:04] [DEBUG] Family group not found — skipping F5086
[2026-03-13 18:26:04] [DEBUG] Clicked and typed at (712,135): F5087
[2026-03-13 18:26:06] [DEBUG] IsGoldWindowActive: matched via WinExist
[2026-03-13 18:26:10] [DEBUG] Family group not found — skipping F5087
[2026-03-13 18:26:11] [DEBUG] Clicked and typed at (712,135): F5088
[2026-03-13 18:26:13] [DEBUG] IsGoldWindowActive: matched via WinExist
[2026-03-13 18:26:17] [DEBUG] Family group not found — skipping F5088
[2026-03-13 18:26:18] [DEBUG] Clicked and typed at (712,135): F5089
[2026-03-13 18:26:20] [DEBUG] IsGoldWindowActive: matched via WinExist
[2026-03-13 18:26:24] [DEBUG] Family group not found — skipping F5089
[2026-03-13 18:26:25] [DEBUG] Clicked and typed at (712,135): F5117
[2026-03-13 18:26:27] [DEBUG] IsGoldWindowActive: matched via WinExist
[2026-03-13 18:26:31] [DEBUG] Family group not found — skipping F5117
[2026-03-13 18:26:32] [DEBUG] Clicked and typed at (712,135): F5329
[2026-03-13 18:26:34] [DEBUG] IsGoldWindowActive: matched via WinExist
[2026-03-13 18:26:38] [DEBUG] Family group not found — skipping F5329
[2026-03-13 18:26:39] [DEBUG] Clicked and typed at (712,135): F5330
[2026-03-13 18:26:41] [DEBUG] IsGoldWindowActive: matched via WinExist
[2026-03-13 18:26:45] [DEBUG] Family group not found — skipping F5330
[2026-03-13 18:26:46] [DEBUG] Clicked and typed at (712,135): F5331
[2026-03-13 18:26:48] [DEBUG] IsGoldWindowActive: matched via WinExist
[2026-03-13 18:26:52] [DEBUG] Family group not found — skipping F5331
[2026-03-13 18:26:53] [DEBUG] Clicked and typed at (712,135): F5419
[2026-03-13 18:26:55] [DEBUG] IsGoldWindowActive: matched via WinExist
[2026-03-13 18:26:59] [DEBUG] Family group not found — skipping F5419
[2026-03-13 18:27:00] [DEBUG] Clicked and typed at (712,135): F1412
[2026-03-13 18:27:02] [DEBUG] IsGoldWindowActive: matched via WinExist
[2026-03-13 18:27:06] [DEBUG] Family group not found — skipping F1412
[2026-03-13 18:27:07] [DEBUG] Clicked and typed at (712,135): F1413
[2026-03-13 18:27:09] [DEBUG] IsGoldWindowActive: matched via WinExist
[2026-03-13 18:27:13] [DEBUG] Family group not found — skipping F1413
[2026-03-13 18:27:14] [DEBUG] Clicked and typed at (712,135): F1414
[2026-03-13 18:27:16] [DEBUG] IsGoldWindowActive: matched via WinExist
[2026-03-13 18:27:20] [DEBUG] Family group not found — skipping F1414
[2026-03-13 18:27:21] [DEBUG] Clicked and typed at (712,135): F1415
[2026-03-13 18:27:23] [DEBUG] IsGoldWindowActive: matched via WinExist
[2026-03-13 18:27:27] [DEBUG] Family group not found — skipping F1415
[2026-03-13 18:27:28] [DEBUG] Clicked and typed at (712,135): F1416
[2026-03-13 18:27:30] [DEBUG] IsGoldWindowActive: matched via WinExist
[2026-03-13 18:27:34] [DEBUG] Family group not found — skipping F1416
[2026-03-13 18:27:35] [DEBUG] Clicked and typed at (712,135): F1417
[2026-03-13 18:27:37] [DEBUG] IsGoldWindowActive: matched via WinExist
[2026-03-13 18:27:41] [DEBUG] Family group not found — skipping F1417
[2026-03-13 18:27:42] [DEBUG] Clicked and typed at (712,135): F1418
[2026-03-13 18:27:44] [DEBUG] IsGoldWindowActive: matched via WinExist
[2026-03-13 18:27:48] [DEBUG] Family group not found — skipping F1418
[2026-03-13 18:27:48] [DEBUG] Clicked and typed at (712,135): F1419
[2026-03-13 18:27:51] [DEBUG] IsGoldWindowActive: matched via WinExist
[2026-03-13 18:27:55] [DEBUG] Family group not found — skipping F1419
[2026-03-13 18:27:55] [DEBUG] Clicked and typed at (712,135): F1420
[2026-03-13 18:27:58] [DEBUG] IsGoldWindowActive: matched via WinExist
[2026-03-13 18:28:02] [DEBUG] Family group not found — skipping F1420
[2026-03-13 18:28:02] [DEBUG] Clicked and typed at (712,135): F1421
[2026-03-13 18:28:05] [DEBUG] IsGoldWindowActive: matched via WinExist
[2026-03-13 18:28:09] [DEBUG] Family group not found — skipping F1421
[2026-03-13 18:28:09] [DEBUG] Clicked and typed at (712,135): F1422
[2026-03-13 18:28:11] [DEBUG] IsGoldWindowActive: matched via WinExist
[2026-03-13 18:28:15] [DEBUG] Family group not found — skipping F1422
[2026-03-13 18:28:16] [DEBUG] Clicked and typed at (712,135): F1423
[2026-03-13 18:28:18] [DEBUG] IsGoldWindowActive: matched via WinExist
[2026-03-13 18:28:22] [DEBUG] Family group not found — skipping F1423
[2026-03-13 18:28:23] [DEBUG] Clicked and typed at (712,135): F1424
[2026-03-13 18:28:25] [DEBUG] IsGoldWindowActive: matched via WinExist
[2026-03-13 18:28:29] [DEBUG] Family group not found — skipping F1424
[2026-03-13 18:28:30] [DEBUG] Clicked and typed at (712,135): F1425
[2026-03-13 18:28:32] [DEBUG] IsGoldWindowActive: matched via WinExist
[2026-03-13 18:28:36] [DEBUG] Family group not found — skipping F1425
[2026-03-13 18:28:37] [DEBUG] Clicked and typed at (712,135): F1426
[2026-03-13 18:28:39] [DEBUG] IsGoldWindowActive: matched via WinExist
[2026-03-13 18:28:43] [DEBUG] Family group not found — skipping F1426
[2026-03-13 18:28:44] [DEBUG] Clicked and typed at (712,135): F1427
[2026-03-13 18:28:46] [DEBUG] IsGoldWindowActive: matched via WinExist
[2026-03-13 18:28:50] [DEBUG] Family group not found — skipping F1427
[2026-03-13 18:28:51] [DEBUG] Clicked and typed at (712,135): F1428
[2026-03-13 18:28:53] [DEBUG] IsGoldWindowActive: matched via WinExist
[2026-03-13 18:28:57] [DEBUG] Family group not found — skipping F1428
[2026-03-13 18:28:58] [DEBUG] Clicked and typed at (712,135): F1429
[2026-03-13 18:29:00] [DEBUG] IsGoldWindowActive: matched via WinExist
[2026-03-13 18:29:04] [DEBUG] Family group not found — skipping F1429
[2026-03-13 18:29:05] [DEBUG] Clicked and typed at (712,135): F1430
[2026-03-13 18:29:07] [DEBUG] IsGoldWindowActive: matched via WinExist
[2026-03-13 18:29:11] [DEBUG] Family group not found — skipping F1430
[2026-03-13 18:29:12] [DEBUG] Clicked and typed at (712,135): F1431
[2026-03-13 18:29:14] [DEBUG] IsGoldWindowActive: matched via WinExist
[2026-03-13 18:29:18] [DEBUG] Family group not found — skipping F1431
[2026-03-13 18:29:19] [DEBUG] Clicked and typed at (712,135): F1432
[2026-03-13 18:29:21] [DEBUG] IsGoldWindowActive: matched via WinExist
[2026-03-13 18:29:25] [DEBUG] Family group not found — skipping F1432
[2026-03-13 18:29:26] [DEBUG] Clicked and typed at (712,135): F1433
[2026-03-13 18:29:28] [DEBUG] IsGoldWindowActive: matched via WinExist
[2026-03-13 18:29:32] [DEBUG] Family group not found — skipping F1433
[2026-03-13 18:29:33] [DEBUG] Clicked and typed at (712,135): F1434
[2026-03-13 18:29:35] [DEBUG] IsGoldWindowActive: matched via WinExist
[2026-03-13 18:29:39] [DEBUG] Family group not found — skipping F1434
[2026-03-13 18:29:40] [DEBUG] Clicked and typed at (712,135): F1435
[2026-03-13 18:29:42] [DEBUG] IsGoldWindowActive: matched via WinExist
[2026-03-13 18:29:46] [DEBUG] Family group not found — skipping F1435
[2026-03-13 18:29:47] [DEBUG] Clicked and typed at (712,135): F1436
[2026-03-13 18:29:49] [DEBUG] IsGoldWindowActive: matched via WinExist
[2026-03-13 18:29:53] [DEBUG] Family group not found — skipping F1436
[2026-03-13 18:29:54] [DEBUG] Clicked and typed at (712,135): F1437
[2026-03-13 18:29:56] [DEBUG] IsGoldWindowActive: matched via WinExist
[2026-03-13 18:30:00] [DEBUG] Family group not found — skipping F1437
[2026-03-13 18:30:00] [DEBUG] Clicked and typed at (712,135): F1438
[2026-03-13 18:30:03] [DEBUG] IsGoldWindowActive: matched via WinExist
[2026-03-13 18:30:07] [DEBUG] Family group not found — skipping F1438
[2026-03-13 18:30:07] [DEBUG] Clicked and typed at (712,135): F1439
[2026-03-13 18:30:10] [DEBUG] IsGoldWindowActive: matched via WinExist
[2026-03-13 18:30:14] [DEBUG] Family group not found — skipping F1439
[2026-03-13 18:30:14] [DEBUG] Clicked and typed at (712,135): F1440
[2026-03-13 18:30:17] [DEBUG] IsGoldWindowActive: matched via WinExist
[2026-03-13 18:30:21] [DEBUG] Family group not found — skipping F1440
[2026-03-13 18:30:21] [DEBUG] Clicked and typed at (712,135): F1441
[2026-03-13 18:30:24] [DEBUG] IsGoldWindowActive: matched via WinExist
[2026-03-13 18:30:28] [DEBUG] Family group not found — skipping F1441
[2026-03-13 18:30:28] [DEBUG] Clicked and typed at (712,135): F1442
[2026-03-13 18:30:30] [DEBUG] IsGoldWindowActive: matched via WinExist
[2026-03-13 18:30:34] [DEBUG] Family group not found — skipping F1442
[2026-03-13 18:30:35] [DEBUG] Clicked and typed at (712,135): F1443
[2026-03-13 18:30:37] [DEBUG] IsGoldWindowActive: matched via WinExist
[2026-03-13 18:30:41] [DEBUG] Family group not found — skipping F1443
[2026-03-13 18:30:42] [DEBUG] Clicked and typed at (712,135): F1444
[2026-03-13 18:30:44] [DEBUG] IsGoldWindowActive: matched via WinExist
[2026-03-13 18:30:48] [DEBUG] Family group not found — skipping F1444
[2026-03-13 18:30:49] [DEBUG] Clicked and typed at (712,135): F1445
[2026-03-13 18:30:51] [DEBUG] IsGoldWindowActive: matched via WinExist
[2026-03-13 18:30:55] [DEBUG] Family group not found — skipping F1445
[2026-03-13 18:30:56] [DEBUG] Clicked and typed at (712,135): F1446
[2026-03-13 18:30:58] [DEBUG] IsGoldWindowActive: matched via WinExist
[2026-03-13 18:31:02] [DEBUG] Family group not found — skipping F1446
[2026-03-13 18:31:03] [DEBUG] Clicked and typed at (712,135): F1447
[2026-03-13 18:31:05] [DEBUG] IsGoldWindowActive: matched via WinExist
[2026-03-13 18:31:09] [DEBUG] Family group not found — skipping F1447
[2026-03-13 18:31:10] [DEBUG] Clicked and typed at (712,135): F1448
[2026-03-13 18:31:12] [DEBUG] IsGoldWindowActive: matched via WinExist
[2026-03-13 18:31:16] [DEBUG] Family group not found — skipping F1448
[2026-03-13 18:31:17] [DEBUG] Clicked and typed at (712,135): F1449
[2026-03-13 18:31:19] [DEBUG] IsGoldWindowActive: matched via WinExist
[2026-03-13 18:31:23] [DEBUG] Family group not found — skipping F1449
[2026-03-13 18:31:24] [DEBUG] Clicked and typed at (712,135): F1450
[2026-03-13 18:31:26] [DEBUG] IsGoldWindowActive: matched via WinExist
[2026-03-13 18:31:30] [DEBUG] Family group not found — skipping F1450
[2026-03-13 18:31:31] [DEBUG] Clicked and typed at (712,135): F1451
[2026-03-13 18:31:33] [DEBUG] IsGoldWindowActive: matched via WinExist
[2026-03-13 18:31:37] [DEBUG] Family group not found — skipping F1451
[2026-03-13 18:31:38] [DEBUG] Clicked and typed at (712,135): F1452
[2026-03-13 18:31:40] [DEBUG] IsGoldWindowActive: matched via WinExist
[2026-03-13 18:31:44] [DEBUG] Family group not found — skipping F1452
[2026-03-13 18:31:45] [DEBUG] Clicked and typed at (712,135): F1453
[2026-03-13 18:31:47] [DEBUG] IsGoldWindowActive: matched via WinExist
[2026-03-13 18:31:51] [DEBUG] Family group not found — skipping F1453
[2026-03-13 18:31:52] [DEBUG] Clicked and typed at (712,135): F1454
[2026-03-13 18:31:54] [DEBUG] IsGoldWindowActive: matched via WinExist
[2026-03-13 18:31:58] [DEBUG] Family group not found — skipping F1454
[2026-03-13 18:31:59] [DEBUG] Clicked and typed at (712,135): F1455
[2026-03-13 18:32:01] [DEBUG] IsGoldWindowActive: matched via WinExist
[2026-03-13 18:32:05] [DEBUG] Family group not found — skipping F1455
[2026-03-13 18:32:06] [DEBUG] Clicked and typed at (712,135): F1456
[2026-03-13 18:32:08] [DEBUG] IsGoldWindowActive: matched via WinExist
[2026-03-13 18:32:12] [DEBUG] Family group not found — skipping F1456
[2026-03-13 18:32:12] [DEBUG] Clicked and typed at (712,135): F1457
[2026-03-13 18:32:15] [DEBUG] IsGoldWindowActive: matched via WinExist
[2026-03-13 18:32:19] [DEBUG] Family group not found — skipping F1457
[2026-03-13 18:32:19] [DEBUG] Clicked and typed at (712,135): F1458
[2026-03-13 18:32:22] [DEBUG] IsGoldWindowActive: matched via WinExist
[2026-03-13 18:32:26] [DEBUG] Family group not found — skipping F1458
[2026-03-13 18:32:26] [DEBUG] Clicked and typed at (712,135): F1459
[2026-03-13 18:32:29] [DEBUG] IsGoldWindowActive: matched via WinExist
[2026-03-13 18:32:33] [DEBUG] Family group not found — skipping F1459
[2026-03-13 18:32:33] [DEBUG] Clicked and typed at (712,135): F1460
[2026-03-13 18:32:35] [DEBUG] IsGoldWindowActive: matched via WinExist
[2026-03-13 18:32:39] [DEBUG] Family group not found — skipping F1460
[2026-03-13 18:32:40] [DEBUG] Clicked and typed at (712,135): F5003
[2026-03-13 18:32:42] [DEBUG] IsGoldWindowActive: matched via WinExist
[2026-03-13 18:32:46] [DEBUG] Family group not found — skipping F5003
[2026-03-13 18:32:47] [DEBUG] Clicked and typed at (712,135): F1461
[2026-03-13 18:32:49] [DEBUG] IsGoldWindowActive: matched via WinExist
[2026-03-13 18:32:53] [DEBUG] Family group not found — skipping F1461
[2026-03-13 18:32:54] [DEBUG] Clicked and typed at (712,135): F1462
[2026-03-13 18:32:56] [DEBUG] IsGoldWindowActive: matched via WinExist
[2026-03-13 18:33:00] [DEBUG] Family group not found — skipping F1462
[2026-03-13 18:33:01] [DEBUG] Clicked and typed at (712,135): F1463
[2026-03-13 18:33:03] [DEBUG] IsGoldWindowActive: matched via WinExist
[2026-03-13 18:33:07] [DEBUG] Family group not found — skipping F1463
[2026-03-13 18:33:08] [DEBUG] Clicked and typed at (712,135): F1464
[2026-03-13 18:33:10] [DEBUG] IsGoldWindowActive: matched via WinExist
[2026-03-13 18:33:14] [DEBUG] Family group not found — skipping F1464
[2026-03-13 18:33:15] [DEBUG] Clicked and typed at (712,135): F1465
[2026-03-13 18:33:17] [DEBUG] IsGoldWindowActive: matched via WinExist
[2026-03-13 18:33:21] [DEBUG] Family group not found — skipping F1465
[2026-03-13 18:33:22] [DEBUG] Clicked and typed at (712,135): F1466
[2026-03-13 18:33:24] [DEBUG] IsGoldWindowActive: matched via WinExist
[2026-03-13 18:33:28] [DEBUG] Family group not found — skipping F1466
[2026-03-13 18:33:29] [DEBUG] Clicked and typed at (712,135): F1467
[2026-03-13 18:33:31] [DEBUG] IsGoldWindowActive: matched via WinExist
[2026-03-13 18:33:35] [DEBUG] Family group not found — skipping F1467
[2026-03-13 18:33:36] [DEBUG] Clicked and typed at (712,135): F1468
[2026-03-13 18:33:38] [DEBUG] IsGoldWindowActive: matched via WinExist
[2026-03-13 18:33:42] [DEBUG] Family group not found — skipping F1468
[2026-03-13 18:33:43] [DEBUG] Clicked and typed at (712,135): F1469
[2026-03-13 18:33:45] [DEBUG] IsGoldWindowActive: matched via WinExist
[2026-03-13 18:33:49] [DEBUG] Family group not found — skipping F1469
[2026-03-13 18:33:50] [DEBUG] Clicked and typed at (712,135): F1470
[2026-03-13 18:33:52] [DEBUG] IsGoldWindowActive: matched via WinExist
[2026-03-13 18:33:56] [DEBUG] Family group not found — skipping F1470
[2026-03-13 18:33:57] [DEBUG] Clicked and typed at (712,135): F1471
[2026-03-13 18:33:59] [DEBUG] IsGoldWindowActive: matched via WinExist
[2026-03-13 18:34:03] [DEBUG] Family group not found — skipping F1471
[2026-03-13 18:34:04] [DEBUG] Clicked and typed at (712,135): F1472
[2026-03-13 18:34:06] [DEBUG] IsGoldWindowActive: matched via WinExist
[2026-03-13 18:34:10] [DEBUG] Family group not found — skipping F1472
[2026-03-13 18:34:11] [DEBUG] Clicked and typed at (712,135): F1473
[2026-03-13 18:34:13] [DEBUG] IsGoldWindowActive: matched via WinExist
[2026-03-13 18:34:17] [DEBUG] Family group not found — skipping F1473
[2026-03-13 18:34:18] [DEBUG] Clicked and typed at (712,135): F1474
[2026-03-13 18:34:20] [DEBUG] IsGoldWindowActive: matched via WinExist
[2026-03-13 18:34:24] [DEBUG] Family group not found — skipping F1474
[2026-03-13 18:34:24] [DEBUG] Clicked and typed at (712,135): F1475
[2026-03-13 18:34:27] [DEBUG] IsGoldWindowActive: matched via WinExist
[2026-03-13 18:34:31] [DEBUG] Family group not found — skipping F1475
[2026-03-13 18:34:31] [DEBUG] Clicked and typed at (712,135): F1476
[2026-03-13 18:34:34] [DEBUG] IsGoldWindowActive: matched via WinExist
[2026-03-13 18:34:38] [DEBUG] Family group not found — skipping F1476
[2026-03-13 18:34:38] [DEBUG] Clicked and typed at (712,135): F1477
[2026-03-13 18:34:41] [DEBUG] IsGoldWindowActive: matched via WinExist
[2026-03-13 18:34:45] [DEBUG] Family group not found — skipping F1477
[2026-03-13 18:34:45] [DEBUG] Clicked and typed at (712,135): F1478
[2026-03-13 18:34:48] [DEBUG] IsGoldWindowActive: matched via WinExist
[2026-03-13 18:34:52] [DEBUG] Family group not found — skipping F1478
[2026-03-13 18:34:52] [DEBUG] Clicked and typed at (712,135): F1479
[2026-03-13 18:34:55] [DEBUG] IsGoldWindowActive: matched via WinExist
[2026-03-13 18:34:59] [DEBUG] Family group not found — skipping F1479
[2026-03-13 18:34:59] [DEBUG] Clicked and typed at (712,135): F1480
[2026-03-13 18:35:01] [DEBUG] IsGoldWindowActive: matched via WinExist
[2026-03-13 18:35:05] [DEBUG] Family group not found — skipping F1480
[2026-03-13 18:35:06] [DEBUG] Clicked and typed at (712,135): F1481
[2026-03-13 18:35:08] [DEBUG] IsGoldWindowActive: matched via WinExist
[2026-03-13 18:35:12] [DEBUG] Family group not found — skipping F1481
[2026-03-13 18:35:13] [DEBUG] Clicked and typed at (712,135): F1482
[2026-03-13 18:35:15] [DEBUG] IsGoldWindowActive: matched via WinExist
[2026-03-13 18:35:19] [DEBUG] Family group not found — skipping F1482
[2026-03-13 18:35:20] [DEBUG] Clicked and typed at (712,135): F1483
[2026-03-13 18:35:22] [DEBUG] IsGoldWindowActive: matched via WinExist
[2026-03-13 18:35:26] [DEBUG] Family group not found — skipping F1483
[2026-03-13 18:35:27] [DEBUG] Clicked and typed at (712,135): F1484
[2026-03-13 18:35:29] [DEBUG] IsGoldWindowActive: matched via WinExist
[2026-03-13 18:35:33] [DEBUG] Family group not found — skipping F1484
[2026-03-13 18:35:34] [DEBUG] Clicked and typed at (712,135): F1485
[2026-03-13 18:35:36] [DEBUG] IsGoldWindowActive: matched via WinExist
[2026-03-13 18:35:40] [DEBUG] Family group not found — skipping F1485
[2026-03-13 18:35:41] [DEBUG] Clicked and typed at (712,135): F1486
[2026-03-13 18:35:43] [DEBUG] IsGoldWindowActive: matched via WinExist
[2026-03-13 18:35:47] [DEBUG] Family group not found — skipping F1486
[2026-03-13 18:35:48] [DEBUG] Clicked and typed at (712,135): F1487
[2026-03-13 18:35:50] [DEBUG] IsGoldWindowActive: matched via WinExist
[2026-03-13 18:35:54] [DEBUG] Family group not found — skipping F1487
[2026-03-13 18:35:55] [DEBUG] Clicked and typed at (712,135): F1488
[2026-03-13 18:35:57] [DEBUG] IsGoldWindowActive: matched via WinExist
[2026-03-13 18:36:01] [DEBUG] Family group not found — skipping F1488
[2026-03-13 18:36:02] [DEBUG] Clicked and typed at (712,135): F1489
[2026-03-13 18:36:04] [DEBUG] IsGoldWindowActive: matched via WinExist
[2026-03-13 18:36:08] [DEBUG] Family group not found — skipping F1489
[2026-03-13 18:36:09] [DEBUG] Clicked and typed at (712,135): F5209
[2026-03-13 18:36:11] [DEBUG] IsGoldWindowActive: matched via WinExist
[2026-03-13 18:36:15] [DEBUG] Family group not found — skipping F5209
[2026-03-13 18:36:16] [DEBUG] Clicked and typed at (712,135): F1490
[2026-03-13 18:36:18] [DEBUG] IsGoldWindowActive: matched via WinExist
[2026-03-13 18:36:22] [DEBUG] Family group not found — skipping F1490
[2026-03-13 18:36:23] [DEBUG] Clicked and typed at (712,135): F1491
[2026-03-13 18:36:25] [DEBUG] IsGoldWindowActive: matched via WinExist
[2026-03-13 18:36:29] [DEBUG] Family group not found — skipping F1491
[2026-03-13 18:36:30] [DEBUG] Clicked and typed at (712,135): F1492
[2026-03-13 18:36:32] [DEBUG] IsGoldWindowActive: matched via WinExist
[2026-03-13 18:36:36] [DEBUG] Family group not found — skipping F1492
[2026-03-13 18:36:37] [DEBUG] Clicked and typed at (712,135): F1493
[2026-03-13 18:36:39] [DEBUG] IsGoldWindowActive: matched via WinExist
[2026-03-13 18:36:43] [DEBUG] Family group not found — skipping F1493
[2026-03-13 18:36:43] [DEBUG] Clicked and typed at (712,135): F1494
[2026-03-13 18:36:46] [DEBUG] IsGoldWindowActive: matched via WinExist
[2026-03-13 18:36:50] [DEBUG] Family group not found — skipping F1494
[2026-03-13 18:36:50] [DEBUG] Clicked and typed at (712,135): F1495
[2026-03-13 18:36:53] [DEBUG] IsGoldWindowActive: matched via WinExist
[2026-03-13 18:36:57] [DEBUG] Family group not found — skipping F1495
[2026-03-13 18:36:57] [DEBUG] Clicked and typed at (712,135): F1496
[2026-03-13 18:37:00] [DEBUG] IsGoldWindowActive: matched via WinExist
[2026-03-13 18:37:04] [DEBUG] Family group not found — skipping F1496
[2026-03-13 18:37:04] [DEBUG] Clicked and typed at (712,135): F1497
[2026-03-13 18:37:07] [DEBUG] IsGoldWindowActive: matched via WinExist
[2026-03-13 18:37:11] [DEBUG] Family group not found — skipping F1497
[2026-03-13 18:37:11] [DEBUG] Clicked and typed at (712,135): F1498
[2026-03-13 18:37:13] [DEBUG] IsGoldWindowActive: matched via WinExist
[2026-03-13 18:37:17] [DEBUG] Family group not found — skipping F1498
[2026-03-13 18:37:18] [DEBUG] Clicked and typed at (712,135): F1499
[2026-03-13 18:37:20] [DEBUG] IsGoldWindowActive: matched via WinExist
[2026-03-13 18:37:24] [DEBUG] Family group not found — skipping F1499
[2026-03-13 18:37:25] [DEBUG] Clicked and typed at (712,135): F1500
[2026-03-13 18:37:27] [DEBUG] IsGoldWindowActive: matched via WinExist
[2026-03-13 18:37:31] [DEBUG] Family group not found — skipping F1500
[2026-03-13 18:37:32] [DEBUG] Clicked and typed at (712,135): F1501
[2026-03-13 18:37:34] [DEBUG] IsGoldWindowActive: matched via WinExist
[2026-03-13 18:37:38] [DEBUG] Family group not found — skipping F1501
[2026-03-13 18:37:39] [DEBUG] Clicked and typed at (712,135): F1502
[2026-03-13 18:37:41] [DEBUG] IsGoldWindowActive: matched via WinExist
[2026-03-13 18:37:45] [DEBUG] Family group not found — skipping F1502
[2026-03-13 18:37:46] [DEBUG] Clicked and typed at (712,135): F1503
[2026-03-13 18:37:48] [DEBUG] IsGoldWindowActive: matched via WinExist
[2026-03-13 18:37:52] [DEBUG] Family group not found — skipping F1503
[2026-03-13 18:37:53] [DEBUG] Clicked and typed at (712,135): F1504
[2026-03-13 18:37:55] [DEBUG] IsGoldWindowActive: matched via WinExist
[2026-03-13 18:37:59] [DEBUG] Family group not found — skipping F1504
[2026-03-13 18:38:00] [DEBUG] Clicked and typed at (712,135): F1505
[2026-03-13 18:38:02] [DEBUG] IsGoldWindowActive: matched via WinExist
[2026-03-13 18:38:06] [DEBUG] Family group not found — skipping F1505
[2026-03-13 18:38:07] [DEBUG] Clicked and typed at (712,135): F1506
[2026-03-13 18:38:09] [DEBUG] IsGoldWindowActive: matched via WinExist
[2026-03-13 18:38:13] [DEBUG] Family group not found — skipping F1506
[2026-03-13 18:38:14] [DEBUG] Clicked and typed at (712,135): F1507
[2026-03-13 18:38:16] [DEBUG] IsGoldWindowActive: matched via WinExist
[2026-03-13 18:38:20] [DEBUG] Family group not found — skipping F1507
[2026-03-13 18:38:21] [DEBUG] Clicked and typed at (712,135): F1508
[2026-03-13 18:38:23] [DEBUG] IsGoldWindowActive: matched via WinExist
[2026-03-13 18:38:27] [DEBUG] Family group not found — skipping F1508
[2026-03-13 18:38:28] [DEBUG] Clicked and typed at (712,135): F1509
[2026-03-13 18:38:30] [DEBUG] IsGoldWindowActive: matched via WinExist
[2026-03-13 18:38:34] [DEBUG] Family group not found — skipping F1509
[2026-03-13 18:38:35] [DEBUG] Clicked and typed at (712,135): F1510
[2026-03-13 18:38:37] [DEBUG] IsGoldWindowActive: matched via WinExist
[2026-03-13 18:38:41] [DEBUG] Family group not found — skipping F1510
[2026-03-13 18:38:42] [DEBUG] Clicked and typed at (712,135): F1511
[2026-03-13 18:38:44] [DEBUG] IsGoldWindowActive: matched via WinExist
[2026-03-13 18:38:48] [DEBUG] Family group not found — skipping F1511
[2026-03-13 18:38:48] [DEBUG] Clicked and typed at (712,135): F5109
[2026-03-13 18:38:51] [DEBUG] IsGoldWindowActive: matched via WinExist
[2026-03-13 18:38:55] [DEBUG] Family group not found — skipping F5109
[2026-03-13 18:38:55] [DEBUG] Clicked and typed at (712,135): F1512
[2026-03-13 18:38:58] [DEBUG] IsGoldWindowActive: matched via WinExist
[2026-03-13 18:39:02] [DEBUG] Family group not found — skipping F1512
[2026-03-13 18:39:02] [DEBUG] Clicked and typed at (712,135): F1513
[2026-03-13 18:39:05] [DEBUG] IsGoldWindowActive: matched via WinExist
[2026-03-13 18:39:09] [DEBUG] Family group not found — skipping F1513
[2026-03-13 18:39:09] [DEBUG] Clicked and typed at (712,135): F1514
[2026-03-13 18:39:12] [DEBUG] IsGoldWindowActive: matched via WinExist
[2026-03-13 18:39:16] [DEBUG] Family group not found — skipping F1514
[2026-03-13 18:39:16] [DEBUG] Clicked and typed at (712,135): F1515
[2026-03-13 18:39:19] [DEBUG] IsGoldWindowActive: matched via WinExist
[2026-03-13 18:39:23] [DEBUG] Family group not found — skipping F1515
[2026-03-13 18:39:23] [DEBUG] Clicked and typed at (712,135): F5111
[2026-03-13 18:39:25] [DEBUG] IsGoldWindowActive: matched via WinExist
[2026-03-13 18:39:29] [DEBUG] Family group not found — skipping F5111
[2026-03-13 18:39:30] [DEBUG] Clicked and typed at (712,135): F1516
[2026-03-13 18:39:32] [DEBUG] IsGoldWindowActive: matched via WinExist
[2026-03-13 18:39:36] [DEBUG] Family group not found — skipping F1516
[2026-03-13 18:39:37] [DEBUG] Clicked and typed at (712,135): F1517
[2026-03-13 18:39:39] [DEBUG] IsGoldWindowActive: matched via WinExist
[2026-03-13 18:39:43] [DEBUG] Family group not found — skipping F1517
[2026-03-13 18:39:44] [DEBUG] Clicked and typed at (712,135): F1518
[2026-03-13 18:39:46] [DEBUG] IsGoldWindowActive: matched via WinExist
[2026-03-13 18:39:50] [DEBUG] Family group not found — skipping F1518
[2026-03-13 18:39:51] [DEBUG] Clicked and typed at (712,135): F1519
[2026-03-13 18:39:53] [DEBUG] IsGoldWindowActive: matched via WinExist
[2026-03-13 18:39:57] [DEBUG] Family group not found — skipping F1519
[2026-03-13 18:39:58] [DEBUG] Clicked and typed at (712,135): F1520
[2026-03-13 18:40:00] [DEBUG] IsGoldWindowActive: matched via WinExist
[2026-03-13 18:40:04] [DEBUG] Family group not found — skipping F1520
[2026-03-13 18:40:05] [DEBUG] Clicked and typed at (712,135): F5112
[2026-03-13 18:40:07] [DEBUG] IsGoldWindowActive: matched via WinExist
[2026-03-13 18:40:11] [DEBUG] Family group not found — skipping F5112
[2026-03-13 18:40:12] [DEBUG] Clicked and typed at (712,135): F1521
[2026-03-13 18:40:14] [DEBUG] IsGoldWindowActive: matched via WinExist
[2026-03-13 18:40:18] [DEBUG] Family group not found — skipping F1521
[2026-03-13 18:40:19] [DEBUG] Clicked and typed at (712,135): F1522
[2026-03-13 18:40:21] [DEBUG] IsGoldWindowActive: matched via WinExist
[2026-03-13 18:40:25] [DEBUG] Family group not found — skipping F1522
[2026-03-13 18:40:26] [DEBUG] Clicked and typed at (712,135): F1523
[2026-03-13 18:40:28] [DEBUG] IsGoldWindowActive: matched via WinExist
[2026-03-13 18:40:32] [DEBUG] Family group not found — skipping F1523
[2026-03-13 18:40:33] [DEBUG] Clicked and typed at (712,135): F1524
[2026-03-13 18:40:35] [DEBUG] IsGoldWindowActive: matched via WinExist
[2026-03-13 18:40:39] [DEBUG] Family group not found — skipping F1524
[2026-03-13 18:40:40] [DEBUG] Clicked and typed at (712,135): F1525
[2026-03-13 18:40:42] [DEBUG] IsGoldWindowActive: matched via WinExist
[2026-03-13 18:40:46] [DEBUG] Family group not found — skipping F1525
[2026-03-13 18:40:47] [DEBUG] Clicked and typed at (712,135): F1526
[2026-03-13 18:40:49] [DEBUG] IsGoldWindowActive: matched via WinExist
[2026-03-13 18:40:53] [DEBUG] Family group not found — skipping F1526
[2026-03-13 18:40:54] [DEBUG] Clicked and typed at (712,135): F1527
[2026-03-13 18:40:56] [DEBUG] IsGoldWindowActive: matched via WinExist
[2026-03-13 18:41:00] [DEBUG] Family group not found — skipping F1527
[2026-03-13 18:41:01] [DEBUG] Clicked and typed at (712,135): F5107
[2026-03-13 18:41:03] [DEBUG] IsGoldWindowActive: matched via WinExist
[2026-03-13 18:41:07] [DEBUG] Family group not found — skipping F5107
[2026-03-13 18:41:08] [DEBUG] Clicked and typed at (712,135): F1528
[2026-03-13 18:41:10] [DEBUG] IsGoldWindowActive: matched via WinExist
[2026-03-13 18:41:14] [DEBUG] Family group not found — skipping F1528
[2026-03-13 18:41:14] [DEBUG] Clicked and typed at (712,135): F1529
[2026-03-13 18:41:17] [DEBUG] IsGoldWindowActive: matched via WinExist
[2026-03-13 18:41:21] [DEBUG] Family group not found — skipping F1529
[2026-03-13 18:41:21] [DEBUG] Clicked and typed at (712,135): F1530
[2026-03-13 18:41:24] [DEBUG] IsGoldWindowActive: matched via WinExist
[2026-03-13 18:41:28] [DEBUG] Family group not found — skipping F1530
[2026-03-13 18:41:28] [DEBUG] Clicked and typed at (712,135): F1531
[2026-03-13 18:41:31] [DEBUG] IsGoldWindowActive: matched via WinExist
[2026-03-13 18:41:35] [DEBUG] Family group not found — skipping F1531
[2026-03-13 18:41:35] [DEBUG] Clicked and typed at (712,135): F1532
[2026-03-13 18:41:38] [DEBUG] IsGoldWindowActive: matched via WinExist
[2026-03-13 18:41:42] [DEBUG] Family group not found — skipping F1532
[2026-03-13 18:41:42] [DEBUG] Clicked and typed at (712,135): F1533
[2026-03-13 18:41:44] [DEBUG] IsGoldWindowActive: matched via WinExist
[2026-03-13 18:41:48] [DEBUG] Family group not found — skipping F1533
[2026-03-13 18:41:49] [DEBUG] Clicked and typed at (712,135): F1534
[2026-03-13 18:41:51] [DEBUG] IsGoldWindowActive: matched via WinExist
[2026-03-13 18:41:55] [DEBUG] Family group not found — skipping F1534
[2026-03-13 18:41:56] [DEBUG] Clicked and typed at (712,135): F1535
[2026-03-13 18:41:58] [DEBUG] IsGoldWindowActive: matched via WinExist
[2026-03-13 18:42:02] [DEBUG] Family group not found — skipping F1535
[2026-03-13 18:42:03] [DEBUG] Clicked and typed at (712,135): F5108
[2026-03-13 18:42:05] [DEBUG] IsGoldWindowActive: matched via WinExist
[2026-03-13 18:42:09] [DEBUG] Family group not found — skipping F5108
[2026-03-13 18:42:10] [DEBUG] Clicked and typed at (712,135): F1536
[2026-03-13 18:42:12] [DEBUG] IsGoldWindowActive: matched via WinExist
[2026-03-13 18:42:16] [DEBUG] Family group not found — skipping F1536
[2026-03-13 18:42:17] [DEBUG] Clicked and typed at (712,135): F1537
[2026-03-13 18:42:19] [DEBUG] IsGoldWindowActive: matched via WinExist
[2026-03-13 18:42:23] [DEBUG] Family group not found — skipping F1537
[2026-03-13 18:42:24] [DEBUG] Clicked and typed at (712,135): F1538
[2026-03-13 18:42:26] [DEBUG] IsGoldWindowActive: matched via WinExist
[2026-03-13 18:42:30] [DEBUG] Family group not found — skipping F1538
[2026-03-13 18:42:31] [DEBUG] Clicked and typed at (712,135): F1539
[2026-03-13 18:42:33] [DEBUG] IsGoldWindowActive: matched via WinExist
[2026-03-13 18:42:37] [DEBUG] Family group not found — skipping F1539
[2026-03-13 18:42:38] [DEBUG] Clicked and typed at (712,135): F1540
[2026-03-13 18:42:40] [DEBUG] IsGoldWindowActive: matched via WinExist
[2026-03-13 18:42:44] [DEBUG] Family group not found — skipping F1540
[2026-03-13 18:42:45] [DEBUG] Clicked and typed at (712,135): F3196
[2026-03-13 18:42:47] [DEBUG] IsGoldWindowActive: matched via WinExist
[2026-03-13 18:42:51] [DEBUG] Family group not found — skipping F3196
[2026-03-13 18:42:52] [DEBUG] Clicked and typed at (712,135): F1544
[2026-03-13 18:42:54] [DEBUG] IsGoldWindowActive: matched via WinExist
[2026-03-13 18:42:58] [DEBUG] Family group not found — skipping F1544
[2026-03-13 18:42:59] [DEBUG] Clicked and typed at (712,135): F1545
[2026-03-13 18:43:01] [DEBUG] IsGoldWindowActive: matched via WinExist
[2026-03-13 18:43:05] [DEBUG] Family group not found — skipping F1545
[2026-03-13 18:43:06] [DEBUG] Clicked and typed at (712,135): F1546
[2026-03-13 18:43:08] [DEBUG] IsGoldWindowActive: matched via WinExist
[2026-03-13 18:43:12] [DEBUG] Family group not found — skipping F1546
[2026-03-13 18:43:13] [DEBUG] Clicked and typed at (712,135): F1547
[2026-03-13 18:43:15] [DEBUG] IsGoldWindowActive: matched via WinExist
[2026-03-13 18:43:19] [DEBUG] Family group not found — skipping F1547
[2026-03-13 18:43:20] [DEBUG] Clicked and typed at (712,135): F1548
[2026-03-13 18:43:22] [DEBUG] IsGoldWindowActive: matched via WinExist
[2026-03-13 18:43:26] [DEBUG] Family group not found — skipping F1548
[2026-03-13 18:43:26] [DEBUG] Clicked and typed at (712,135): F1549
[2026-03-13 18:43:29] [DEBUG] IsGoldWindowActive: matched via WinExist
[2026-03-13 18:43:33] [DEBUG] Family group not found — skipping F1549
[2026-03-13 18:43:33] [DEBUG] Clicked and typed at (712,135): F5110
[2026-03-13 18:43:36] [DEBUG] IsGoldWindowActive: matched via WinExist
[2026-03-13 18:43:40] [DEBUG] Family group not found — skipping F5110
[2026-03-13 18:43:40] [DEBUG] Clicked and typed at (712,135): F5332
[2026-03-13 18:43:43] [DEBUG] IsGoldWindowActive: matched via WinExist
[2026-03-13 18:43:47] [DEBUG] Family group not found — skipping F5332
[2026-03-13 18:43:47] [DEBUG] Clicked and typed at (712,135): F4530
[2026-03-13 18:43:49] [DEBUG] IsGoldWindowActive: matched via WinExist
[2026-03-13 18:43:54] [DEBUG] Family group not found — skipping F4530
[2026-03-13 18:43:54] [DEBUG] Clicked and typed at (712,135): F4532
[2026-03-13 18:43:56] [DEBUG] IsGoldWindowActive: matched via WinExist
[2026-03-13 18:44:00] [DEBUG] Family group not found — skipping F4532
[2026-03-13 18:44:01] [DEBUG] Clicked and typed at (712,135): F4533
[2026-03-13 18:44:03] [DEBUG] IsGoldWindowActive: matched via WinExist
[2026-03-13 18:44:07] [DEBUG] Family group not found — skipping F4533
[2026-03-13 18:44:08] [DEBUG] Clicked and typed at (712,135): F4541
[2026-03-13 18:44:10] [DEBUG] IsGoldWindowActive: matched via WinExist
[2026-03-13 18:44:14] [DEBUG] Family group not found — skipping F4541
[2026-03-13 18:44:15] [DEBUG] Clicked and typed at (712,135): F4542
[2026-03-13 18:44:17] [DEBUG] IsGoldWindowActive: matched via WinExist
[2026-03-13 18:44:21] [DEBUG] Family group not found — skipping F4542
[2026-03-13 18:44:22] [DEBUG] Clicked and typed at (712,135): F4543
[2026-03-13 18:44:24] [DEBUG] IsGoldWindowActive: matched via WinExist
[2026-03-13 18:44:28] [DEBUG] Family group not found — skipping F4543
[2026-03-13 18:44:29] [DEBUG] Clicked and typed at (712,135): F4544
[2026-03-13 18:44:31] [DEBUG] IsGoldWindowActive: matched via WinExist
[2026-03-13 18:44:35] [DEBUG] Family group not found — skipping F4544
[2026-03-13 18:44:36] [DEBUG] Clicked and typed at (712,135): F4545
[2026-03-13 18:44:38] [DEBUG] IsGoldWindowActive: matched via WinExist
[2026-03-13 18:44:42] [DEBUG] Family group not found — skipping F4545
[2026-03-13 18:44:43] [DEBUG] Clicked and typed at (712,135): F4546
[2026-03-13 18:44:45] [DEBUG] IsGoldWindowActive: matched via WinExist
[2026-03-13 18:44:49] [DEBUG] Family group not found — skipping F4546
[2026-03-13 18:44:50] [DEBUG] Clicked and typed at (712,135): F4547
[2026-03-13 18:44:52] [DEBUG] IsGoldWindowActive: matched via WinExist
[2026-03-13 18:44:56] [DEBUG] Family group not found — skipping F4547
[2026-03-13 18:44:57] [DEBUG] Clicked and typed at (712,135): F4548
[2026-03-13 18:44:59] [DEBUG] IsGoldWindowActive: matched via WinExist
[2026-03-13 18:45:03] [DEBUG] Family group not found — skipping F4548
[2026-03-13 18:45:04] [DEBUG] Clicked and typed at (712,135): F4550
[2026-03-13 18:45:06] [DEBUG] IsGoldWindowActive: matched via WinExist
[2026-03-13 18:45:10] [DEBUG] Family group not found — skipping F4550
[2026-03-13 18:45:11] [DEBUG] Clicked and typed at (712,135): F4551
[2026-03-13 18:45:13] [DEBUG] IsGoldWindowActive: matched via WinExist
[2026-03-13 18:45:17] [DEBUG] Family group not found — skipping F4551
[2026-03-13 18:45:18] [DEBUG] Clicked and typed at (712,135): F4557
[2026-03-13 18:45:20] [DEBUG] IsGoldWindowActive: matched via WinExist
[2026-03-13 18:45:24] [DEBUG] Family group not found — skipping F4557
[2026-03-13 18:45:25] [DEBUG] Clicked and typed at (712,135): F4558
[2026-03-13 18:45:27] [DEBUG] IsGoldWindowActive: matched via WinExist
[2026-03-13 18:45:31] [DEBUG] Family group not found — skipping F4558
[2026-03-13 18:45:32] [DEBUG] Clicked and typed at (712,135): F4559
[2026-03-13 18:45:34] [DEBUG] IsGoldWindowActive: matched via WinExist
[2026-03-13 18:45:38] [DEBUG] Family group not found — skipping F4559
[2026-03-13 18:45:38] [DEBUG] Clicked and typed at (712,135): F4561
[2026-03-13 18:45:41] [DEBUG] IsGoldWindowActive: matched via WinExist
[2026-03-13 18:45:45] [DEBUG] Family group not found — skipping F4561
[2026-03-13 18:45:45] [DEBUG] Clicked and typed at (712,135): F4562
[2026-03-13 18:45:48] [DEBUG] IsGoldWindowActive: matched via WinExist
[2026-03-13 18:45:52] [DEBUG] Family group not found — skipping F4562
[2026-03-13 18:45:52] [DEBUG] Clicked and typed at (712,135): F4568
[2026-03-13 18:45:55] [DEBUG] IsGoldWindowActive: matched via WinExist
[2026-03-13 18:45:59] [DEBUG] Family group not found — skipping F4568
[2026-03-13 18:45:59] [DEBUG] Clicked and typed at (712,135): F4569
[2026-03-13 18:46:02] [DEBUG] IsGoldWindowActive: matched via WinExist
[2026-03-13 18:46:06] [DEBUG] Family group not found — skipping F4569
[2026-03-13 18:46:06] [DEBUG] Clicked and typed at (712,135): F5182
[2026-03-13 18:46:08] [DEBUG] IsGoldWindowActive: matched via WinExist
[2026-03-13 18:46:12] [DEBUG] Family group not found — skipping F5182
[2026-03-13 18:46:13] [DEBUG] Clicked and typed at (712,135): F5183
[2026-03-13 18:46:15] [DEBUG] IsGoldWindowActive: matched via WinExist
[2026-03-13 18:46:19] [DEBUG] Family group not found — skipping F5183
[2026-03-13 18:46:20] [DEBUG] Clicked and typed at (712,135): F5184
[2026-03-13 18:46:22] [DEBUG] IsGoldWindowActive: matched via WinExist
[2026-03-13 18:46:26] [DEBUG] Family group not found — skipping F5184
[2026-03-13 18:46:27] [DEBUG] Clicked and typed at (712,135): F5185
[2026-03-13 18:46:29] [DEBUG] IsGoldWindowActive: matched via WinExist
[2026-03-13 18:46:33] [DEBUG] Family group not found — skipping F5185
[2026-03-13 18:46:34] [DEBUG] Clicked and typed at (712,135): F5333
[2026-03-13 18:46:36] [DEBUG] IsGoldWindowActive: matched via WinExist
[2026-03-13 18:46:40] [DEBUG] Family group not found — skipping F5333
[2026-03-13 18:46:41] [DEBUG] Clicked and typed at (712,135): F5401
[2026-03-13 18:46:43] [DEBUG] IsGoldWindowActive: matched via WinExist
[2026-03-13 18:46:47] [DEBUG] Family group not found — skipping F5401
[2026-03-13 18:46:48] [DEBUG] Clicked and typed at (712,135): F5187
[2026-03-13 18:46:50] [DEBUG] IsGoldWindowActive: matched via WinExist
[2026-03-13 18:46:54] [DEBUG] Family group not found — skipping F5187
[2026-03-13 18:46:55] [DEBUG] Clicked and typed at (712,135): F5188
[2026-03-13 18:46:57] [DEBUG] IsGoldWindowActive: matched via WinExist
[2026-03-13 18:47:01] [DEBUG] Family group not found — skipping F5188
[2026-03-13 18:47:02] [DEBUG] Clicked and typed at (712,135): F5189
[2026-03-13 18:47:04] [DEBUG] IsGoldWindowActive: matched via WinExist
[2026-03-13 18:47:08] [DEBUG] Family group not found — skipping F5189
[2026-03-13 18:47:09] [DEBUG] Clicked and typed at (712,135): F5190
[2026-03-13 18:47:11] [DEBUG] IsGoldWindowActive: matched via WinExist
[2026-03-13 18:47:15] [DEBUG] Family group not found — skipping F5190
[2026-03-13 18:47:16] [DEBUG] Clicked and typed at (712,135): F5191
[2026-03-13 18:47:18] [DEBUG] IsGoldWindowActive: matched via WinExist
[2026-03-13 18:47:22] [DEBUG] Family group not found — skipping F5191
[2026-03-13 18:47:23] [DEBUG] Clicked and typed at (712,135): F5334
[2026-03-13 18:47:25] [DEBUG] IsGoldWindowActive: matched via WinExist
[2026-03-13 18:47:29] [DEBUG] Family group not found — skipping F5334
[2026-03-13 18:47:30] [DEBUG] Clicked and typed at (712,135): F5192
[2026-03-13 18:47:32] [DEBUG] IsGoldWindowActive: matched via WinExist
[2026-03-13 18:47:36] [DEBUG] Family group not found — skipping F5192
[2026-03-13 18:47:37] [DEBUG] Clicked and typed at (712,135): F5193
[2026-03-13 18:47:39] [DEBUG] IsGoldWindowActive: matched via WinExist
[2026-03-13 18:47:43] [DEBUG] Family group not found — skipping F5193
[2026-03-13 18:47:44] [DEBUG] Clicked and typed at (712,135): F5194
[2026-03-13 18:47:46] [DEBUG] IsGoldWindowActive: matched via WinExist
[2026-03-13 18:47:50] [DEBUG] Family group not found — skipping F5194
[2026-03-13 18:47:51] [DEBUG] Clicked and typed at (712,135): F5335
[2026-03-13 18:47:53] [DEBUG] IsGoldWindowActive: matched via WinExist
[2026-03-13 18:47:57] [DEBUG] Family group not found — skipping F5335
[2026-03-13 18:47:58] [DEBUG] Clicked and typed at (712,135): F5336
[2026-03-13 18:48:00] [DEBUG] IsGoldWindowActive: matched via WinExist
[2026-03-13 18:48:04] [DEBUG] Family group not found — skipping F5336
[2026-03-13 18:48:05] [DEBUG] Clicked and typed at (712,135): F5337
[2026-03-13 18:48:07] [DEBUG] IsGoldWindowActive: matched via WinExist
[2026-03-13 18:48:11] [DEBUG] Family group not found — skipping F5337
[2026-03-13 18:48:11] [DEBUG] Clicked and typed at (712,135): F5195
[2026-03-13 18:48:14] [DEBUG] IsGoldWindowActive: matched via WinExist
[2026-03-13 18:48:18] [DEBUG] Family group not found — skipping F5195
[2026-03-13 18:48:18] [DEBUG] Clicked and typed at (712,135): F5196
[2026-03-13 18:48:21] [DEBUG] IsGoldWindowActive: matched via WinExist
[2026-03-13 18:48:25] [DEBUG] Family group not found — skipping F5196
[2026-03-13 18:48:25] [DEBUG] Clicked and typed at (712,135): F5197
[2026-03-13 18:48:28] [DEBUG] IsGoldWindowActive: matched via WinExist
[2026-03-13 18:48:32] [DEBUG] Family group not found — skipping F5197
[2026-03-13 18:48:32] [DEBUG] Clicked and typed at (712,135): F5198
[2026-03-13 18:48:35] [DEBUG] IsGoldWindowActive: matched via WinExist
[2026-03-13 18:48:39] [DEBUG] Family group not found — skipping F5198
[2026-03-13 18:48:39] [DEBUG] Clicked and typed at (712,135): F1000006
[2026-03-13 18:48:42] [DEBUG] IsGoldWindowActive: matched via WinExist
[2026-03-13 18:48:46] [DEBUG] Family group not found — skipping F1000006
[2026-03-13 18:48:46] [DEBUG] Clicked and typed at (712,135): F1868
[2026-03-13 18:48:48] [DEBUG] IsGoldWindowActive: matched via WinExist
[2026-03-13 18:48:52] [DEBUG] Family group not found — skipping F1868
[2026-03-13 18:48:53] [DEBUG] Clicked and typed at (712,135): F1869
[2026-03-13 18:48:55] [DEBUG] IsGoldWindowActive: matched via WinExist
[2026-03-13 18:48:59] [DEBUG] Family group not found — skipping F1869
[2026-03-13 18:49:00] [DEBUG] Clicked and typed at (712,135): F1870
[2026-03-13 18:49:02] [DEBUG] IsGoldWindowActive: matched via WinExist
[2026-03-13 18:49:06] [DEBUG] Family group not found — skipping F1870
[2026-03-13 18:49:07] [DEBUG] Clicked and typed at (712,135): F1871
[2026-03-13 18:49:09] [DEBUG] IsGoldWindowActive: matched via WinExist
[2026-03-13 18:49:13] [DEBUG] Family group not found — skipping F1871
[2026-03-13 18:49:14] [DEBUG] Clicked and typed at (712,135): F1872
[2026-03-13 18:49:16] [DEBUG] IsGoldWindowActive: matched via WinExist
[2026-03-13 18:49:20] [DEBUG] Family group not found — skipping F1872
[2026-03-13 18:49:21] [DEBUG] Clicked and typed at (712,135): F1873
[2026-03-13 18:49:23] [DEBUG] IsGoldWindowActive: matched via WinExist
[2026-03-13 18:49:27] [DEBUG] Family group not found — skipping F1873
[2026-03-13 18:49:28] [DEBUG] Clicked and typed at (712,135): F1874
[2026-03-13 18:49:30] [DEBUG] IsGoldWindowActive: matched via WinExist
[2026-03-13 18:49:34] [DEBUG] Family group not found — skipping F1874
[2026-03-13 18:49:35] [DEBUG] Clicked and typed at (712,135): F1875
[2026-03-13 18:49:37] [DEBUG] IsGoldWindowActive: matched via WinExist
[2026-03-13 18:49:41] [DEBUG] Family group not found — skipping F1875
[2026-03-13 18:49:42] [DEBUG] Clicked and typed at (712,135): F1876
[2026-03-13 18:49:44] [DEBUG] IsGoldWindowActive: matched via WinExist
[2026-03-13 18:49:48] [DEBUG] Family group not found — skipping F1876
[2026-03-13 18:49:49] [DEBUG] Clicked and typed at (712,135): F3827
[2026-03-13 18:49:51] [DEBUG] IsGoldWindowActive: matched via WinExist
[2026-03-13 18:49:55] [DEBUG] Family group not found — skipping F3827
[2026-03-13 18:49:56] [DEBUG] Clicked and typed at (712,135): F5321
[2026-03-13 18:49:58] [DEBUG] IsGoldWindowActive: matched via WinExist
[2026-03-13 18:50:02] [DEBUG] Family group not found — skipping F5321
[2026-03-13 18:50:03] [DEBUG] Clicked and typed at (712,135): F1906
[2026-03-13 18:50:05] [DEBUG] IsGoldWindowActive: matched via WinExist
[2026-03-13 18:50:09] [DEBUG] Family group not found — skipping F1906
[2026-03-13 18:50:10] [DEBUG] Clicked and typed at (712,135): F1907
[2026-03-13 18:50:12] [DEBUG] IsGoldWindowActive: matched via WinExist
[2026-03-13 18:50:16] [DEBUG] Family group not found — skipping F1907
[2026-03-13 18:50:17] [DEBUG] Clicked and typed at (712,135): F1908
[2026-03-13 18:50:19] [DEBUG] IsGoldWindowActive: matched via WinExist
[2026-03-13 18:50:23] [DEBUG] Family group not found — skipping F1908
[2026-03-13 18:50:24] [DEBUG] Clicked and typed at (712,135): F1909
[2026-03-13 18:50:26] [DEBUG] IsGoldWindowActive: matched via WinExist
[2026-03-13 18:50:30] [DEBUG] Family group not found — skipping F1909
[2026-03-13 18:50:31] [DEBUG] Clicked and typed at (712,135): F1910
[2026-03-13 18:50:33] [DEBUG] IsGoldWindowActive: matched via WinExist
[2026-03-13 18:50:37] [DEBUG] Family group not found — skipping F1910
[2026-03-13 18:50:38] [DEBUG] Clicked and typed at (712,135): F1911
[2026-03-13 18:50:40] [DEBUG] IsGoldWindowActive: matched via WinExist
[2026-03-13 18:50:44] [DEBUG] Family group not found — skipping F1911
[2026-03-13 18:50:44] [DEBUG] Clicked and typed at (712,135): F1912
[2026-03-13 18:50:47] [DEBUG] IsGoldWindowActive: matched via WinExist
[2026-03-13 18:50:51] [DEBUG] Family group not found — skipping F1912
[2026-03-13 18:50:51] [DEBUG] Clicked and typed at (712,135): F1913
[2026-03-13 18:50:54] [DEBUG] IsGoldWindowActive: matched via WinExist
[2026-03-13 18:50:58] [DEBUG] Family group not found — skipping F1913
[2026-03-13 18:50:58] [DEBUG] Clicked and typed at (712,135): F1914
[2026-03-13 18:51:01] [DEBUG] IsGoldWindowActive: matched via WinExist
[2026-03-13 18:51:05] [DEBUG] Family group not found — skipping F1914
[2026-03-13 18:51:05] [DEBUG] Clicked and typed at (712,135): F1915
[2026-03-13 18:51:07] [DEBUG] IsGoldWindowActive: matched via WinExist
[2026-03-13 18:51:11] [DEBUG] Family group not found — skipping F1915
[2026-03-13 18:51:12] [DEBUG] Clicked and typed at (712,135): F1916
[2026-03-13 18:51:14] [DEBUG] IsGoldWindowActive: matched via WinExist
[2026-03-13 18:51:18] [DEBUG] Family group not found — skipping F1916
[2026-03-13 18:51:19] [DEBUG] Clicked and typed at (712,135): F1917
[2026-03-13 18:51:21] [DEBUG] IsGoldWindowActive: matched via WinExist
[2026-03-13 18:51:25] [DEBUG] Family group not found — skipping F1917
[2026-03-13 18:51:26] [DEBUG] Clicked and typed at (712,135): F1918
[2026-03-13 18:51:28] [DEBUG] IsGoldWindowActive: matched via WinExist
[2026-03-13 18:51:32] [DEBUG] Family group not found — skipping F1918
[2026-03-13 18:51:33] [DEBUG] Clicked and typed at (712,135): F1919
[2026-03-13 18:51:35] [DEBUG] IsGoldWindowActive: matched via WinExist
[2026-03-13 18:51:39] [DEBUG] Family group not found — skipping F1919
[2026-03-13 18:51:40] [DEBUG] Clicked and typed at (712,135): F1920
[2026-03-13 18:51:42] [DEBUG] IsGoldWindowActive: matched via WinExist
[2026-03-13 18:51:46] [DEBUG] Family group not found — skipping F1920
[2026-03-13 18:51:47] [DEBUG] Clicked and typed at (712,135): F1921
[2026-03-13 18:51:49] [DEBUG] IsGoldWindowActive: matched via WinExist
[2026-03-13 18:51:53] [DEBUG] Family group not found — skipping F1921
[2026-03-13 18:51:54] [DEBUG] Clicked and typed at (712,135): F1922
[2026-03-13 18:51:56] [DEBUG] IsGoldWindowActive: matched via WinExist
[2026-03-13 18:52:00] [DEBUG] Family group not found — skipping F1922
[2026-03-13 18:52:01] [DEBUG] Clicked and typed at (712,135): F1923
[2026-03-13 18:52:03] [DEBUG] IsGoldWindowActive: matched via WinExist
[2026-03-13 18:52:07] [DEBUG] Family group not found — skipping F1923
[2026-03-13 18:52:08] [DEBUG] Clicked and typed at (712,135): F1924
[2026-03-13 18:52:10] [DEBUG] IsGoldWindowActive: matched via WinExist
[2026-03-13 18:52:14] [DEBUG] Family group not found — skipping F1924
[2026-03-13 18:52:15] [DEBUG] Clicked and typed at (712,135): F1925
[2026-03-13 18:52:17] [DEBUG] IsGoldWindowActive: matched via WinExist
[2026-03-13 18:52:21] [DEBUG] Family group not found — skipping F1925
[2026-03-13 18:52:22] [DEBUG] Clicked and typed at (712,135): F1926
[2026-03-13 18:52:24] [DEBUG] IsGoldWindowActive: matched via WinExist
[2026-03-13 18:52:28] [DEBUG] Family group not found — skipping F1926
[2026-03-13 18:52:29] [DEBUG] Clicked and typed at (712,135): F1927
[2026-03-13 18:52:31] [DEBUG] IsGoldWindowActive: matched via WinExist
[2026-03-13 18:52:35] [DEBUG] Family group not found — skipping F1927
[2026-03-13 18:52:36] [DEBUG] Clicked and typed at (712,135): F1928
[2026-03-13 18:52:38] [DEBUG] IsGoldWindowActive: matched via WinExist
[2026-03-13 18:52:42] [DEBUG] Family group not found — skipping F1928
[2026-03-13 18:52:43] [DEBUG] Clicked and typed at (712,135): F1929
[2026-03-13 18:52:45] [DEBUG] IsGoldWindowActive: matched via WinExist
[2026-03-13 18:52:49] [DEBUG] Family group not found — skipping F1929
[2026-03-13 18:52:50] [DEBUG] Clicked and typed at (712,135): F1930
[2026-03-13 18:52:52] [DEBUG] IsGoldWindowActive: matched via WinExist
[2026-03-13 18:52:56] [DEBUG] Family group not found — skipping F1930
[2026-03-13 18:52:56] [DEBUG] Clicked and typed at (712,135): F1931
[2026-03-13 18:52:59] [DEBUG] IsGoldWindowActive: matched via WinExist
[2026-03-13 18:53:03] [DEBUG] Family group not found — skipping F1931
[2026-03-13 18:53:03] [DEBUG] Clicked and typed at (712,135): F1932
[2026-03-13 18:53:06] [DEBUG] IsGoldWindowActive: matched via WinExist
[2026-03-13 18:53:10] [DEBUG] Family group not found — skipping F1932
[2026-03-13 18:53:10] [DEBUG] Clicked and typed at (712,135): F1933
[2026-03-13 18:53:13] [DEBUG] IsGoldWindowActive: matched via WinExist
[2026-03-13 18:53:17] [DEBUG] Family group not found — skipping F1933
[2026-03-13 18:53:17] [DEBUG] Clicked and typed at (712,135): F1934
[2026-03-13 18:53:20] [DEBUG] IsGoldWindowActive: matched via WinExist
[2026-03-13 18:53:24] [DEBUG] Family group not found — skipping F1934
[2026-03-13 18:53:24] [DEBUG] Clicked and typed at (712,135): F1935
[2026-03-13 18:53:26] [DEBUG] IsGoldWindowActive: matched via WinExist
[2026-03-13 18:53:30] [DEBUG] Family group not found — skipping F1935
[2026-03-13 18:53:31] [DEBUG] Clicked and typed at (712,135): F1936
[2026-03-13 18:53:33] [DEBUG] IsGoldWindowActive: matched via WinExist
[2026-03-13 18:53:37] [DEBUG] Family group not found — skipping F1936
[2026-03-13 18:53:38] [DEBUG] Clicked and typed at (712,135): F1937
[2026-03-13 18:53:40] [DEBUG] IsGoldWindowActive: matched via WinExist
[2026-03-13 18:53:44] [DEBUG] Family group not found — skipping F1937
[2026-03-13 18:53:45] [DEBUG] Clicked and typed at (712,135): F1938
[2026-03-13 18:53:47] [DEBUG] IsGoldWindowActive: matched via WinExist
[2026-03-13 18:53:51] [DEBUG] Family group not found — skipping F1938
[2026-03-13 18:53:52] [DEBUG] Clicked and typed at (712,135): F1939
[2026-03-13 18:53:54] [DEBUG] IsGoldWindowActive: matched via WinExist
[2026-03-13 18:53:58] [DEBUG] Family group not found — skipping F1939
[2026-03-13 18:53:59] [DEBUG] Clicked and typed at (712,135): F1940
[2026-03-13 18:54:01] [DEBUG] IsGoldWindowActive: matched via WinExist
[2026-03-13 18:54:05] [DEBUG] Family group not found — skipping F1940
[2026-03-13 18:54:06] [DEBUG] Clicked and typed at (712,135): F1941
[2026-03-13 18:54:08] [DEBUG] IsGoldWindowActive: matched via WinExist
[2026-03-13 18:54:12] [DEBUG] Family group not found — skipping F1941
[2026-03-13 18:54:13] [DEBUG] Clicked and typed at (712,135): F1942
[2026-03-13 18:54:15] [DEBUG] IsGoldWindowActive: matched via WinExist
[2026-03-13 18:54:19] [DEBUG] Family group not found — skipping F1942
[2026-03-13 18:54:20] [DEBUG] Clicked and typed at (712,135): F1943
[2026-03-13 18:54:22] [DEBUG] IsGoldWindowActive: matched via WinExist
[2026-03-13 18:54:26] [DEBUG] Family group not found — skipping F1943
[2026-03-13 18:54:27] [DEBUG] Clicked and typed at (712,135): F1944
[2026-03-13 18:54:29] [DEBUG] IsGoldWindowActive: matched via WinExist
[2026-03-13 18:54:33] [DEBUG] Family group not found — skipping F1944
[2026-03-13 18:54:34] [DEBUG] Clicked and typed at (712,135): F1945
[2026-03-13 18:54:36] [DEBUG] IsGoldWindowActive: matched via WinExist
[2026-03-13 18:54:40] [DEBUG] Family group not found — skipping F1945
[2026-03-13 18:54:41] [DEBUG] Clicked and typed at (712,135): F1946
[2026-03-13 18:54:43] [DEBUG] IsGoldWindowActive: matched via WinExist
[2026-03-13 18:54:47] [DEBUG] Family group not found — skipping F1946
[2026-03-13 18:54:48] [DEBUG] Clicked and typed at (712,135): F1947
[2026-03-13 18:54:50] [DEBUG] IsGoldWindowActive: matched via WinExist
[2026-03-13 18:54:54] [DEBUG] Family group not found — skipping F1947
[2026-03-13 18:54:55] [DEBUG] Clicked and typed at (712,135): F1948
[2026-03-13 18:54:57] [DEBUG] IsGoldWindowActive: matched via WinExist
[2026-03-13 18:55:01] [DEBUG] Family group not found — skipping F1948
[2026-03-13 18:55:02] [DEBUG] Clicked and typed at (712,135): F1949
[2026-03-13 18:55:04] [DEBUG] IsGoldWindowActive: matched via WinExist
[2026-03-13 18:55:08] [DEBUG] Family group not found — skipping F1949
[2026-03-13 18:55:09] [DEBUG] Clicked and typed at (712,135): F1950
[2026-03-13 18:55:11] [DEBUG] IsGoldWindowActive: matched via WinExist
[2026-03-13 18:55:15] [DEBUG] Family group not found — skipping F1950
[2026-03-13 18:55:16] [DEBUG] Clicked and typed at (712,135): F1951
[2026-03-13 18:55:18] [DEBUG] IsGoldWindowActive: matched via WinExist
[2026-03-13 18:55:22] [DEBUG] Family group not found — skipping F1951
[2026-03-13 18:55:23] [DEBUG] Clicked and typed at (712,135): F1952
[2026-03-13 18:55:25] [DEBUG] IsGoldWindowActive: matched via WinExist
[2026-03-13 18:55:29] [DEBUG] Family group not found — skipping F1952
[2026-03-13 18:55:29] [DEBUG] Clicked and typed at (712,135): F1953
[2026-03-13 18:55:32] [DEBUG] IsGoldWindowActive: matched via WinExist
[2026-03-13 18:55:36] [DEBUG] Family group not found — skipping F1953
[2026-03-13 18:55:36] [DEBUG] Clicked and typed at (712,135): F1954
[2026-03-13 18:55:39] [DEBUG] IsGoldWindowActive: matched via WinExist
[2026-03-13 18:55:43] [DEBUG] Family group not found — skipping F1954
[2026-03-13 18:55:43] [DEBUG] Clicked and typed at (712,135): F1955
[2026-03-13 18:55:46] [DEBUG] IsGoldWindowActive: matched via WinExist
[2026-03-13 18:55:50] [DEBUG] Family group not found — skipping F1955
[2026-03-13 18:55:50] [DEBUG] Clicked and typed at (712,135): F1956
[2026-03-13 18:55:52] [DEBUG] IsGoldWindowActive: matched via WinExist
[2026-03-13 18:55:56] [DEBUG] Family group not found — skipping F1956
[2026-03-13 18:55:57] [DEBUG] Clicked and typed at (712,135): F1957
[2026-03-13 18:55:59] [DEBUG] IsGoldWindowActive: matched via WinExist
[2026-03-13 18:56:03] [DEBUG] Family group not found — skipping F1957
[2026-03-13 18:56:04] [DEBUG] Clicked and typed at (712,135): F1958
[2026-03-13 18:56:06] [DEBUG] IsGoldWindowActive: matched via WinExist
[2026-03-13 18:56:10] [DEBUG] Family group not found — skipping F1958
[2026-03-13 18:56:11] [DEBUG] Clicked and typed at (712,135): F1959
[2026-03-13 18:56:13] [DEBUG] IsGoldWindowActive: matched via WinExist
[2026-03-13 18:56:17] [DEBUG] Family group not found — skipping F1959
[2026-03-13 18:56:18] [DEBUG] Clicked and typed at (712,135): F1960
[2026-03-13 18:56:20] [DEBUG] IsGoldWindowActive: matched via WinExist
[2026-03-13 18:56:24] [DEBUG] Family group not found — skipping F1960
[2026-03-13 18:56:25] [DEBUG] Clicked and typed at (712,135): F1961
[2026-03-13 18:56:27] [DEBUG] IsGoldWindowActive: matched via WinExist
[2026-03-13 18:56:31] [DEBUG] Family group not found — skipping F1961
[2026-03-13 18:56:32] [DEBUG] Clicked and typed at (712,135): F1962
[2026-03-13 18:56:34] [DEBUG] IsGoldWindowActive: matched via WinExist
[2026-03-13 18:56:38] [DEBUG] Family group not found — skipping F1962
[2026-03-13 18:56:39] [DEBUG] Clicked and typed at (712,135): F1963
[2026-03-13 18:56:41] [DEBUG] IsGoldWindowActive: matched via WinExist
[2026-03-13 18:56:45] [DEBUG] Family group not found — skipping F1963
[2026-03-13 18:56:46] [DEBUG] Clicked and typed at (712,135): F1964
[2026-03-13 18:56:48] [DEBUG] IsGoldWindowActive: matched via WinExist
[2026-03-13 18:56:52] [DEBUG] Family group not found — skipping F1964
[2026-03-13 18:56:53] [DEBUG] Clicked and typed at (712,135): F1965
[2026-03-13 18:56:55] [DEBUG] IsGoldWindowActive: matched via WinExist
[2026-03-13 18:56:59] [DEBUG] Family group not found — skipping F1965
[2026-03-13 18:57:00] [DEBUG] Clicked and typed at (712,135): F1966
[2026-03-13 18:57:02] [DEBUG] IsGoldWindowActive: matched via WinExist
[2026-03-13 18:57:06] [DEBUG] Family group not found — skipping F1966
[2026-03-13 18:57:07] [DEBUG] Clicked and typed at (712,135): F1967
[2026-03-13 18:57:09] [DEBUG] IsGoldWindowActive: matched via WinExist
[2026-03-13 18:57:13] [DEBUG] Family group not found — skipping F1967
[2026-03-13 18:57:14] [DEBUG] Clicked and typed at (712,135): F1968
[2026-03-13 18:57:16] [DEBUG] IsGoldWindowActive: matched via WinExist
[2026-03-13 18:57:20] [DEBUG] Family group not found — skipping F1968
[2026-03-13 18:57:21] [DEBUG] Clicked and typed at (712,135): F1969
[2026-03-13 18:57:23] [DEBUG] IsGoldWindowActive: matched via WinExist
[2026-03-13 18:57:27] [DEBUG] Family group not found — skipping F1969
[2026-03-13 18:57:28] [DEBUG] Clicked and typed at (712,135): F1970
[2026-03-13 18:57:30] [DEBUG] IsGoldWindowActive: matched via WinExist
[2026-03-13 18:57:34] [DEBUG] Family group not found — skipping F1970
[2026-03-13 18:57:34] [DEBUG] Clicked and typed at (712,135): F1971
[2026-03-13 18:57:37] [DEBUG] IsGoldWindowActive: matched via WinExist
[2026-03-13 18:57:41] [DEBUG] Family group not found — skipping F1971
[2026-03-13 18:57:41] [DEBUG] Clicked and typed at (712,135): F1972
[2026-03-13 18:57:44] [DEBUG] IsGoldWindowActive: matched via WinExist
[2026-03-13 18:57:48] [DEBUG] Family group not found — skipping F1972
[2026-03-13 18:57:48] [DEBUG] Clicked and typed at (712,135): F1973
[2026-03-13 18:57:51] [DEBUG] IsGoldWindowActive: matched via WinExist
[2026-03-13 18:57:55] [DEBUG] Family group not found — skipping F1973
[2026-03-13 18:57:55] [DEBUG] Clicked and typed at (712,135): F1974
[2026-03-13 18:57:58] [DEBUG] IsGoldWindowActive: matched via WinExist
[2026-03-13 18:58:02] [DEBUG] Family group not found — skipping F1974
[2026-03-13 18:58:02] [DEBUG] Clicked and typed at (712,135): F1975
[2026-03-13 18:58:04] [DEBUG] IsGoldWindowActive: matched via WinExist
[2026-03-13 18:58:08] [DEBUG] Family group not found — skipping F1975
[2026-03-13 18:58:09] [DEBUG] Clicked and typed at (712,135): F3609
[2026-03-13 18:58:11] [DEBUG] IsGoldWindowActive: matched via WinExist
[2026-03-13 18:58:15] [DEBUG] Family group not found — skipping F3609
[2026-03-13 18:58:16] [DEBUG] Clicked and typed at (712,135): F3610
[2026-03-13 18:58:18] [DEBUG] IsGoldWindowActive: matched via WinExist
[2026-03-13 18:58:22] [DEBUG] Family group not found — skipping F3610
[2026-03-13 18:58:23] [DEBUG] Clicked and typed at (712,135): F3611
[2026-03-13 18:58:25] [DEBUG] IsGoldWindowActive: matched via WinExist
[2026-03-13 18:58:29] [DEBUG] Family group not found — skipping F3611
[2026-03-13 18:58:30] [DEBUG] Clicked and typed at (712,135): F3612
[2026-03-13 18:58:32] [DEBUG] IsGoldWindowActive: matched via WinExist
[2026-03-13 18:58:36] [DEBUG] Family group not found — skipping F3612
[2026-03-13 18:58:37] [DEBUG] Clicked and typed at (712,135): F3613
[2026-03-13 18:58:39] [DEBUG] IsGoldWindowActive: matched via WinExist
[2026-03-13 18:58:43] [DEBUG] Family group not found — skipping F3613
[2026-03-13 18:58:44] [DEBUG] Clicked and typed at (712,135): F3614
[2026-03-13 18:58:46] [DEBUG] IsGoldWindowActive: matched via WinExist
[2026-03-13 18:58:50] [DEBUG] Family group not found — skipping F3614
[2026-03-13 18:58:51] [DEBUG] Clicked and typed at (712,135): F3615
[2026-03-13 18:58:53] [DEBUG] IsGoldWindowActive: matched via WinExist
[2026-03-13 18:58:57] [DEBUG] Family group not found — skipping F3615
[2026-03-13 18:58:58] [DEBUG] Clicked and typed at (712,135): F3616
[2026-03-13 18:59:00] [DEBUG] IsGoldWindowActive: matched via WinExist
[2026-03-13 18:59:04] [DEBUG] Family group not found — skipping F3616
[2026-03-13 18:59:05] [DEBUG] Clicked and typed at (712,135): F3617
[2026-03-13 18:59:07] [DEBUG] IsGoldWindowActive: matched via WinExist
[2026-03-13 18:59:11] [DEBUG] Family group not found — skipping F3617
[2026-03-13 18:59:12] [DEBUG] Clicked and typed at (712,135): F3618
[2026-03-13 18:59:14] [DEBUG] IsGoldWindowActive: matched via WinExist
[2026-03-13 18:59:18] [DEBUG] Family group not found — skipping F3618
[2026-03-13 18:59:19] [DEBUG] Clicked and typed at (712,135): F3619
[2026-03-13 18:59:21] [DEBUG] IsGoldWindowActive: matched via WinExist
[2026-03-13 18:59:25] [DEBUG] Family group not found — skipping F3619
[2026-03-13 18:59:26] [DEBUG] Clicked and typed at (712,135): F3620
[2026-03-13 18:59:28] [DEBUG] IsGoldWindowActive: matched via WinExist
[2026-03-13 18:59:32] [DEBUG] Family group not found — skipping F3620
[2026-03-13 18:59:33] [DEBUG] Clicked and typed at (712,135): F3621
[2026-03-13 18:59:35] [DEBUG] IsGoldWindowActive: matched via WinExist
[2026-03-13 18:59:39] [DEBUG] Family group not found — skipping F3621
[2026-03-13 18:59:40] [DEBUG] Clicked and typed at (712,135): F3622
[2026-03-13 18:59:42] [DEBUG] IsGoldWindowActive: matched via WinExist
[2026-03-13 18:59:46] [DEBUG] Family group not found — skipping F3622
[2026-03-13 18:59:47] [DEBUG] Clicked and typed at (712,135): F3623
[2026-03-13 18:59:49] [DEBUG] IsGoldWindowActive: matched via WinExist
[2026-03-13 18:59:53] [DEBUG] Family group not found — skipping F3623
[2026-03-13 18:59:54] [DEBUG] Clicked and typed at (712,135): F3624
[2026-03-13 18:59:56] [DEBUG] IsGoldWindowActive: matched via WinExist
[2026-03-13 19:00:00] [DEBUG] Family group not found — skipping F3624
[2026-03-13 19:00:00] [DEBUG] Clicked and typed at (712,135): F3625
[2026-03-13 19:00:03] [DEBUG] IsGoldWindowActive: matched via WinExist
[2026-03-13 19:00:07] [DEBUG] Family group not found — skipping F3625
[2026-03-13 19:00:07] [DEBUG] Clicked and typed at (712,135): F3626
[2026-03-13 19:00:10] [DEBUG] IsGoldWindowActive: matched via WinExist
[2026-03-13 19:00:14] [DEBUG] Family group not found — skipping F3626
[2026-03-13 19:00:14] [DEBUG] Clicked and typed at (712,135): F3627
[2026-03-13 19:00:17] [DEBUG] IsGoldWindowActive: matched via WinExist
[2026-03-13 19:00:21] [DEBUG] Family group not found — skipping F3627
[2026-03-13 19:00:21] [DEBUG] Clicked and typed at (712,135): F3628
[2026-03-13 19:00:24] [DEBUG] IsGoldWindowActive: matched via WinExist
[2026-03-13 19:00:28] [DEBUG] Family group not found — skipping F3628
[2026-03-13 19:00:28] [DEBUG] Clicked and typed at (712,135): F3629
[2026-03-13 19:00:30] [DEBUG] IsGoldWindowActive: matched via WinExist
[2026-03-13 19:00:35] [DEBUG] Family group not found — skipping F3629
[2026-03-13 19:00:35] [DEBUG] Clicked and typed at (712,135): F3630
[2026-03-13 19:00:37] [DEBUG] IsGoldWindowActive: matched via WinExist
[2026-03-13 19:00:41] [DEBUG] Family group not found — skipping F3630
[2026-03-13 19:00:42] [DEBUG] Clicked and typed at (712,135): F3631
[2026-03-13 19:00:44] [DEBUG] IsGoldWindowActive: matched via WinExist
[2026-03-13 19:00:48] [DEBUG] Family group not found — skipping F3631
[2026-03-13 19:00:49] [DEBUG] Clicked and typed at (712,135): F3632
[2026-03-13 19:00:51] [DEBUG] IsGoldWindowActive: matched via WinExist
[2026-03-13 19:00:55] [DEBUG] Family group not found — skipping F3632
[2026-03-13 19:00:56] [DEBUG] Clicked and typed at (712,135): F3633
[2026-03-13 19:00:58] [DEBUG] IsGoldWindowActive: matched via WinExist
[2026-03-13 19:01:02] [DEBUG] Family group not found — skipping F3633
[2026-03-13 19:01:03] [DEBUG] Clicked and typed at (712,135): F3634
[2026-03-13 19:01:05] [DEBUG] IsGoldWindowActive: matched via WinExist
[2026-03-13 19:01:09] [DEBUG] Family group not found — skipping F3634
[2026-03-13 19:01:10] [DEBUG] Clicked and typed at (712,135): F3635
[2026-03-13 19:01:12] [DEBUG] IsGoldWindowActive: matched via WinExist
[2026-03-13 19:01:16] [DEBUG] Family group not found — skipping F3635
[2026-03-13 19:01:17] [DEBUG] Clicked and typed at (712,135): F3636
[2026-03-13 19:01:19] [DEBUG] IsGoldWindowActive: matched via WinExist
[2026-03-13 19:01:23] [DEBUG] Family group not found — skipping F3636
[2026-03-13 19:01:24] [DEBUG] Clicked and typed at (712,135): F3637
[2026-03-13 19:01:26] [DEBUG] IsGoldWindowActive: matched via WinExist
[2026-03-13 19:01:30] [DEBUG] Family group not found — skipping F3637
[2026-03-13 19:01:31] [DEBUG] Clicked and typed at (712,135): F3638
[2026-03-13 19:01:33] [DEBUG] IsGoldWindowActive: matched via WinExist
[2026-03-13 19:01:37] [DEBUG] Family group not found — skipping F3638
[2026-03-13 19:01:38] [DEBUG] Clicked and typed at (712,135): F3639
[2026-03-13 19:01:40] [DEBUG] IsGoldWindowActive: matched via WinExist
[2026-03-13 19:01:44] [DEBUG] Family group not found — skipping F3639
[2026-03-13 19:01:45] [DEBUG] Clicked and typed at (712,135): F3640
[2026-03-13 19:01:47] [DEBUG] IsGoldWindowActive: matched via WinExist
[2026-03-13 19:01:51] [DEBUG] Family group not found — skipping F3640
[2026-03-13 19:01:52] [DEBUG] Clicked and typed at (712,135): F3641
[2026-03-13 19:01:54] [DEBUG] IsGoldWindowActive: matched via WinExist
[2026-03-13 19:01:58] [DEBUG] Family group not found — skipping F3641
[2026-03-13 19:01:59] [DEBUG] Clicked and typed at (712,135): F3642
[2026-03-13 19:02:01] [DEBUG] IsGoldWindowActive: matched via WinExist
[2026-03-13 19:02:05] [DEBUG] Family group not found — skipping F3642
[2026-03-13 19:02:06] [DEBUG] Clicked and typed at (712,135): F3643
[2026-03-13 19:02:08] [DEBUG] IsGoldWindowActive: matched via WinExist
[2026-03-13 19:02:12] [DEBUG] Family group not found — skipping F3643
[2026-03-13 19:02:13] [DEBUG] Clicked and typed at (712,135): F3644
[2026-03-13 19:02:15] [DEBUG] IsGoldWindowActive: matched via WinExist
[2026-03-13 19:02:19] [DEBUG] Family group not found — skipping F3644
[2026-03-13 19:02:19] [DEBUG] Clicked and typed at (712,135): F4256
[2026-03-13 19:02:22] [DEBUG] IsGoldWindowActive: matched via WinExist
[2026-03-13 19:02:26] [DEBUG] Family group not found — skipping F4256
[2026-03-13 19:02:26] [DEBUG] Clicked and typed at (712,135): F3645
[2026-03-13 19:02:29] [DEBUG] IsGoldWindowActive: matched via WinExist
[2026-03-13 19:02:33] [DEBUG] Family group not found — skipping F3645
[2026-03-13 19:02:33] [DEBUG] Clicked and typed at (712,135): F3646
[2026-03-13 19:02:36] [DEBUG] IsGoldWindowActive: matched via WinExist
[2026-03-13 19:02:40] [DEBUG] Family group not found — skipping F3646
[2026-03-13 19:02:40] [DEBUG] Clicked and typed at (712,135): F3647
[2026-03-13 19:02:43] [DEBUG] IsGoldWindowActive: matched via WinExist
[2026-03-13 19:02:47] [DEBUG] Family group not found — skipping F3647
[2026-03-13 19:02:47] [DEBUG] Clicked and typed at (712,135): F3648
[2026-03-13 19:02:49] [DEBUG] IsGoldWindowActive: matched via WinExist
[2026-03-13 19:02:53] [DEBUG] Family group not found — skipping F3648
[2026-03-13 19:02:54] [DEBUG] Clicked and typed at (712,135): F3649
[2026-03-13 19:02:56] [DEBUG] IsGoldWindowActive: matched via WinExist
[2026-03-13 19:03:00] [DEBUG] Family group not found — skipping F3649
[2026-03-13 19:03:01] [DEBUG] Clicked and typed at (712,135): F3650
[2026-03-13 19:03:03] [DEBUG] IsGoldWindowActive: matched via WinExist
[2026-03-13 19:03:07] [DEBUG] Family group not found — skipping F3650
[2026-03-13 19:03:08] [DEBUG] Clicked and typed at (712,135): F3651
[2026-03-13 19:03:10] [DEBUG] IsGoldWindowActive: matched via WinExist
[2026-03-13 19:03:14] [DEBUG] Family group not found — skipping F3651
[2026-03-13 19:03:15] [DEBUG] Clicked and typed at (712,135): F3652
[2026-03-13 19:03:17] [DEBUG] IsGoldWindowActive: matched via WinExist
[2026-03-13 19:03:21] [DEBUG] Family group not found — skipping F3652
[2026-03-13 19:03:22] [DEBUG] Clicked and typed at (712,135): F3653
[2026-03-13 19:03:24] [DEBUG] IsGoldWindowActive: matched via WinExist
[2026-03-13 19:03:28] [DEBUG] Family group not found — skipping F3653
[2026-03-13 19:03:29] [DEBUG] Clicked and typed at (712,135): F3654
[2026-03-13 19:03:31] [DEBUG] IsGoldWindowActive: matched via WinExist
[2026-03-13 19:03:35] [DEBUG] Family group not found — skipping F3654
[2026-03-13 19:03:36] [DEBUG] Clicked and typed at (712,135): F3655
[2026-03-13 19:03:38] [DEBUG] IsGoldWindowActive: matched via WinExist
[2026-03-13 19:03:42] [DEBUG] Family group not found — skipping F3655
[2026-03-13 19:03:43] [DEBUG] Clicked and typed at (712,135): F3656
[2026-03-13 19:03:45] [DEBUG] IsGoldWindowActive: matched via WinExist
[2026-03-13 19:03:49] [DEBUG] Family group not found — skipping F3656
[2026-03-13 19:03:50] [DEBUG] Clicked and typed at (712,135): F3657
[2026-03-13 19:03:52] [DEBUG] IsGoldWindowActive: matched via WinExist
[2026-03-13 19:03:56] [DEBUG] Family group not found — skipping F3657
[2026-03-13 19:03:57] [DEBUG] Clicked and typed at (712,135): F3658
[2026-03-13 19:03:59] [DEBUG] IsGoldWindowActive: matched via WinExist
[2026-03-13 19:04:03] [DEBUG] Family group not found — skipping F3658
[2026-03-13 19:04:04] [DEBUG] Clicked and typed at (712,135): F3659
[2026-03-13 19:04:06] [DEBUG] IsGoldWindowActive: matched via WinExist
[2026-03-13 19:04:10] [DEBUG] Family group not found — skipping F3659
[2026-03-13 19:04:11] [DEBUG] Clicked and typed at (712,135): F3660
[2026-03-13 19:04:13] [DEBUG] IsGoldWindowActive: matched via WinExist
[2026-03-13 19:04:17] [DEBUG] Family group not found — skipping F3660
[2026-03-13 19:04:17] [DEBUG] Clicked and typed at (712,135): F3661
[2026-03-13 19:04:20] [DEBUG] IsGoldWindowActive: matched via WinExist
[2026-03-13 19:04:24] [DEBUG] Family group not found — skipping F3661
[2026-03-13 19:04:24] [DEBUG] Clicked and typed at (712,135): F3662
[2026-03-13 19:04:27] [DEBUG] IsGoldWindowActive: matched via WinExist
[2026-03-13 19:04:31] [DEBUG] Family group not found — skipping F3662
[2026-03-13 19:04:31] [DEBUG] Clicked and typed at (712,135): F3663
[2026-03-13 19:04:34] [DEBUG] IsGoldWindowActive: matched via WinExist
[2026-03-13 19:04:38] [DEBUG] Family group not found — skipping F3663
[2026-03-13 19:04:38] [DEBUG] Clicked and typed at (712,135): F3664
[2026-03-13 19:04:41] [DEBUG] IsGoldWindowActive: matched via WinExist
[2026-03-13 19:04:45] [DEBUG] Family group not found — skipping F3664
[2026-03-13 19:04:45] [DEBUG] Clicked and typed at (712,135): F3665
[2026-03-13 19:04:48] [DEBUG] IsGoldWindowActive: matched via WinExist
[2026-03-13 19:04:52] [DEBUG] Family group not found — skipping F3665
[2026-03-13 19:04:52] [DEBUG] Clicked and typed at (712,135): F3666
[2026-03-13 19:04:54] [DEBUG] IsGoldWindowActive: matched via WinExist
[2026-03-13 19:04:58] [DEBUG] Family group not found — skipping F3666
[2026-03-13 19:04:59] [DEBUG] Clicked and typed at (712,135): F3667
[2026-03-13 19:05:01] [DEBUG] IsGoldWindowActive: matched via WinExist
[2026-03-13 19:05:05] [DEBUG] Family group not found — skipping F3667
[2026-03-13 19:05:06] [DEBUG] Clicked and typed at (712,135): F3668
[2026-03-13 19:05:08] [DEBUG] IsGoldWindowActive: matched via WinExist
[2026-03-13 19:05:12] [DEBUG] Family group not found — skipping F3668
[2026-03-13 19:05:13] [DEBUG] Clicked and typed at (712,135): F3669
[2026-03-13 19:05:15] [DEBUG] IsGoldWindowActive: matched via WinExist
[2026-03-13 19:05:19] [DEBUG] Family group not found — skipping F3669
[2026-03-13 19:05:20] [DEBUG] Clicked and typed at (712,135): F3670
[2026-03-13 19:05:22] [DEBUG] IsGoldWindowActive: matched via WinExist
[2026-03-13 19:05:26] [DEBUG] Family group not found — skipping F3670
[2026-03-13 19:05:27] [DEBUG] Clicked and typed at (712,135): F3671
[2026-03-13 19:05:29] [DEBUG] IsGoldWindowActive: matched via WinExist
[2026-03-13 19:05:33] [DEBUG] Family group not found — skipping F3671
[2026-03-13 19:05:34] [DEBUG] Clicked and typed at (712,135): F3672
[2026-03-13 19:05:36] [DEBUG] IsGoldWindowActive: matched via WinExist
[2026-03-13 19:05:40] [DEBUG] Family group not found — skipping F3672
[2026-03-13 19:05:41] [DEBUG] Clicked and typed at (712,135): F3673
[2026-03-13 19:05:43] [DEBUG] IsGoldWindowActive: matched via WinExist
[2026-03-13 19:05:47] [DEBUG] Family group not found — skipping F3673
[2026-03-13 19:05:48] [DEBUG] Clicked and typed at (712,135): F3674
[2026-03-13 19:05:50] [DEBUG] IsGoldWindowActive: matched via WinExist
[2026-03-13 19:05:54] [DEBUG] Family group not found — skipping F3674
[2026-03-13 19:05:55] [DEBUG] Clicked and typed at (712,135): F3675
[2026-03-13 19:05:57] [DEBUG] IsGoldWindowActive: matched via WinExist
[2026-03-13 19:06:01] [DEBUG] Family group not found — skipping F3675
[2026-03-13 19:06:02] [DEBUG] Clicked and typed at (712,135): F3676
[2026-03-13 19:06:04] [DEBUG] IsGoldWindowActive: matched via WinExist
[2026-03-13 19:06:08] [DEBUG] Family group not found — skipping F3676
[2026-03-13 19:06:09] [DEBUG] Clicked and typed at (712,135): F3677
[2026-03-13 19:06:11] [DEBUG] IsGoldWindowActive: matched via WinExist
[2026-03-13 19:06:15] [DEBUG] Family group not found — skipping F3677
[2026-03-13 19:06:16] [DEBUG] Clicked and typed at (712,135): F3678
[2026-03-13 19:06:18] [DEBUG] IsGoldWindowActive: matched via WinExist
[2026-03-13 19:06:22] [DEBUG] Family group not found — skipping F3678
[2026-03-13 19:06:23] [DEBUG] Clicked and typed at (712,135): F3679
[2026-03-13 19:06:25] [DEBUG] IsGoldWindowActive: matched via WinExist
[2026-03-13 19:06:29] [DEBUG] Family group not found — skipping F3679
[2026-03-13 19:06:30] [DEBUG] Clicked and typed at (712,135): F3680
[2026-03-13 19:06:32] [DEBUG] IsGoldWindowActive: matched via WinExist
[2026-03-13 19:06:36] [DEBUG] Family group not found — skipping F3680
[2026-03-13 19:06:36] [DEBUG] Clicked and typed at (712,135): F3681
[2026-03-13 19:06:39] [DEBUG] IsGoldWindowActive: matched via WinExist
[2026-03-13 19:06:43] [DEBUG] Family group not found — skipping F3681
[2026-03-13 19:06:43] [DEBUG] Clicked and typed at (712,135): F5253
[2026-03-13 19:06:46] [DEBUG] IsGoldWindowActive: matched via WinExist
[2026-03-13 19:06:50] [DEBUG] Family group not found — skipping F5253
[2026-03-13 19:06:50] [DEBUG] Clicked and typed at (712,135): F3682
[2026-03-13 19:06:53] [DEBUG] IsGoldWindowActive: matched via WinExist
[2026-03-13 19:06:57] [DEBUG] Family group not found — skipping F3682
[2026-03-13 19:06:57] [DEBUG] Clicked and typed at (712,135): F3683
[2026-03-13 19:07:00] [DEBUG] IsGoldWindowActive: matched via WinExist
[2026-03-13 19:07:04] [DEBUG] Family group not found — skipping F3683
[2026-03-13 19:07:04] [DEBUG] Clicked and typed at (712,135): F3684
[2026-03-13 19:07:07] [DEBUG] IsGoldWindowActive: matched via WinExist
[2026-03-13 19:07:11] [DEBUG] Family group not found — skipping F3684
[2026-03-13 19:07:11] [DEBUG] Clicked and typed at (712,135): F3685
[2026-03-13 19:07:13] [DEBUG] IsGoldWindowActive: matched via WinExist
[2026-03-13 19:07:17] [DEBUG] Family group not found — skipping F3685
[2026-03-13 19:07:18] [DEBUG] Clicked and typed at (712,135): F3686
[2026-03-13 19:07:20] [DEBUG] IsGoldWindowActive: matched via WinExist
[2026-03-13 19:07:24] [DEBUG] Family group not found — skipping F3686
[2026-03-13 19:07:25] [DEBUG] Clicked and typed at (712,135): F3687
[2026-03-13 19:07:27] [DEBUG] IsGoldWindowActive: matched via WinExist
[2026-03-13 19:07:31] [DEBUG] Family group not found — skipping F3687
[2026-03-13 19:07:32] [DEBUG] Clicked and typed at (712,135): F3688
[2026-03-13 19:07:34] [DEBUG] IsGoldWindowActive: matched via WinExist
[2026-03-13 19:07:38] [DEBUG] Family group not found — skipping F3688
[2026-03-13 19:07:39] [DEBUG] Clicked and typed at (712,135): F3689
[2026-03-13 19:07:41] [DEBUG] IsGoldWindowActive: matched via WinExist
[2026-03-13 19:07:45] [DEBUG] Family group not found — skipping F3689
[2026-03-13 19:07:46] [DEBUG] Clicked and typed at (712,135): F3690
[2026-03-13 19:07:48] [DEBUG] IsGoldWindowActive: matched via WinExist
[2026-03-13 19:07:52] [DEBUG] Family group not found — skipping F3690
[2026-03-13 19:07:53] [DEBUG] Clicked and typed at (712,135): F3691
[2026-03-13 19:07:55] [DEBUG] IsGoldWindowActive: matched via WinExist
[2026-03-13 19:07:59] [DEBUG] Family group not found — skipping F3691
[2026-03-13 19:08:00] [DEBUG] Clicked and typed at (712,135): F3692
[2026-03-13 19:08:02] [DEBUG] IsGoldWindowActive: matched via WinExist
[2026-03-13 19:08:06] [DEBUG] Family group not found — skipping F3692
[2026-03-13 19:08:07] [DEBUG] Clicked and typed at (712,135): F3693
[2026-03-13 19:08:09] [DEBUG] IsGoldWindowActive: matched via WinExist
[2026-03-13 19:08:13] [DEBUG] Family group not found — skipping F3693
[2026-03-13 19:08:14] [DEBUG] Clicked and typed at (712,135): F3694
[2026-03-13 19:08:16] [DEBUG] IsGoldWindowActive: matched via WinExist
[2026-03-13 19:08:20] [DEBUG] Family group not found — skipping F3694
[2026-03-13 19:08:21] [DEBUG] Clicked and typed at (712,135): F3695
[2026-03-13 19:08:23] [DEBUG] IsGoldWindowActive: matched via WinExist
[2026-03-13 19:08:27] [DEBUG] Family group not found — skipping F3695
[2026-03-13 19:08:28] [DEBUG] Clicked and typed at (712,135): F3696
[2026-03-13 19:08:30] [DEBUG] IsGoldWindowActive: matched via WinExist
[2026-03-13 19:08:34] [DEBUG] Family group not found — skipping F3696
[2026-03-13 19:08:35] [DEBUG] Clicked and typed at (712,135): F3697
[2026-03-13 19:08:37] [DEBUG] IsGoldWindowActive: matched via WinExist
[2026-03-13 19:08:41] [DEBUG] Family group not found — skipping F3697
[2026-03-13 19:08:42] [DEBUG] Clicked and typed at (712,135): F3698
[2026-03-13 19:08:44] [DEBUG] IsGoldWindowActive: matched via WinExist
[2026-03-13 19:08:48] [DEBUG] Family group not found — skipping F3698
[2026-03-13 19:08:48] [DEBUG] Clicked and typed at (712,135): F3699
[2026-03-13 19:08:51] [DEBUG] IsGoldWindowActive: matched via WinExist
[2026-03-13 19:08:55] [DEBUG] Family group not found — skipping F3699
[2026-03-13 19:08:55] [DEBUG] Clicked and typed at (712,135): F3700
[2026-03-13 19:08:58] [DEBUG] IsGoldWindowActive: matched via WinExist
[2026-03-13 19:09:02] [DEBUG] Family group not found — skipping F3700
[2026-03-13 19:09:02] [DEBUG] Clicked and typed at (712,135): F3701
[2026-03-13 19:09:05] [DEBUG] IsGoldWindowActive: matched via WinExist
[2026-03-13 19:09:09] [DEBUG] Family group not found — skipping F3701
[2026-03-13 19:09:09] [DEBUG] Clicked and typed at (712,135): F3702
[2026-03-13 19:09:12] [DEBUG] IsGoldWindowActive: matched via WinExist
[2026-03-13 19:09:16] [DEBUG] Family group not found — skipping F3702
[2026-03-13 19:09:16] [DEBUG] Clicked and typed at (712,135): F3703
[2026-03-13 19:09:18] [DEBUG] IsGoldWindowActive: matched via WinExist
[2026-03-13 19:09:22] [DEBUG] Family group not found — skipping F3703
[2026-03-13 19:09:23] [DEBUG] Clicked and typed at (712,135): F3704
[2026-03-13 19:09:25] [DEBUG] IsGoldWindowActive: matched via WinExist
[2026-03-13 19:09:29] [DEBUG] Family group not found — skipping F3704
[2026-03-13 19:09:30] [DEBUG] Clicked and typed at (712,135): F3705
[2026-03-13 19:09:32] [DEBUG] IsGoldWindowActive: matched via WinExist
[2026-03-13 19:09:36] [DEBUG] Family group not found — skipping F3705
[2026-03-13 19:09:37] [DEBUG] Clicked and typed at (712,135): F3706
[2026-03-13 19:09:39] [DEBUG] IsGoldWindowActive: matched via WinExist
[2026-03-13 19:09:43] [DEBUG] Family group not found — skipping F3706
[2026-03-13 19:09:44] [DEBUG] Clicked and typed at (712,135): F3707
[2026-03-13 19:09:46] [DEBUG] IsGoldWindowActive: matched via WinExist
[2026-03-13 19:09:50] [DEBUG] Family group not found — skipping F3707
[2026-03-13 19:09:51] [DEBUG] Clicked and typed at (712,135): F3708
[2026-03-13 19:09:53] [DEBUG] IsGoldWindowActive: matched via WinExist
[2026-03-13 19:09:57] [DEBUG] Family group not found — skipping F3708
[2026-03-13 19:09:58] [DEBUG] Clicked and typed at (712,135): F3709
[2026-03-13 19:10:00] [DEBUG] IsGoldWindowActive: matched via WinExist
[2026-03-13 19:10:04] [DEBUG] Family group not found — skipping F3709
[2026-03-13 19:10:05] [DEBUG] Clicked and typed at (712,135): F3710
[2026-03-13 19:10:07] [DEBUG] IsGoldWindowActive: matched via WinExist
[2026-03-13 19:10:11] [DEBUG] Family group not found — skipping F3710
[2026-03-13 19:10:12] [DEBUG] Clicked and typed at (712,135): F3711
[2026-03-13 19:10:14] [DEBUG] IsGoldWindowActive: matched via WinExist
[2026-03-13 19:10:18] [DEBUG] Family group not found — skipping F3711
[2026-03-13 19:10:19] [DEBUG] Clicked and typed at (712,135): F3712
[2026-03-13 19:10:21] [DEBUG] IsGoldWindowActive: matched via WinExist
[2026-03-13 19:10:25] [DEBUG] Family group not found — skipping F3712
[2026-03-13 19:10:26] [DEBUG] Clicked and typed at (712,135): F3713
[2026-03-13 19:10:28] [DEBUG] IsGoldWindowActive: matched via WinExist
[2026-03-13 19:10:32] [DEBUG] Family group not found — skipping F3713
[2026-03-13 19:10:33] [DEBUG] Clicked and typed at (712,135): F3714
[2026-03-13 19:10:35] [DEBUG] IsGoldWindowActive: matched via WinExist
[2026-03-13 19:10:39] [DEBUG] Family group not found — skipping F3714
[2026-03-13 19:10:40] [DEBUG] Clicked and typed at (712,135): F3715
[2026-03-13 19:10:42] [DEBUG] IsGoldWindowActive: matched via WinExist
[2026-03-13 19:10:46] [DEBUG] Family group not found — skipping F3715
[2026-03-13 19:10:47] [DEBUG] Clicked and typed at (712,135): F3716
[2026-03-13 19:10:49] [DEBUG] IsGoldWindowActive: matched via WinExist
[2026-03-13 19:10:53] [DEBUG] Family group not found — skipping F3716
[2026-03-13 19:10:54] [DEBUG] Clicked and typed at (712,135): F3717
[2026-03-13 19:10:56] [DEBUG] IsGoldWindowActive: matched via WinExist
[2026-03-13 19:11:00] [DEBUG] Family group not found — skipping F3717
[2026-03-13 19:11:00] [DEBUG] Clicked and typed at (712,135): F3718
[2026-03-13 19:11:03] [DEBUG] IsGoldWindowActive: matched via WinExist
[2026-03-13 19:11:07] [DEBUG] Family group not found — skipping F3718
[2026-03-13 19:11:07] [DEBUG] Clicked and typed at (712,135): F3719
[2026-03-13 19:11:10] [DEBUG] IsGoldWindowActive: matched via WinExist
[2026-03-13 19:11:14] [DEBUG] Family group not found — skipping F3719
[2026-03-13 19:11:14] [DEBUG] Clicked and typed at (712,135): F3720
[2026-03-13 19:11:17] [DEBUG] IsGoldWindowActive: matched via WinExist
[2026-03-13 19:11:21] [DEBUG] Family group not found — skipping F3720
[2026-03-13 19:11:21] [DEBUG] Clicked and typed at (712,135): F3721
[2026-03-13 19:11:24] [DEBUG] IsGoldWindowActive: matched via WinExist
[2026-03-13 19:11:28] [DEBUG] Family group not found — skipping F3721
[2026-03-13 19:11:28] [DEBUG] Clicked and typed at (712,135): F3722
[2026-03-13 19:11:30] [DEBUG] IsGoldWindowActive: matched via WinExist
[2026-03-13 19:11:34] [DEBUG] Family group not found — skipping F3722
[2026-03-13 19:11:35] [DEBUG] Clicked and typed at (712,135): F3723
[2026-03-13 19:11:37] [DEBUG] IsGoldWindowActive: matched via WinExist
[2026-03-13 19:11:41] [DEBUG] Family group not found — skipping F3723
[2026-03-13 19:11:42] [DEBUG] Clicked and typed at (712,135): F3724
[2026-03-13 19:11:44] [DEBUG] IsGoldWindowActive: matched via WinExist
[2026-03-13 19:11:48] [DEBUG] Family group not found — skipping F3724
[2026-03-13 19:11:49] [DEBUG] Clicked and typed at (712,135): F3725
[2026-03-13 19:11:51] [DEBUG] IsGoldWindowActive: matched via WinExist
[2026-03-13 19:11:55] [DEBUG] Family group not found — skipping F3725
[2026-03-13 19:11:56] [DEBUG] Clicked and typed at (712,135): F3726
[2026-03-13 19:11:58] [DEBUG] IsGoldWindowActive: matched via WinExist
[2026-03-13 19:12:02] [DEBUG] Family group not found — skipping F3726
[2026-03-13 19:12:03] [DEBUG] Clicked and typed at (712,135): F3727
[2026-03-13 19:12:05] [DEBUG] IsGoldWindowActive: matched via WinExist
[2026-03-13 19:12:09] [DEBUG] Family group not found — skipping F3727
[2026-03-13 19:12:10] [DEBUG] Clicked and typed at (712,135): F3728
[2026-03-13 19:12:12] [DEBUG] IsGoldWindowActive: matched via WinExist
[2026-03-13 19:12:16] [DEBUG] Family group not found — skipping F3728
[2026-03-13 19:12:17] [DEBUG] Clicked and typed at (712,135): F3729
[2026-03-13 19:12:19] [DEBUG] IsGoldWindowActive: matched via WinExist
[2026-03-13 19:12:23] [DEBUG] Family group not found — skipping F3729
[2026-03-13 19:12:24] [DEBUG] Clicked and typed at (712,135): F3730
[2026-03-13 19:12:26] [DEBUG] IsGoldWindowActive: matched via WinExist
[2026-03-13 19:12:30] [DEBUG] Family group not found — skipping F3730
[2026-03-13 19:12:31] [DEBUG] Clicked and typed at (712,135): F3731
[2026-03-13 19:12:33] [DEBUG] IsGoldWindowActive: matched via WinExist
[2026-03-13 19:12:37] [DEBUG] Family group not found — skipping F3731
[2026-03-13 19:12:38] [DEBUG] Clicked and typed at (712,135): F3732
[2026-03-13 19:12:40] [DEBUG] IsGoldWindowActive: matched via WinExist
[2026-03-13 19:12:44] [DEBUG] Family group not found — skipping F3732
[2026-03-13 19:12:45] [DEBUG] Clicked and typed at (712,135): F3733
[2026-03-13 19:12:47] [DEBUG] IsGoldWindowActive: matched via WinExist
[2026-03-13 19:12:51] [DEBUG] Family group not found — skipping F3733
[2026-03-13 19:12:52] [DEBUG] Clicked and typed at (712,135): F3734
[2026-03-13 19:12:54] [DEBUG] IsGoldWindowActive: matched via WinExist
[2026-03-13 19:12:58] [DEBUG] Family group not found — skipping F3734
[2026-03-13 19:12:59] [DEBUG] Clicked and typed at (712,135): F3735
[2026-03-13 19:13:01] [DEBUG] IsGoldWindowActive: matched via WinExist
[2026-03-13 19:13:05] [DEBUG] Family group not found — skipping F3735
[2026-03-13 19:13:05] [DEBUG] Clicked and typed at (712,135): F5396
[2026-03-13 19:13:08] [DEBUG] IsGoldWindowActive: matched via WinExist
[2026-03-13 19:13:12] [DEBUG] Family group not found — skipping F5396
[2026-03-13 19:13:12] [DEBUG] Clicked and typed at (712,135): F3736
[2026-03-13 19:13:15] [DEBUG] IsGoldWindowActive: matched via WinExist
[2026-03-13 19:13:19] [DEBUG] Family group not found — skipping F3736
[2026-03-13 19:13:19] [DEBUG] Clicked and typed at (712,135): F3737
[2026-03-13 19:13:22] [DEBUG] IsGoldWindowActive: matched via WinExist
[2026-03-13 19:13:26] [DEBUG] Family group not found — skipping F3737
[2026-03-13 19:13:26] [DEBUG] Clicked and typed at (712,135): F3738
[2026-03-13 19:13:28] [DEBUG] IsGoldWindowActive: matched via WinExist
[2026-03-13 19:13:33] [DEBUG] Family group not found — skipping F3738
[2026-03-13 19:13:33] [DEBUG] Clicked and typed at (712,135): F3739
[2026-03-13 19:13:35] [DEBUG] IsGoldWindowActive: matched via WinExist
[2026-03-13 19:13:39] [DEBUG] Family group not found — skipping F3739
[2026-03-13 19:13:40] [DEBUG] Clicked and typed at (712,135): F3740
[2026-03-13 19:13:42] [DEBUG] IsGoldWindowActive: matched via WinExist
[2026-03-13 19:13:46] [DEBUG] Family group not found — skipping F3740
[2026-03-13 19:13:47] [DEBUG] Clicked and typed at (712,135): F3741
[2026-03-13 19:13:49] [DEBUG] IsGoldWindowActive: matched via WinExist
[2026-03-13 19:13:53] [DEBUG] Family group not found — skipping F3741
[2026-03-13 19:13:54] [DEBUG] Clicked and typed at (712,135): F3742
[2026-03-13 19:13:56] [DEBUG] IsGoldWindowActive: matched via WinExist
[2026-03-13 19:14:00] [DEBUG] Family group not found — skipping F3742
[2026-03-13 19:14:01] [DEBUG] Clicked and typed at (712,135): F3743
[2026-03-13 19:14:03] [DEBUG] IsGoldWindowActive: matched via WinExist
[2026-03-13 19:14:07] [DEBUG] Family group not found — skipping F3743
[2026-03-13 19:14:08] [DEBUG] Clicked and typed at (712,135): F3744
[2026-03-13 19:14:10] [DEBUG] IsGoldWindowActive: matched via WinExist
[2026-03-13 19:14:14] [DEBUG] Family group not found — skipping F3744
[2026-03-13 19:14:15] [DEBUG] Clicked and typed at (712,135): F3745
[2026-03-13 19:14:17] [DEBUG] IsGoldWindowActive: matched via WinExist
[2026-03-13 19:14:21] [DEBUG] Family group not found — skipping F3745
[2026-03-13 19:14:22] [DEBUG] Clicked and typed at (712,135): F3746
[2026-03-13 19:14:24] [DEBUG] IsGoldWindowActive: matched via WinExist
[2026-03-13 19:14:28] [DEBUG] Family group not found — skipping F3746
[2026-03-13 19:14:29] [DEBUG] Clicked and typed at (712,135): F3747
[2026-03-13 19:14:31] [DEBUG] IsGoldWindowActive: matched via WinExist
[2026-03-13 19:14:35] [DEBUG] Family group not found — skipping F3747
[2026-03-13 19:14:36] [DEBUG] Clicked and typed at (712,135): F3748
[2026-03-13 19:14:38] [DEBUG] IsGoldWindowActive: matched via WinExist
[2026-03-13 19:14:42] [DEBUG] Family group not found — skipping F3748
[2026-03-13 19:14:43] [DEBUG] Clicked and typed at (712,135): F3749
[2026-03-13 19:14:45] [DEBUG] IsGoldWindowActive: matched via WinExist
[2026-03-13 19:14:49] [DEBUG] Family group not found — skipping F3749
[2026-03-13 19:14:50] [DEBUG] Clicked and typed at (712,135): F3750
[2026-03-13 19:14:52] [DEBUG] IsGoldWindowActive: matched via WinExist
[2026-03-13 19:14:56] [DEBUG] Family group not found — skipping F3750
[2026-03-13 19:14:57] [DEBUG] Clicked and typed at (712,135): F3751
[2026-03-13 19:14:59] [DEBUG] IsGoldWindowActive: matched via WinExist
[2026-03-13 19:15:03] [DEBUG] Family group not found — skipping F3751
[2026-03-13 19:15:04] [DEBUG] Clicked and typed at (712,135): F3752
[2026-03-13 19:15:06] [DEBUG] IsGoldWindowActive: matched via WinExist
[2026-03-13 19:15:10] [DEBUG] Family group not found — skipping F3752
[2026-03-13 19:15:11] [DEBUG] Clicked and typed at (712,135): F3753
[2026-03-13 19:15:13] [DEBUG] IsGoldWindowActive: matched via WinExist
[2026-03-13 19:15:17] [DEBUG] Family group not found — skipping F3753
[2026-03-13 19:15:17] [DEBUG] Clicked and typed at (712,135): F3754
[2026-03-13 19:15:20] [DEBUG] IsGoldWindowActive: matched via WinExist
[2026-03-13 19:15:24] [DEBUG] Family group not found — skipping F3754
[2026-03-13 19:15:24] [DEBUG] Clicked and typed at (712,135): F3755
[2026-03-13 19:15:27] [DEBUG] IsGoldWindowActive: matched via WinExist
[2026-03-13 19:15:31] [DEBUG] Family group not found — skipping F3755
[2026-03-13 19:15:31] [DEBUG] Clicked and typed at (712,135): F3756
[2026-03-13 19:15:34] [DEBUG] IsGoldWindowActive: matched via WinExist
[2026-03-13 19:15:38] [DEBUG] Family group not found — skipping F3756
[2026-03-13 19:15:38] [DEBUG] Clicked and typed at (712,135): F3757
[2026-03-13 19:15:40] [DEBUG] IsGoldWindowActive: matched via WinExist
[2026-03-13 19:15:44] [DEBUG] Family group not found — skipping F3757
[2026-03-13 19:15:45] [DEBUG] Clicked and typed at (712,135): F3758
[2026-03-13 19:15:47] [DEBUG] IsGoldWindowActive: matched via WinExist
[2026-03-13 19:15:51] [DEBUG] Family group not found — skipping F3758
[2026-03-13 19:15:52] [DEBUG] Clicked and typed at (712,135): F3759
[2026-03-13 19:15:54] [DEBUG] IsGoldWindowActive: matched via WinExist
[2026-03-13 19:15:58] [DEBUG] Family group not found — skipping F3759
[2026-03-13 19:15:59] [DEBUG] Clicked and typed at (712,135): F3760
[2026-03-13 19:16:01] [DEBUG] IsGoldWindowActive: matched via WinExist
[2026-03-13 19:16:05] [DEBUG] Family group not found — skipping F3760
[2026-03-13 19:16:06] [DEBUG] Clicked and typed at (712,135): F3761
[2026-03-13 19:16:08] [DEBUG] IsGoldWindowActive: matched via WinExist
[2026-03-13 19:16:12] [DEBUG] Family group not found — skipping F3761
[2026-03-13 19:16:13] [DEBUG] Clicked and typed at (712,135): F3762
[2026-03-13 19:16:15] [DEBUG] IsGoldWindowActive: matched via WinExist
[2026-03-13 19:16:19] [DEBUG] Family group not found — skipping F3762
[2026-03-13 19:16:20] [DEBUG] Clicked and typed at (712,135): F3763
[2026-03-13 19:16:22] [DEBUG] IsGoldWindowActive: matched via WinExist
[2026-03-13 19:16:26] [DEBUG] Family group not found — skipping F3763
[2026-03-13 19:16:27] [DEBUG] Clicked and typed at (712,135): F3764
[2026-03-13 19:16:29] [DEBUG] IsGoldWindowActive: matched via WinExist
[2026-03-13 19:16:33] [DEBUG] Family group not found — skipping F3764
[2026-03-13 19:16:34] [DEBUG] Clicked and typed at (712,135): F3765
[2026-03-13 19:16:36] [DEBUG] IsGoldWindowActive: matched via WinExist
[2026-03-13 19:16:40] [DEBUG] Family group not found — skipping F3765
[2026-03-13 19:16:41] [DEBUG] Clicked and typed at (712,135): F3766
[2026-03-13 19:16:43] [DEBUG] IsGoldWindowActive: matched via WinExist
[2026-03-13 19:16:47] [DEBUG] Family group not found — skipping F3766
[2026-03-13 19:16:48] [DEBUG] Clicked and typed at (712,135): F3767
[2026-03-13 19:16:50] [DEBUG] IsGoldWindowActive: matched via WinExist
[2026-03-13 19:16:54] [DEBUG] Family group not found — skipping F3767
[2026-03-13 19:16:55] [DEBUG] Clicked and typed at (712,135): F3768
[2026-03-13 19:16:57] [DEBUG] IsGoldWindowActive: matched via WinExist
[2026-03-13 19:17:01] [DEBUG] Family group not found — skipping F3768
[2026-03-13 19:17:02] [DEBUG] Clicked and typed at (712,135): F3769
[2026-03-13 19:17:04] [DEBUG] IsGoldWindowActive: matched via WinExist
[2026-03-13 19:17:08] [DEBUG] Family group not found — skipping F3769
[2026-03-13 19:17:09] [DEBUG] Clicked and typed at (712,135): F3770
[2026-03-13 19:17:11] [DEBUG] IsGoldWindowActive: matched via WinExist
[2026-03-13 19:17:15] [DEBUG] Family group not found — skipping F3770
[2026-03-13 19:17:16] [DEBUG] Clicked and typed at (712,135): F3771
[2026-03-13 19:17:18] [DEBUG] IsGoldWindowActive: matched via WinExist
[2026-03-13 19:17:22] [DEBUG] Family group not found — skipping F3771
[2026-03-13 19:17:23] [DEBUG] Clicked and typed at (712,135): F3772
[2026-03-13 19:17:25] [DEBUG] IsGoldWindowActive: matched via WinExist
[2026-03-13 19:17:29] [DEBUG] Family group not found — skipping F3772
[2026-03-13 19:17:29] [DEBUG] Clicked and typed at (712,135): F3773
[2026-03-13 19:17:32] [DEBUG] IsGoldWindowActive: matched via WinExist
[2026-03-13 19:17:36] [DEBUG] Family group not found — skipping F3773
[2026-03-13 19:17:36] [DEBUG] Clicked and typed at (712,135): F3774
[2026-03-13 19:17:39] [DEBUG] IsGoldWindowActive: matched via WinExist
[2026-03-13 19:17:43] [DEBUG] Family group not found — skipping F3774
[2026-03-13 19:17:43] [DEBUG] Clicked and typed at (712,135): F3775
[2026-03-13 19:17:46] [DEBUG] IsGoldWindowActive: matched via WinExist
[2026-03-13 19:17:50] [DEBUG] Family group not found — skipping F3775
[2026-03-13 19:17:50] [DEBUG] Clicked and typed at (712,135): F3776
[2026-03-13 19:17:53] [DEBUG] IsGoldWindowActive: matched via WinExist
[2026-03-13 19:17:57] [DEBUG] Family group not found — skipping F3776
[2026-03-13 19:17:57] [DEBUG] Clicked and typed at (712,135): F3777
[2026-03-13 19:17:59] [DEBUG] IsGoldWindowActive: matched via WinExist
[2026-03-13 19:18:03] [DEBUG] Family group not found — skipping F3777
[2026-03-13 19:18:04] [DEBUG] Clicked and typed at (712,135): F3778
[2026-03-13 19:18:06] [DEBUG] IsGoldWindowActive: matched via WinExist
[2026-03-13 19:18:10] [DEBUG] Family group not found — skipping F3778
[2026-03-13 19:18:11] [DEBUG] Clicked and typed at (712,135): F3779
[2026-03-13 19:18:13] [DEBUG] IsGoldWindowActive: matched via WinExist
[2026-03-13 19:18:17] [DEBUG] Family group not found — skipping F3779
[2026-03-13 19:18:18] [DEBUG] Clicked and typed at (712,135): F3780
[2026-03-13 19:18:20] [DEBUG] IsGoldWindowActive: matched via WinExist
[2026-03-13 19:18:24] [DEBUG] Family group not found — skipping F3780
[2026-03-13 19:18:25] [DEBUG] Clicked and typed at (712,135): F3781
[2026-03-13 19:18:27] [DEBUG] IsGoldWindowActive: matched via WinExist
[2026-03-13 19:18:31] [DEBUG] Family group not found — skipping F3781
[2026-03-13 19:18:32] [DEBUG] Clicked and typed at (712,135): F3782
[2026-03-13 19:18:34] [DEBUG] IsGoldWindowActive: matched via WinExist
[2026-03-13 19:18:38] [DEBUG] Family group not found — skipping F3782
[2026-03-13 19:18:39] [DEBUG] Clicked and typed at (712,135): F3783
[2026-03-13 19:18:41] [DEBUG] IsGoldWindowActive: matched via WinExist
[2026-03-13 19:18:45] [DEBUG] Family group not found — skipping F3783
[2026-03-13 19:18:46] [DEBUG] Clicked and typed at (712,135): F3784
[2026-03-13 19:18:48] [DEBUG] IsGoldWindowActive: matched via WinExist
[2026-03-13 19:18:52] [DEBUG] Family group not found — skipping F3784
[2026-03-13 19:18:53] [DEBUG] Clicked and typed at (712,135): F3785
[2026-03-13 19:18:55] [DEBUG] IsGoldWindowActive: matched via WinExist
[2026-03-13 19:18:59] [DEBUG] Family group not found — skipping F3785
[2026-03-13 19:19:00] [DEBUG] Clicked and typed at (712,135): F3786
[2026-03-13 19:19:02] [DEBUG] IsGoldWindowActive: matched via WinExist
[2026-03-13 19:19:06] [DEBUG] Family group not found — skipping F3786
[2026-03-13 19:19:07] [DEBUG] Clicked and typed at (712,135): F3787
[2026-03-13 19:19:09] [DEBUG] IsGoldWindowActive: matched via WinExist
[2026-03-13 19:19:13] [DEBUG] Family group not found — skipping F3787
[2026-03-13 19:19:14] [DEBUG] Clicked and typed at (712,135): F3788
[2026-03-13 19:19:16] [DEBUG] IsGoldWindowActive: matched via WinExist
[2026-03-13 19:19:20] [DEBUG] Family group not found — skipping F3788
[2026-03-13 19:19:21] [DEBUG] Clicked and typed at (712,135): F3789
[2026-03-13 19:19:23] [DEBUG] IsGoldWindowActive: matched via WinExist
[2026-03-13 19:19:27] [DEBUG] Family group not found — skipping F3789
[2026-03-13 19:19:28] [DEBUG] Clicked and typed at (712,135): F3790
[2026-03-13 19:19:30] [DEBUG] IsGoldWindowActive: matched via WinExist
[2026-03-13 19:19:34] [DEBUG] Family group not found — skipping F3790
[2026-03-13 19:19:35] [DEBUG] Clicked and typed at (712,135): F3791
[2026-03-13 19:19:37] [DEBUG] IsGoldWindowActive: matched via WinExist
[2026-03-13 19:19:41] [DEBUG] Family group not found — skipping F3791
[2026-03-13 19:19:41] [DEBUG] Clicked and typed at (712,135): F3792
[2026-03-13 19:19:44] [DEBUG] IsGoldWindowActive: matched via WinExist
[2026-03-13 19:19:48] [DEBUG] Family group not found — skipping F3792
[2026-03-13 19:19:48] [DEBUG] Clicked and typed at (712,135): F3793
[2026-03-13 19:19:51] [DEBUG] IsGoldWindowActive: matched via WinExist
[2026-03-13 19:19:55] [DEBUG] Family group not found — skipping F3793
[2026-03-13 19:19:55] [DEBUG] Clicked and typed at (712,135): F3794
[2026-03-13 19:19:58] [DEBUG] IsGoldWindowActive: matched via WinExist
[2026-03-13 19:20:02] [DEBUG] Family group not found — skipping F3794
[2026-03-13 19:20:02] [DEBUG] Clicked and typed at (712,135): F3795
[2026-03-13 19:20:05] [DEBUG] IsGoldWindowActive: matched via WinExist
[2026-03-13 19:20:09] [DEBUG] Family group not found — skipping F3795
[2026-03-13 19:20:09] [DEBUG] Clicked and typed at (712,135): F3796
[2026-03-13 19:20:11] [DEBUG] IsGoldWindowActive: matched via WinExist
[2026-03-13 19:20:15] [DEBUG] Family group not found — skipping F3796
[2026-03-13 19:20:16] [DEBUG] Clicked and typed at (712,135): F3797
[2026-03-13 19:20:18] [DEBUG] IsGoldWindowActive: matched via WinExist
[2026-03-13 19:20:22] [DEBUG] Family group not found — skipping F3797
[2026-03-13 19:20:23] [DEBUG] Clicked and typed at (712,135): F3798
[2026-03-13 19:20:25] [DEBUG] IsGoldWindowActive: matched via WinExist
[2026-03-13 19:20:29] [DEBUG] Family group not found — skipping F3798
[2026-03-13 19:20:30] [DEBUG] Clicked and typed at (712,135): F3799
[2026-03-13 19:20:32] [DEBUG] IsGoldWindowActive: matched via WinExist
[2026-03-13 19:20:36] [DEBUG] Family group not found — skipping F3799
[2026-03-13 19:20:37] [DEBUG] Clicked and typed at (712,135): F3800
[2026-03-13 19:20:39] [DEBUG] IsGoldWindowActive: matched via WinExist
[2026-03-13 19:20:43] [DEBUG] Family group not found — skipping F3800
[2026-03-13 19:20:44] [DEBUG] Clicked and typed at (712,135): F3801
[2026-03-13 19:20:46] [DEBUG] IsGoldWindowActive: matched via WinExist
[2026-03-13 19:20:50] [DEBUG] Family group not found — skipping F3801
[2026-03-13 19:20:51] [DEBUG] Clicked and typed at (712,135): F3802
[2026-03-13 19:20:53] [DEBUG] IsGoldWindowActive: matched via WinExist
[2026-03-13 19:20:57] [DEBUG] Family group not found — skipping F3802
[2026-03-13 19:20:58] [DEBUG] Clicked and typed at (712,135): F3803
[2026-03-13 19:21:00] [DEBUG] IsGoldWindowActive: matched via WinExist
[2026-03-13 19:21:04] [DEBUG] Family group not found — skipping F3803
[2026-03-13 19:21:05] [DEBUG] Clicked and typed at (712,135): F3804
[2026-03-13 19:21:07] [DEBUG] IsGoldWindowActive: matched via WinExist
[2026-03-13 19:21:11] [DEBUG] Family group not found — skipping F3804
[2026-03-13 19:21:12] [DEBUG] Clicked and typed at (712,135): F3805
[2026-03-13 19:21:14] [DEBUG] IsGoldWindowActive: matched via WinExist
[2026-03-13 19:21:18] [DEBUG] Family group not found — skipping F3805
[2026-03-13 19:21:19] [DEBUG] Clicked and typed at (712,135): F3806
[2026-03-13 19:21:21] [DEBUG] IsGoldWindowActive: matched via WinExist
[2026-03-13 19:21:25] [DEBUG] Family group not found — skipping F3806
[2026-03-13 19:21:26] [DEBUG] Clicked and typed at (712,135): F3807
[2026-03-13 19:21:28] [DEBUG] IsGoldWindowActive: matched via WinExist
[2026-03-13 19:21:32] [DEBUG] Family group not found — skipping F3807
[2026-03-13 19:21:33] [DEBUG] Clicked and typed at (712,135): F3808
[2026-03-13 19:21:35] [DEBUG] IsGoldWindowActive: matched via WinExist
[2026-03-13 19:21:39] [DEBUG] Family group not found — skipping F3808
[2026-03-13 19:21:40] [DEBUG] Clicked and typed at (712,135): F3809
[2026-03-13 19:21:42] [DEBUG] IsGoldWindowActive: matched via WinExist
[2026-03-13 19:21:46] [DEBUG] Family group not found — skipping F3809
[2026-03-13 19:21:46] [DEBUG] Clicked and typed at (712,135): F3810
[2026-03-13 19:21:49] [DEBUG] IsGoldWindowActive: matched via WinExist
[2026-03-13 19:21:53] [DEBUG] Family group not found — skipping F3810
[2026-03-13 19:21:53] [DEBUG] Clicked and typed at (712,135): F3811
[2026-03-13 19:21:56] [DEBUG] IsGoldWindowActive: matched via WinExist
[2026-03-13 19:22:00] [DEBUG] Family group not found — skipping F3811
[2026-03-13 19:22:00] [DEBUG] Clicked and typed at (712,135): F3812
[2026-03-13 19:22:03] [DEBUG] IsGoldWindowActive: matched via WinExist
[2026-03-13 19:22:07] [DEBUG] Family group not found — skipping F3812
[2026-03-13 19:22:07] [DEBUG] Clicked and typed at (712,135): F3813
[2026-03-13 19:22:10] [DEBUG] IsGoldWindowActive: matched via WinExist
[2026-03-13 19:22:14] [DEBUG] Family group not found — skipping F3813
[2026-03-13 19:22:14] [DEBUG] Clicked and typed at (712,135): F3814
[2026-03-13 19:22:17] [DEBUG] IsGoldWindowActive: matched via WinExist
[2026-03-13 19:22:21] [DEBUG] Family group not found — skipping F3814
[2026-03-13 19:22:21] [DEBUG] Clicked and typed at (712,135): F3815
[2026-03-13 19:22:23] [DEBUG] IsGoldWindowActive: matched via WinExist
[2026-03-13 19:22:27] [DEBUG] Family group not found — skipping F3815
[2026-03-13 19:22:28] [DEBUG] Clicked and typed at (712,135): F3816
[2026-03-13 19:22:30] [DEBUG] IsGoldWindowActive: matched via WinExist
[2026-03-13 19:22:34] [DEBUG] Family group not found — skipping F3816
[2026-03-13 19:22:35] [DEBUG] Clicked and typed at (712,135): F5393
[2026-03-13 19:22:37] [DEBUG] IsGoldWindowActive: matched via WinExist
[2026-03-13 19:22:41] [DEBUG] Family group not found — skipping F5393
[2026-03-13 19:22:42] [DEBUG] Clicked and typed at (712,135): F3828
[2026-03-13 19:22:44] [DEBUG] IsGoldWindowActive: matched via WinExist
[2026-03-13 19:22:48] [DEBUG] Family group not found — skipping F3828
[2026-03-13 19:22:49] [DEBUG] Clicked and typed at (712,135): F3829
[2026-03-13 19:22:51] [DEBUG] IsGoldWindowActive: matched via WinExist
[2026-03-13 19:22:55] [DEBUG] Family group not found — skipping F3829
[2026-03-13 19:22:56] [DEBUG] Clicked and typed at (712,135): F3830
[2026-03-13 19:22:58] [DEBUG] IsGoldWindowActive: matched via WinExist
[2026-03-13 19:23:02] [DEBUG] Family group not found — skipping F3830
[2026-03-13 19:23:03] [DEBUG] Clicked and typed at (712,135): F3831
[2026-03-13 19:23:05] [DEBUG] IsGoldWindowActive: matched via WinExist
[2026-03-13 19:23:09] [DEBUG] Family group not found — skipping F3831
[2026-03-13 19:23:10] [DEBUG] Clicked and typed at (712,135): F3832
[2026-03-13 19:23:12] [DEBUG] IsGoldWindowActive: matched via WinExist
[2026-03-13 19:23:16] [DEBUG] Family group not found — skipping F3832
[2026-03-13 19:23:17] [DEBUG] Clicked and typed at (712,135): F3833
[2026-03-13 19:23:19] [DEBUG] IsGoldWindowActive: matched via WinExist
[2026-03-13 19:23:23] [DEBUG] Family group not found — skipping F3833
[2026-03-13 19:23:24] [DEBUG] Clicked and typed at (712,135): F3834
[2026-03-13 19:23:26] [DEBUG] IsGoldWindowActive: matched via WinExist
[2026-03-13 19:23:30] [DEBUG] Family group not found — skipping F3834
[2026-03-13 19:23:31] [DEBUG] Clicked and typed at (712,135): F3835
[2026-03-13 19:23:33] [DEBUG] IsGoldWindowActive: matched via WinExist
[2026-03-13 19:23:37] [DEBUG] Family group not found — skipping F3835
[2026-03-13 19:23:38] [DEBUG] Clicked and typed at (712,135): F3836
[2026-03-13 19:23:40] [DEBUG] IsGoldWindowActive: matched via WinExist
[2026-03-13 19:23:44] [DEBUG] Family group not found — skipping F3836
[2026-03-13 19:23:45] [DEBUG] Clicked and typed at (712,135): F3837
[2026-03-13 19:23:47] [DEBUG] IsGoldWindowActive: matched via WinExist
[2026-03-13 19:23:51] [DEBUG] Family group not found — skipping F3837
[2026-03-13 19:23:52] [DEBUG] Clicked and typed at (712,135): F3838
[2026-03-13 19:23:54] [DEBUG] IsGoldWindowActive: matched via WinExist
[2026-03-13 19:23:58] [DEBUG] Family group not found — skipping F3838
[2026-03-13 19:23:59] [DEBUG] Clicked and typed at (712,135): F3839
[2026-03-13 19:24:01] [DEBUG] IsGoldWindowActive: matched via WinExist
[2026-03-13 19:24:05] [DEBUG] Family group not found — skipping F3839
[2026-03-13 19:24:05] [DEBUG] Clicked and typed at (712,135): F3840
[2026-03-13 19:24:08] [DEBUG] IsGoldWindowActive: matched via WinExist
[2026-03-13 19:24:12] [DEBUG] Family group not found — skipping F3840
[2026-03-13 19:24:12] [DEBUG] Clicked and typed at (712,135): F3841
[2026-03-13 19:24:15] [DEBUG] IsGoldWindowActive: matched via WinExist
[2026-03-13 19:24:19] [DEBUG] Family group not found — skipping F3841
[2026-03-13 19:24:19] [DEBUG] Clicked and typed at (712,135): F3842
[2026-03-13 19:24:22] [DEBUG] IsGoldWindowActive: matched via WinExist
[2026-03-13 19:24:26] [DEBUG] Family group not found — skipping F3842
[2026-03-13 19:24:26] [DEBUG] Clicked and typed at (712,135): F3843
[2026-03-13 19:24:29] [DEBUG] IsGoldWindowActive: matched via WinExist
[2026-03-13 19:24:33] [DEBUG] Family group not found — skipping F3843
[2026-03-13 19:24:33] [DEBUG] Clicked and typed at (712,135): F3844
[2026-03-13 19:24:35] [DEBUG] IsGoldWindowActive: matched via WinExist
[2026-03-13 19:24:39] [DEBUG] Family group not found — skipping F3844
[2026-03-13 19:24:40] [DEBUG] Clicked and typed at (712,135): F3845
[2026-03-13 19:24:42] [DEBUG] IsGoldWindowActive: matched via WinExist
[2026-03-13 19:24:46] [DEBUG] Family group not found — skipping F3845
[2026-03-13 19:24:47] [DEBUG] Clicked and typed at (712,135): F3846
[2026-03-13 19:24:49] [DEBUG] IsGoldWindowActive: matched via WinExist
[2026-03-13 19:24:53] [DEBUG] Family group not found — skipping F3846
[2026-03-13 19:24:54] [DEBUG] Clicked and typed at (712,135): F3847
[2026-03-13 19:24:56] [DEBUG] IsGoldWindowActive: matched via WinExist
[2026-03-13 19:25:00] [DEBUG] Family group not found — skipping F3847
[2026-03-13 19:25:01] [DEBUG] Clicked and typed at (712,135): F3848
[2026-03-13 19:25:03] [DEBUG] IsGoldWindowActive: matched via WinExist
[2026-03-13 19:25:07] [DEBUG] Family group not found — skipping F3848
[2026-03-13 19:25:08] [DEBUG] Clicked and typed at (712,135): F3849
[2026-03-13 19:25:10] [DEBUG] IsGoldWindowActive: matched via WinExist
[2026-03-13 19:25:14] [DEBUG] Family group not found — skipping F3849
[2026-03-13 19:25:15] [DEBUG] Clicked and typed at (712,135): F3850
[2026-03-13 19:25:17] [DEBUG] IsGoldWindowActive: matched via WinExist
[2026-03-13 19:25:21] [DEBUG] Family group not found — skipping F3850
[2026-03-13 19:25:22] [DEBUG] Clicked and typed at (712,135): F3851
[2026-03-13 19:25:24] [DEBUG] IsGoldWindowActive: matched via WinExist
[2026-03-13 19:25:28] [DEBUG] Family group not found — skipping F3851
[2026-03-13 19:25:29] [DEBUG] Clicked and typed at (712,135): F3852
[2026-03-13 19:25:31] [DEBUG] IsGoldWindowActive: matched via WinExist
[2026-03-13 19:25:35] [DEBUG] Family group not found — skipping F3852
[2026-03-13 19:25:36] [DEBUG] Clicked and typed at (712,135): F3853
[2026-03-13 19:25:38] [DEBUG] IsGoldWindowActive: matched via WinExist
[2026-03-13 19:25:42] [DEBUG] Family group not found — skipping F3853
[2026-03-13 19:25:43] [DEBUG] Clicked and typed at (712,135): F3854
[2026-03-13 19:25:45] [DEBUG] IsGoldWindowActive: matched via WinExist
[2026-03-13 19:25:49] [DEBUG] Family group not found — skipping F3854
[2026-03-13 19:25:50] [DEBUG] Clicked and typed at (712,135): F3855
[2026-03-13 19:25:52] [DEBUG] IsGoldWindowActive: matched via WinExist
[2026-03-13 19:25:56] [DEBUG] Family group not found — skipping F3855
[2026-03-13 19:25:57] [DEBUG] Clicked and typed at (712,135): F3856
[2026-03-13 19:25:59] [DEBUG] IsGoldWindowActive: matched via WinExist
[2026-03-13 19:26:03] [DEBUG] Family group not found — skipping F3856
[2026-03-13 19:26:04] [DEBUG] Clicked and typed at (712,135): F3857
[2026-03-13 19:26:06] [DEBUG] IsGoldWindowActive: matched via WinExist
[2026-03-13 19:26:10] [DEBUG] Family group not found — skipping F3857
[2026-03-13 19:26:11] [DEBUG] Clicked and typed at (712,135): F3858
[2026-03-13 19:26:13] [DEBUG] IsGoldWindowActive: matched via WinExist
[2026-03-13 19:26:17] [DEBUG] Family group not found — skipping F3858
[2026-03-13 19:26:18] [DEBUG] Clicked and typed at (712,135): F3859
[2026-03-13 19:26:20] [DEBUG] IsGoldWindowActive: matched via WinExist
[2026-03-13 19:26:24] [DEBUG] Family group not found — skipping F3859
[2026-03-13 19:26:25] [DEBUG] Clicked and typed at (712,135): F3860
[2026-03-13 19:26:27] [DEBUG] IsGoldWindowActive: matched via WinExist
[2026-03-13 19:26:31] [DEBUG] Family group not found — skipping F3860
[2026-03-13 19:26:31] [DEBUG] Clicked and typed at (712,135): F3861
[2026-03-13 19:26:34] [DEBUG] IsGoldWindowActive: matched via WinExist
[2026-03-13 19:26:38] [DEBUG] Family group not found — skipping F3861
[2026-03-13 19:26:38] [DEBUG] Clicked and typed at (712,135): F3862
[2026-03-13 19:26:41] [DEBUG] IsGoldWindowActive: matched via WinExist
[2026-03-13 19:26:45] [DEBUG] Family group not found — skipping F3862
[2026-03-13 19:26:45] [DEBUG] Clicked and typed at (712,135): F3863
[2026-03-13 19:26:48] [DEBUG] IsGoldWindowActive: matched via WinExist
[2026-03-13 19:26:52] [DEBUG] Family group not found — skipping F3863
[2026-03-13 19:26:52] [DEBUG] Clicked and typed at (712,135): F3864
[2026-03-13 19:26:54] [DEBUG] IsGoldWindowActive: matched via WinExist
[2026-03-13 19:26:58] [DEBUG] Family group not found — skipping F3864
[2026-03-13 19:26:59] [DEBUG] Clicked and typed at (712,135): F3865
[2026-03-13 19:27:01] [DEBUG] IsGoldWindowActive: matched via WinExist
[2026-03-13 19:27:05] [DEBUG] Family group not found — skipping F3865
[2026-03-13 19:27:06] [DEBUG] Clicked and typed at (712,135): F1000009
[2026-03-13 19:27:08] [DEBUG] IsGoldWindowActive: matched via WinExist
[2026-03-13 19:27:12] [DEBUG] Family group not found — skipping F1000009
[2026-03-13 19:27:13] [DEBUG] Clicked and typed at (712,135): F1000020
[2026-03-13 19:27:15] [DEBUG] IsGoldWindowActive: matched via WinExist
[2026-03-13 19:27:19] [DEBUG] Family group not found — skipping F1000020
[2026-03-13 19:27:20] [DEBUG] Clicked and typed at (712,135): F1980
[2026-03-13 19:27:22] [DEBUG] IsGoldWindowActive: matched via WinExist
[2026-03-13 19:27:26] [DEBUG] Family group not found — skipping F1980
[2026-03-13 19:27:27] [DEBUG] Clicked and typed at (712,135): F1981
[2026-03-13 19:27:29] [DEBUG] IsGoldWindowActive: matched via WinExist
[2026-03-13 19:27:33] [DEBUG] Family group not found — skipping F1981
[2026-03-13 19:27:34] [DEBUG] Clicked and typed at (712,135): F1982
[2026-03-13 19:27:36] [DEBUG] IsGoldWindowActive: matched via WinExist
[2026-03-13 19:27:40] [DEBUG] Family group not found — skipping F1982
[2026-03-13 19:27:41] [DEBUG] Clicked and typed at (712,135): F1983
[2026-03-13 19:27:43] [DEBUG] IsGoldWindowActive: matched via WinExist
[2026-03-13 19:27:47] [DEBUG] Family group not found — skipping F1983
[2026-03-13 19:27:48] [DEBUG] Clicked and typed at (712,135): F1984
[2026-03-13 19:27:50] [DEBUG] IsGoldWindowActive: matched via WinExist
[2026-03-13 19:27:54] [DEBUG] Family group not found — skipping F1984
[2026-03-13 19:27:55] [DEBUG] Clicked and typed at (712,135): F1985
[2026-03-13 19:27:57] [DEBUG] IsGoldWindowActive: matched via WinExist
[2026-03-13 19:28:01] [DEBUG] Family group not found — skipping F1985
[2026-03-13 19:28:02] [DEBUG] Clicked and typed at (712,135): F1986
[2026-03-13 19:28:04] [DEBUG] IsGoldWindowActive: matched via WinExist
[2026-03-13 19:28:08] [DEBUG] Family group not found — skipping F1986
[2026-03-13 19:28:09] [DEBUG] Clicked and typed at (712,135): F1987
[2026-03-13 19:28:11] [DEBUG] IsGoldWindowActive: matched via WinExist
[2026-03-13 19:28:15] [DEBUG] Family group not found — skipping F1987
[2026-03-13 19:28:16] [DEBUG] Clicked and typed at (712,135): F1988
[2026-03-13 19:28:18] [DEBUG] IsGoldWindowActive: matched via WinExist
[2026-03-13 19:28:22] [DEBUG] Family group not found — skipping F1988
[2026-03-13 19:28:23] [DEBUG] Clicked and typed at (712,135): F1989
[2026-03-13 19:28:25] [DEBUG] IsGoldWindowActive: matched via WinExist
[2026-03-13 19:28:29] [DEBUG] Family group not found — skipping F1989
[2026-03-13 19:28:30] [DEBUG] Clicked and typed at (712,135): F1990
[2026-03-13 19:28:32] [DEBUG] IsGoldWindowActive: matched via WinExist
[2026-03-13 19:28:36] [DEBUG] Family group not found — skipping F1990
[2026-03-13 19:28:36] [DEBUG] Clicked and typed at (712,135): F1991
[2026-03-13 19:28:39] [DEBUG] IsGoldWindowActive: matched via WinExist
[2026-03-13 19:28:43] [DEBUG] Family group not found — skipping F1991
[2026-03-13 19:28:43] [DEBUG] Clicked and typed at (712,135): F1992
[2026-03-13 19:28:46] [DEBUG] IsGoldWindowActive: matched via WinExist
[2026-03-13 19:28:50] [DEBUG] Family group not found — skipping F1992
[2026-03-13 19:28:50] [DEBUG] Clicked and typed at (712,135): F1993
[2026-03-13 19:28:53] [DEBUG] IsGoldWindowActive: matched via WinExist
[2026-03-13 19:28:57] [DEBUG] Family group not found — skipping F1993
[2026-03-13 19:28:57] [DEBUG] Clicked and typed at (712,135): F1994
[2026-03-13 19:29:00] [DEBUG] IsGoldWindowActive: matched via WinExist
[2026-03-13 19:29:04] [DEBUG] Family group not found — skipping F1994
[2026-03-13 19:29:04] [DEBUG] Clicked and typed at (712,135): F1995
[2026-03-13 19:29:06] [DEBUG] IsGoldWindowActive: matched via WinExist
[2026-03-13 19:29:10] [DEBUG] Family group not found — skipping F1995
[2026-03-13 19:29:11] [DEBUG] Clicked and typed at (712,135): F1996
[2026-03-13 19:29:13] [DEBUG] IsGoldWindowActive: matched via WinExist
[2026-03-13 19:29:17] [DEBUG] Family group not found — skipping F1996
[2026-03-13 19:29:18] [DEBUG] Clicked and typed at (712,135): F1997
[2026-03-13 19:29:20] [DEBUG] IsGoldWindowActive: matched via WinExist
[2026-03-13 19:29:24] [DEBUG] Family group not found — skipping F1997
[2026-03-13 19:29:25] [DEBUG] Clicked and typed at (712,135): F1998
[2026-03-13 19:29:27] [DEBUG] IsGoldWindowActive: matched via WinExist
[2026-03-13 19:29:31] [DEBUG] Family group not found — skipping F1998
[2026-03-13 19:29:32] [DEBUG] Clicked and typed at (712,135): F1999
[2026-03-13 19:29:34] [DEBUG] IsGoldWindowActive: matched via WinExist
[2026-03-13 19:29:38] [DEBUG] Family group not found — skipping F1999
[2026-03-13 19:29:39] [DEBUG] Clicked and typed at (712,135): F2000
[2026-03-13 19:29:41] [DEBUG] IsGoldWindowActive: matched via WinExist
[2026-03-13 19:29:45] [DEBUG] Family group not found — skipping F2000
[2026-03-13 19:29:46] [DEBUG] Clicked and typed at (712,135): F2001
[2026-03-13 19:29:48] [DEBUG] IsGoldWindowActive: matched via WinExist
[2026-03-13 19:29:52] [DEBUG] Family group not found — skipping F2001
[2026-03-13 19:29:53] [DEBUG] Clicked and typed at (712,135): F2002
[2026-03-13 19:29:55] [DEBUG] IsGoldWindowActive: matched via WinExist
[2026-03-13 19:29:59] [DEBUG] Family group not found — skipping F2002
[2026-03-13 19:30:00] [DEBUG] Clicked and typed at (712,135): F2003
[2026-03-13 19:30:02] [DEBUG] IsGoldWindowActive: matched via WinExist
[2026-03-13 19:30:06] [DEBUG] Family group not found — skipping F2003
[2026-03-13 19:30:07] [DEBUG] Clicked and typed at (712,135): F2004
[2026-03-13 19:30:09] [DEBUG] IsGoldWindowActive: matched via WinExist
[2026-03-13 19:30:13] [DEBUG] Family group not found — skipping F2004
[2026-03-13 19:30:14] [DEBUG] Clicked and typed at (712,135): F2005
[2026-03-13 19:30:16] [DEBUG] IsGoldWindowActive: matched via WinExist
[2026-03-13 19:30:20] [DEBUG] Family group not found — skipping F2005
[2026-03-13 19:30:21] [DEBUG] Clicked and typed at (712,135): F2006
[2026-03-13 19:30:23] [DEBUG] IsGoldWindowActive: matched via WinExist
[2026-03-13 19:30:27] [DEBUG] Family group not found — skipping F2006
[2026-03-13 19:30:28] [DEBUG] Clicked and typed at (712,135): F2007
[2026-03-13 19:30:30] [DEBUG] IsGoldWindowActive: matched via WinExist
[2026-03-13 19:30:34] [DEBUG] Family group not found — skipping F2007
[2026-03-13 19:30:35] [DEBUG] Clicked and typed at (712,135): F2008
[2026-03-13 19:30:37] [DEBUG] IsGoldWindowActive: matched via WinExist
[2026-03-13 19:30:41] [DEBUG] Family group not found — skipping F2008
[2026-03-13 19:30:42] [DEBUG] Clicked and typed at (712,135): F2009
[2026-03-13 19:30:44] [DEBUG] IsGoldWindowActive: matched via WinExist
[2026-03-13 19:30:48] [DEBUG] Family group not found — skipping F2009
[2026-03-13 19:30:49] [DEBUG] Clicked and typed at (712,135): F2010
[2026-03-13 19:30:51] [DEBUG] IsGoldWindowActive: matched via WinExist
[2026-03-13 19:30:55] [DEBUG] Family group not found — skipping F2010
[2026-03-13 19:30:55] [DEBUG] Clicked and typed at (712,135): F2011
[2026-03-13 19:30:58] [DEBUG] IsGoldWindowActive: matched via WinExist
[2026-03-13 19:31:02] [DEBUG] Family group not found — skipping F2011
[2026-03-13 19:31:02] [DEBUG] Clicked and typed at (712,135): F2012
[2026-03-13 19:31:05] [DEBUG] IsGoldWindowActive: matched via WinExist
[2026-03-13 19:31:09] [DEBUG] Family group not found — skipping F2012
[2026-03-13 19:31:09] [DEBUG] Clicked and typed at (712,135): F2013
[2026-03-13 19:31:12] [DEBUG] IsGoldWindowActive: matched via WinExist
[2026-03-13 19:31:16] [DEBUG] Family group not found — skipping F2013
[2026-03-13 19:31:16] [DEBUG] Clicked and typed at (712,135): F2014
[2026-03-13 19:31:19] [DEBUG] IsGoldWindowActive: matched via WinExist
[2026-03-13 19:31:23] [DEBUG] Family group not found — skipping F2014
[2026-03-13 19:31:23] [DEBUG] Clicked and typed at (712,135): F2015
[2026-03-13 19:31:25] [DEBUG] IsGoldWindowActive: matched via WinExist
[2026-03-13 19:31:29] [DEBUG] Family group not found — skipping F2015
[2026-03-13 19:31:30] [DEBUG] Clicked and typed at (712,135): F2016
[2026-03-13 19:31:32] [DEBUG] IsGoldWindowActive: matched via WinExist
[2026-03-13 19:31:36] [DEBUG] Family group not found — skipping F2016
[2026-03-13 19:31:37] [DEBUG] Clicked and typed at (712,135): F2017
[2026-03-13 19:31:39] [DEBUG] IsGoldWindowActive: matched via WinExist
[2026-03-13 19:31:43] [DEBUG] Family group not found — skipping F2017
[2026-03-13 19:31:44] [DEBUG] Clicked and typed at (712,135): F2018
[2026-03-13 19:31:46] [DEBUG] IsGoldWindowActive: matched via WinExist
[2026-03-13 19:31:50] [DEBUG] Family group not found — skipping F2018
[2026-03-13 19:31:51] [DEBUG] Clicked and typed at (712,135): F2019
[2026-03-13 19:31:53] [DEBUG] IsGoldWindowActive: matched via WinExist
[2026-03-13 19:31:57] [DEBUG] Family group not found — skipping F2019
[2026-03-13 19:31:58] [DEBUG] Clicked and typed at (712,135): F2020
[2026-03-13 19:32:00] [DEBUG] IsGoldWindowActive: matched via WinExist
[2026-03-13 19:32:04] [DEBUG] Family group not found — skipping F2020
[2026-03-13 19:32:05] [DEBUG] Clicked and typed at (712,135): F2021
[2026-03-13 19:32:07] [DEBUG] IsGoldWindowActive: matched via WinExist
[2026-03-13 19:32:11] [DEBUG] Family group not found — skipping F2021
[2026-03-13 19:32:12] [DEBUG] Clicked and typed at (712,135): F2022
[2026-03-13 19:32:14] [DEBUG] IsGoldWindowActive: matched via WinExist
[2026-03-13 19:32:18] [DEBUG] Family group not found — skipping F2022
[2026-03-13 19:32:19] [DEBUG] Clicked and typed at (712,135): F2023
[2026-03-13 19:32:21] [DEBUG] IsGoldWindowActive: matched via WinExist
[2026-03-13 19:32:25] [DEBUG] Family group not found — skipping F2023
[2026-03-13 19:32:26] [DEBUG] Clicked and typed at (712,135): F2024
[2026-03-13 19:32:28] [DEBUG] IsGoldWindowActive: matched via WinExist
[2026-03-13 19:32:32] [DEBUG] Family group not found — skipping F2024
[2026-03-13 19:32:33] [DEBUG] Clicked and typed at (712,135): F2025
[2026-03-13 19:32:35] [DEBUG] IsGoldWindowActive: matched via WinExist
[2026-03-13 19:32:39] [DEBUG] Family group not found — skipping F2025
[2026-03-13 19:32:40] [DEBUG] Clicked and typed at (712,135): F2026
[2026-03-13 19:32:42] [DEBUG] IsGoldWindowActive: matched via WinExist
[2026-03-13 19:32:46] [DEBUG] Family group not found — skipping F2026
[2026-03-13 19:32:47] [DEBUG] Clicked and typed at (712,135): F2030
[2026-03-13 19:32:49] [DEBUG] IsGoldWindowActive: matched via WinExist
[2026-03-13 19:32:53] [DEBUG] Family group not found — skipping F2030
[2026-03-13 19:32:54] [DEBUG] Clicked and typed at (712,135): F5391
[2026-03-13 19:32:56] [DEBUG] IsGoldWindowActive: matched via WinExist
[2026-03-13 19:33:00] [DEBUG] Family group not found — skipping F5391
[2026-03-13 19:33:01] [DEBUG] Clicked and typed at (712,135): F2033
[2026-03-13 19:33:03] [DEBUG] IsGoldWindowActive: matched via WinExist
[2026-03-13 19:33:07] [DEBUG] Family group not found — skipping F2033
[2026-03-13 19:33:08] [DEBUG] Clicked and typed at (712,135): F2034
[2026-03-13 19:33:10] [DEBUG] IsGoldWindowActive: matched via WinExist
[2026-03-13 19:33:14] [DEBUG] Family group not found — skipping F2034
[2026-03-13 19:33:15] [DEBUG] Clicked and typed at (712,135): F2035
[2026-03-13 19:33:17] [DEBUG] IsGoldWindowActive: matched via WinExist
[2026-03-13 19:33:21] [DEBUG] Family group not found — skipping F2035
[2026-03-13 19:33:21] [DEBUG] Clicked and typed at (712,135): F2036
[2026-03-13 19:33:24] [DEBUG] IsGoldWindowActive: matched via WinExist
[2026-03-13 19:33:28] [DEBUG] Family group not found — skipping F2036
[2026-03-13 19:33:28] [DEBUG] Clicked and typed at (712,135): F2037
[2026-03-13 19:33:31] [DEBUG] IsGoldWindowActive: matched via WinExist
[2026-03-13 19:33:35] [DEBUG] Family group not found — skipping F2037
[2026-03-13 19:33:35] [DEBUG] Clicked and typed at (712,135): F2038
[2026-03-13 19:33:38] [DEBUG] IsGoldWindowActive: matched via WinExist
[2026-03-13 19:33:42] [DEBUG] Family group not found — skipping F2038
[2026-03-13 19:33:42] [DEBUG] Clicked and typed at (712,135): F2039
[2026-03-13 19:33:45] [DEBUG] IsGoldWindowActive: matched via WinExist
[2026-03-13 19:33:49] [DEBUG] Family group not found — skipping F2039
[2026-03-13 19:33:49] [DEBUG] Clicked and typed at (712,135): F2040
[2026-03-13 19:33:51] [DEBUG] IsGoldWindowActive: matched via WinExist
[2026-03-13 19:33:55] [DEBUG] Family group not found — skipping F2040
[2026-03-13 19:33:56] [DEBUG] Clicked and typed at (712,135): F2041
[2026-03-13 19:33:58] [DEBUG] IsGoldWindowActive: matched via WinExist
[2026-03-13 19:34:02] [DEBUG] Family group not found — skipping F2041
[2026-03-13 19:34:03] [DEBUG] Clicked and typed at (712,135): F2042
[2026-03-13 19:34:05] [DEBUG] IsGoldWindowActive: matched via WinExist
[2026-03-13 19:34:09] [DEBUG] Family group not found — skipping F2042
[2026-03-13 19:34:10] [DEBUG] Clicked and typed at (712,135): F2043
[2026-03-13 19:34:12] [DEBUG] IsGoldWindowActive: matched via WinExist
[2026-03-13 19:34:16] [DEBUG] Family group not found — skipping F2043
[2026-03-13 19:34:17] [DEBUG] Clicked and typed at (712,135): F2044
[2026-03-13 19:34:19] [DEBUG] IsGoldWindowActive: matched via WinExist
[2026-03-13 19:34:23] [DEBUG] Family group not found — skipping F2044
[2026-03-13 19:34:24] [DEBUG] Clicked and typed at (712,135): F2045
[2026-03-13 19:34:26] [DEBUG] IsGoldWindowActive: matched via WinExist
[2026-03-13 19:34:30] [DEBUG] Family group not found — skipping F2045
[2026-03-13 19:34:31] [DEBUG] Clicked and typed at (712,135): F2046
[2026-03-13 19:34:33] [DEBUG] IsGoldWindowActive: matched via WinExist
[2026-03-13 19:34:37] [DEBUG] Family group not found — skipping F2046
[2026-03-13 19:34:38] [DEBUG] Clicked and typed at (712,135): F2047
[2026-03-13 19:34:40] [DEBUG] IsGoldWindowActive: matched via WinExist
[2026-03-13 19:34:44] [DEBUG] Family group not found — skipping F2047
[2026-03-13 19:34:45] [DEBUG] Clicked and typed at (712,135): F2048
[2026-03-13 19:34:47] [DEBUG] IsGoldWindowActive: matched via WinExist
[2026-03-13 19:34:51] [DEBUG] Family group not found — skipping F2048
[2026-03-13 19:34:52] [DEBUG] Clicked and typed at (712,135): F2049
[2026-03-13 19:34:54] [DEBUG] IsGoldWindowActive: matched via WinExist
[2026-03-13 19:34:58] [DEBUG] Family group not found — skipping F2049
[2026-03-13 19:34:59] [DEBUG] Clicked and typed at (712,135): F2050
[2026-03-13 19:35:01] [DEBUG] IsGoldWindowActive: matched via WinExist
[2026-03-13 19:35:05] [DEBUG] Family group not found — skipping F2050
[2026-03-13 19:35:06] [DEBUG] Clicked and typed at (712,135): F2051
[2026-03-13 19:35:08] [DEBUG] IsGoldWindowActive: matched via WinExist
[2026-03-13 19:35:12] [DEBUG] Family group not found — skipping F2051
[2026-03-13 19:35:13] [DEBUG] Clicked and typed at (712,135): F3203
[2026-03-13 19:35:15] [DEBUG] IsGoldWindowActive: matched via WinExist
[2026-03-13 19:35:19] [DEBUG] Family group not found — skipping F3203
[2026-03-13 19:35:20] [DEBUG] Clicked and typed at (712,135): F5348
[2026-03-13 19:35:22] [DEBUG] IsGoldWindowActive: matched via WinExist
[2026-03-13 19:35:26] [DEBUG] Family group not found — skipping F5348
[2026-03-13 19:35:27] [DEBUG] Clicked and typed at (712,135): F5381
[2026-03-13 19:35:29] [DEBUG] IsGoldWindowActive: matched via WinExist
[2026-03-13 19:35:33] [DEBUG] Family group not found — skipping F5381
[2026-03-13 19:35:34] [DEBUG] Clicked and typed at (712,135): F5382
[2026-03-13 19:35:36] [DEBUG] IsGoldWindowActive: matched via WinExist
[2026-03-13 19:35:40] [DEBUG] Family group not found — skipping F5382
[2026-03-13 19:35:41] [DEBUG] Clicked and typed at (712,135): F2052
[2026-03-13 19:35:43] [DEBUG] IsGoldWindowActive: matched via WinExist
[2026-03-13 19:35:47] [DEBUG] Family group not found — skipping F2052
[2026-03-13 19:35:47] [DEBUG] Clicked and typed at (712,135): F2054
[2026-03-13 19:35:50] [DEBUG] IsGoldWindowActive: matched via WinExist
[2026-03-13 19:35:54] [DEBUG] Family group not found — skipping F2054
[2026-03-13 19:35:54] [DEBUG] Clicked and typed at (712,135): F2055
[2026-03-13 19:35:57] [DEBUG] IsGoldWindowActive: matched via WinExist
[2026-03-13 19:36:01] [DEBUG] Family group not found — skipping F2055
[2026-03-13 19:36:01] [DEBUG] Clicked and typed at (712,135): F2056
[2026-03-13 19:36:04] [DEBUG] IsGoldWindowActive: matched via WinExist
[2026-03-13 19:36:08] [DEBUG] Family group not found — skipping F2056
[2026-03-13 19:36:08] [DEBUG] Clicked and typed at (712,135): F2057
[2026-03-13 19:36:11] [DEBUG] IsGoldWindowActive: matched via WinExist
[2026-03-13 19:36:15] [DEBUG] Family group not found — skipping F2057
[2026-03-13 19:36:15] [DEBUG] Clicked and typed at (712,135): F2058
[2026-03-13 19:36:17] [DEBUG] IsGoldWindowActive: matched via WinExist
[2026-03-13 19:36:21] [DEBUG] Family group not found — skipping F2058
[2026-03-13 19:36:22] [DEBUG] Clicked and typed at (712,135): F2059
[2026-03-13 19:36:24] [DEBUG] IsGoldWindowActive: matched via WinExist
[2026-03-13 19:36:28] [DEBUG] Family group not found — skipping F2059
[2026-03-13 19:36:29] [DEBUG] Clicked and typed at (712,135): F2060
[2026-03-13 19:36:31] [DEBUG] IsGoldWindowActive: matched via WinExist
[2026-03-13 19:36:35] [DEBUG] Family group not found — skipping F2060
[2026-03-13 19:36:36] [DEBUG] Clicked and typed at (712,135): F2061
[2026-03-13 19:36:38] [DEBUG] IsGoldWindowActive: matched via WinExist
[2026-03-13 19:36:42] [DEBUG] Family group not found — skipping F2061
[2026-03-13 19:36:43] [DEBUG] Clicked and typed at (712,135): F2062
[2026-03-13 19:36:45] [DEBUG] IsGoldWindowActive: matched via WinExist
[2026-03-13 19:36:49] [DEBUG] Family group not found — skipping F2062
[2026-03-13 19:36:50] [DEBUG] Clicked and typed at (712,135): F2063
[2026-03-13 19:36:52] [DEBUG] IsGoldWindowActive: matched via WinExist
[2026-03-13 19:36:56] [DEBUG] Family group not found — skipping F2063
[2026-03-13 19:36:57] [DEBUG] Clicked and typed at (712,135): F2064
[2026-03-13 19:36:59] [DEBUG] IsGoldWindowActive: matched via WinExist
[2026-03-13 19:37:03] [DEBUG] Family group not found — skipping F2064
[2026-03-13 19:37:04] [DEBUG] Clicked and typed at (712,135): F2065
[2026-03-13 19:37:06] [DEBUG] IsGoldWindowActive: matched via WinExist
[2026-03-13 19:37:10] [DEBUG] Family group not found — skipping F2065
[2026-03-13 19:37:11] [DEBUG] Clicked and typed at (712,135): F2066
[2026-03-13 19:37:13] [DEBUG] IsGoldWindowActive: matched via WinExist
[2026-03-13 19:37:17] [DEBUG] Family group not found — skipping F2066
[2026-03-13 19:37:18] [DEBUG] Clicked and typed at (712,135): F5398
[2026-03-13 19:37:20] [DEBUG] IsGoldWindowActive: matched via WinExist
[2026-03-13 19:37:24] [DEBUG] Family group not found — skipping F5398
[2026-03-13 19:37:25] [DEBUG] Clicked and typed at (712,135): F2067
[2026-03-13 19:37:27] [DEBUG] IsGoldWindowActive: matched via WinExist
[2026-03-13 19:37:31] [DEBUG] Family group not found — skipping F2067
[2026-03-13 19:37:32] [DEBUG] Clicked and typed at (712,135): F2068
[2026-03-13 19:37:34] [DEBUG] IsGoldWindowActive: matched via WinExist
[2026-03-13 19:37:38] [DEBUG] Family group not found — skipping F2068
[2026-03-13 19:37:39] [DEBUG] Clicked and typed at (712,135): F2069
[2026-03-13 19:37:41] [DEBUG] IsGoldWindowActive: matched via WinExist
[2026-03-13 19:37:45] [DEBUG] Family group not found — skipping F2069
[2026-03-13 19:37:46] [DEBUG] Clicked and typed at (712,135): F2070
[2026-03-13 19:37:48] [DEBUG] IsGoldWindowActive: matched via WinExist
[2026-03-13 19:37:52] [DEBUG] Family group not found — skipping F2070
[2026-03-13 19:37:52] [DEBUG] Clicked and typed at (712,135): F2071
[2026-03-13 19:37:55] [DEBUG] IsGoldWindowActive: matched via WinExist
[2026-03-13 19:37:59] [DEBUG] Family group not found — skipping F2071
[2026-03-13 19:37:59] [DEBUG] Clicked and typed at (712,135): F2072
[2026-03-13 19:38:02] [DEBUG] IsGoldWindowActive: matched via WinExist
[2026-03-13 19:38:06] [DEBUG] Family group not found — skipping F2072
[2026-03-13 19:38:06] [DEBUG] Clicked and typed at (712,135): F2073
[2026-03-13 19:38:09] [DEBUG] IsGoldWindowActive: matched via WinExist
[2026-03-13 19:38:13] [DEBUG] Family group not found — skipping F2073
[2026-03-13 19:38:13] [DEBUG] Clicked and typed at (712,135): F2074
[2026-03-13 19:38:16] [DEBUG] IsGoldWindowActive: matched via WinExist
[2026-03-13 19:38:20] [DEBUG] Family group not found — skipping F2074
[2026-03-13 19:38:20] [DEBUG] Clicked and typed at (712,135): F2075
[2026-03-13 19:38:22] [DEBUG] IsGoldWindowActive: matched via WinExist
[2026-03-13 19:38:26] [DEBUG] Family group not found — skipping F2075
[2026-03-13 19:38:27] [DEBUG] Clicked and typed at (712,135): F2076
[2026-03-13 19:38:29] [DEBUG] IsGoldWindowActive: matched via WinExist
[2026-03-13 19:38:33] [DEBUG] Family group not found — skipping F2076
[2026-03-13 19:38:34] [DEBUG] Clicked and typed at (712,135): F2077
[2026-03-13 19:38:36] [DEBUG] IsGoldWindowActive: matched via WinExist
[2026-03-13 19:38:40] [DEBUG] Family group not found — skipping F2077
[2026-03-13 19:38:41] [DEBUG] Clicked and typed at (712,135): F2078
[2026-03-13 19:38:43] [DEBUG] IsGoldWindowActive: matched via WinExist
[2026-03-13 19:38:47] [DEBUG] Family group not found — skipping F2078
[2026-03-13 19:38:48] [DEBUG] Clicked and typed at (712,135): F2079
[2026-03-13 19:38:50] [DEBUG] IsGoldWindowActive: matched via WinExist
[2026-03-13 19:38:54] [DEBUG] Family group not found — skipping F2079
[2026-03-13 19:38:55] [DEBUG] Clicked and typed at (712,135): F2080
[2026-03-13 19:38:57] [DEBUG] IsGoldWindowActive: matched via WinExist
[2026-03-13 19:39:01] [DEBUG] Family group not found — skipping F2080
[2026-03-13 19:39:02] [DEBUG] Clicked and typed at (712,135): F2081
[2026-03-13 19:39:04] [DEBUG] IsGoldWindowActive: matched via WinExist
[2026-03-13 19:39:08] [DEBUG] Family group not found — skipping F2081
[2026-03-13 19:39:09] [DEBUG] Clicked and typed at (712,135): F2082
[2026-03-13 19:39:11] [DEBUG] IsGoldWindowActive: matched via WinExist
[2026-03-13 19:39:15] [DEBUG] Family group not found — skipping F2082
[2026-03-13 19:39:16] [DEBUG] Clicked and typed at (712,135): F2083
[2026-03-13 19:39:18] [DEBUG] IsGoldWindowActive: matched via WinExist
[2026-03-13 19:39:22] [DEBUG] Family group not found — skipping F2083
[2026-03-13 19:39:23] [DEBUG] Clicked and typed at (712,135): F2084
[2026-03-13 19:39:25] [DEBUG] IsGoldWindowActive: matched via WinExist
[2026-03-13 19:39:29] [DEBUG] Family group not found — skipping F2084
[2026-03-13 19:39:30] [DEBUG] Clicked and typed at (712,135): F2085
[2026-03-13 19:39:32] [DEBUG] IsGoldWindowActive: matched via WinExist
[2026-03-13 19:39:36] [DEBUG] Family group not found — skipping F2085
[2026-03-13 19:39:37] [DEBUG] Clicked and typed at (712,135): F2086
[2026-03-13 19:39:39] [DEBUG] IsGoldWindowActive: matched via WinExist
[2026-03-13 19:39:43] [DEBUG] Family group not found — skipping F2086
[2026-03-13 19:39:44] [DEBUG] Clicked and typed at (712,135): F2087
[2026-03-13 19:39:46] [DEBUG] IsGoldWindowActive: matched via WinExist
[2026-03-13 19:39:50] [DEBUG] Family group not found — skipping F2087
[2026-03-13 19:39:51] [DEBUG] Clicked and typed at (712,135): F2088
[2026-03-13 19:39:53] [DEBUG] IsGoldWindowActive: matched via WinExist
[2026-03-13 19:39:57] [DEBUG] Family group not found — skipping F2088
[2026-03-13 19:39:58] [DEBUG] Clicked and typed at (712,135): F2089
[2026-03-13 19:40:00] [DEBUG] IsGoldWindowActive: matched via WinExist
[2026-03-13 19:40:04] [DEBUG] Family group not found — skipping F2089
[2026-03-13 19:40:05] [DEBUG] Clicked and typed at (712,135): F2090
[2026-03-13 19:40:07] [DEBUG] IsGoldWindowActive: matched via WinExist
[2026-03-13 19:40:11] [DEBUG] Family group not found — skipping F2090
[2026-03-13 19:40:12] [DEBUG] Clicked and typed at (712,135): F2091
[2026-03-13 19:40:14] [DEBUG] IsGoldWindowActive: matched via WinExist
[2026-03-13 19:40:18] [DEBUG] Family group not found — skipping F2091
[2026-03-13 19:40:18] [DEBUG] Clicked and typed at (712,135): F2092
[2026-03-13 19:40:21] [DEBUG] IsGoldWindowActive: matched via WinExist
[2026-03-13 19:40:25] [DEBUG] Family group not found — skipping F2092
[2026-03-13 19:40:25] [DEBUG] Clicked and typed at (712,135): F2093
[2026-03-13 19:40:28] [DEBUG] IsGoldWindowActive: matched via WinExist
[2026-03-13 19:40:32] [DEBUG] Family group not found — skipping F2093
[2026-03-13 19:40:32] [DEBUG] Clicked and typed at (712,135): F2094
[2026-03-13 19:40:35] [DEBUG] IsGoldWindowActive: matched via WinExist
[2026-03-13 19:40:39] [DEBUG] Family group not found — skipping F2094
[2026-03-13 19:40:39] [DEBUG] Clicked and typed at (712,135): F2095
[2026-03-13 19:40:42] [DEBUG] IsGoldWindowActive: matched via WinExist
[2026-03-13 19:40:46] [DEBUG] Family group not found — skipping F2095
[2026-03-13 19:40:46] [DEBUG] Clicked and typed at (712,135): F2096
[2026-03-13 19:40:48] [DEBUG] IsGoldWindowActive: matched via WinExist
[2026-03-13 19:40:52] [DEBUG] Family group not found — skipping F2096
[2026-03-13 19:40:53] [DEBUG] Clicked and typed at (712,135): F2097
[2026-03-13 19:40:55] [DEBUG] IsGoldWindowActive: matched via WinExist
[2026-03-13 19:40:59] [DEBUG] Family group not found — skipping F2097
[2026-03-13 19:41:00] [DEBUG] Clicked and typed at (712,135): F2098
[2026-03-13 19:41:02] [DEBUG] IsGoldWindowActive: matched via WinExist
[2026-03-13 19:41:06] [DEBUG] Family group not found — skipping F2098
[2026-03-13 19:41:07] [DEBUG] Clicked and typed at (712,135): F2099
[2026-03-13 19:41:09] [DEBUG] IsGoldWindowActive: matched via WinExist
[2026-03-13 19:41:13] [DEBUG] Family group not found — skipping F2099
[2026-03-13 19:41:14] [DEBUG] Clicked and typed at (712,135): F2100
[2026-03-13 19:41:16] [DEBUG] IsGoldWindowActive: matched via WinExist
[2026-03-13 19:41:20] [DEBUG] Family group not found — skipping F2100
[2026-03-13 19:41:21] [DEBUG] Clicked and typed at (712,135): F2101
[2026-03-13 19:41:23] [DEBUG] IsGoldWindowActive: matched via WinExist
[2026-03-13 19:41:27] [DEBUG] Family group not found — skipping F2101
[2026-03-13 19:41:28] [DEBUG] Clicked and typed at (712,135): F2102
[2026-03-13 19:41:30] [DEBUG] IsGoldWindowActive: matched via WinExist
[2026-03-13 19:41:34] [DEBUG] Family group not found — skipping F2102
[2026-03-13 19:41:35] [DEBUG] Clicked and typed at (712,135): F2103
[2026-03-13 19:41:37] [DEBUG] IsGoldWindowActive: matched via WinExist
[2026-03-13 19:41:41] [DEBUG] Family group not found — skipping F2103
[2026-03-13 19:41:42] [DEBUG] Clicked and typed at (712,135): F2104
[2026-03-13 19:41:44] [DEBUG] IsGoldWindowActive: matched via WinExist
[2026-03-13 19:41:48] [DEBUG] Family group not found — skipping F2104
[2026-03-13 19:41:49] [DEBUG] Clicked and typed at (712,135): F2105
[2026-03-13 19:41:51] [DEBUG] IsGoldWindowActive: matched via WinExist
[2026-03-13 19:41:55] [DEBUG] Family group not found — skipping F2105
[2026-03-13 19:41:56] [DEBUG] Clicked and typed at (712,135): F2106
[2026-03-13 19:41:58] [DEBUG] IsGoldWindowActive: matched via WinExist
[2026-03-13 19:42:02] [DEBUG] Family group not found — skipping F2106
[2026-03-13 19:42:03] [DEBUG] Clicked and typed at (712,135): F2107
[2026-03-13 19:42:05] [DEBUG] IsGoldWindowActive: matched via WinExist
[2026-03-13 19:42:09] [DEBUG] Family group not found — skipping F2107
[2026-03-13 19:42:10] [DEBUG] Clicked and typed at (712,135): F2108
[2026-03-13 19:42:12] [DEBUG] IsGoldWindowActive: matched via WinExist
[2026-03-13 19:42:16] [DEBUG] Family group not found — skipping F2108
[2026-03-13 19:42:16] [DEBUG] Clicked and typed at (712,135): F2109
[2026-03-13 19:42:19] [DEBUG] IsGoldWindowActive: matched via WinExist
[2026-03-13 19:42:23] [DEBUG] Family group not found — skipping F2109
[2026-03-13 19:42:23] [DEBUG] Clicked and typed at (712,135): F2110
[2026-03-13 19:42:26] [DEBUG] IsGoldWindowActive: matched via WinExist
[2026-03-13 19:42:30] [DEBUG] Family group not found — skipping F2110
[2026-03-13 19:42:30] [DEBUG] Clicked and typed at (712,135): F2111
[2026-03-13 19:42:33] [DEBUG] IsGoldWindowActive: matched via WinExist
[2026-03-13 19:42:37] [DEBUG] Family group not found — skipping F2111
[2026-03-13 19:42:37] [DEBUG] Clicked and typed at (712,135): F2112
[2026-03-13 19:42:40] [DEBUG] IsGoldWindowActive: matched via WinExist
[2026-03-13 19:42:44] [DEBUG] Family group not found — skipping F2112
[2026-03-13 19:42:44] [DEBUG] Clicked and typed at (712,135): F2133
[2026-03-13 19:42:46] [DEBUG] IsGoldWindowActive: matched via WinExist
[2026-03-13 19:42:50] [DEBUG] Family group not found — skipping F2133
[2026-03-13 19:42:51] [DEBUG] Clicked and typed at (712,135): F2134
[2026-03-13 19:42:53] [DEBUG] IsGoldWindowActive: matched via WinExist
[2026-03-13 19:42:57] [DEBUG] Family group not found — skipping F2134
[2026-03-13 19:42:58] [DEBUG] Clicked and typed at (712,135): F2135
[2026-03-13 19:43:00] [DEBUG] IsGoldWindowActive: matched via WinExist
[2026-03-13 19:43:04] [DEBUG] Family group not found — skipping F2135
[2026-03-13 19:43:05] [DEBUG] Clicked and typed at (712,135): F2136
[2026-03-13 19:43:07] [DEBUG] IsGoldWindowActive: matched via WinExist
[2026-03-13 19:43:11] [DEBUG] Family group not found — skipping F2136
[2026-03-13 19:43:12] [DEBUG] Clicked and typed at (712,135): F2144
[2026-03-13 19:43:14] [DEBUG] IsGoldWindowActive: matched via WinExist
[2026-03-13 19:43:18] [DEBUG] Family group not found — skipping F2144
[2026-03-13 19:43:19] [DEBUG] Clicked and typed at (712,135): F2145
[2026-03-13 19:43:21] [DEBUG] IsGoldWindowActive: matched via WinExist
[2026-03-13 19:43:25] [DEBUG] Family group not found — skipping F2145
[2026-03-13 19:43:26] [DEBUG] Clicked and typed at (712,135): F2148
[2026-03-13 19:43:28] [DEBUG] IsGoldWindowActive: matched via WinExist
[2026-03-13 19:43:32] [DEBUG] Family group not found — skipping F2148
[2026-03-13 19:43:33] [DEBUG] Clicked and typed at (712,135): F2149
[2026-03-13 19:43:35] [DEBUG] IsGoldWindowActive: matched via WinExist
[2026-03-13 19:43:39] [DEBUG] Family group not found — skipping F2149
[2026-03-13 19:43:40] [DEBUG] Clicked and typed at (712,135): F2150
[2026-03-13 19:43:42] [DEBUG] IsGoldWindowActive: matched via WinExist
[2026-03-13 19:43:46] [DEBUG] Family group not found — skipping F2150
[2026-03-13 19:43:47] [DEBUG] Clicked and typed at (712,135): F2151
[2026-03-13 19:43:49] [DEBUG] IsGoldWindowActive: matched via WinExist
[2026-03-13 19:43:53] [DEBUG] Family group not found — skipping F2151
[2026-03-13 19:43:54] [DEBUG] Clicked and typed at (712,135): F2152
[2026-03-13 19:43:56] [DEBUG] IsGoldWindowActive: matched via WinExist
[2026-03-13 19:44:00] [DEBUG] Family group not found — skipping F2152
[2026-03-13 19:44:01] [DEBUG] Clicked and typed at (712,135): F2153
[2026-03-13 19:44:03] [DEBUG] IsGoldWindowActive: matched via WinExist
[2026-03-13 19:44:07] [DEBUG] Family group not found — skipping F2153
[2026-03-13 19:44:08] [DEBUG] Clicked and typed at (712,135): F5343
[2026-03-13 19:44:10] [DEBUG] IsGoldWindowActive: matched via WinExist
[2026-03-13 19:44:14] [DEBUG] Family group not found — skipping F5343
[2026-03-13 19:44:15] [DEBUG] Clicked and typed at (712,135): F5344
[2026-03-13 19:44:17] [DEBUG] IsGoldWindowActive: matched via WinExist
[2026-03-13 19:44:21] [DEBUG] Family group not found — skipping F5344
[2026-03-13 19:44:22] [DEBUG] Clicked and typed at (712,135): F5345
[2026-03-13 19:44:24] [DEBUG] IsGoldWindowActive: matched via WinExist
[2026-03-13 19:44:28] [DEBUG] Family group not found — skipping F5345
[2026-03-13 19:44:28] [DEBUG] Clicked and typed at (712,135): F2154
[2026-03-13 19:44:31] [DEBUG] IsGoldWindowActive: matched via WinExist
[2026-03-13 19:44:35] [DEBUG] Family group not found — skipping F2154
[2026-03-13 19:44:35] [DEBUG] Clicked and typed at (712,135): F2155
[2026-03-13 19:44:38] [DEBUG] IsGoldWindowActive: matched via WinExist
[2026-03-13 19:44:42] [DEBUG] Family group not found — skipping F2155
[2026-03-13 19:44:42] [DEBUG] Clicked and typed at (712,135): F2156
[2026-03-13 19:44:45] [DEBUG] IsGoldWindowActive: matched via WinExist
[2026-03-13 19:44:49] [DEBUG] Family group not found — skipping F2156
[2026-03-13 19:44:49] [DEBUG] Clicked and typed at (712,135): F2157
[2026-03-13 19:44:52] [DEBUG] IsGoldWindowActive: matched via WinExist
[2026-03-13 19:44:56] [DEBUG] Family group not found — skipping F2157
[2026-03-13 19:44:56] [DEBUG] Clicked and typed at (712,135): F2158
[2026-03-13 19:44:58] [DEBUG] IsGoldWindowActive: matched via WinExist
[2026-03-13 19:45:03] [DEBUG] Family group not found — skipping F2158
[2026-03-13 19:45:03] [DEBUG] Clicked and typed at (712,135): F2159
[2026-03-13 19:45:05] [DEBUG] IsGoldWindowActive: matched via WinExist
[2026-03-13 19:45:09] [DEBUG] Family group not found — skipping F2159
[2026-03-13 19:45:10] [DEBUG] Clicked and typed at (712,135): F2160
[2026-03-13 19:45:12] [DEBUG] IsGoldWindowActive: matched via WinExist
[2026-03-13 19:45:16] [DEBUG] Family group not found — skipping F2160
[2026-03-13 19:45:17] [DEBUG] Clicked and typed at (712,135): F2161
[2026-03-13 19:45:19] [DEBUG] IsGoldWindowActive: matched via WinExist
[2026-03-13 19:45:23] [DEBUG] Family group not found — skipping F2161
[2026-03-13 19:45:24] [DEBUG] Clicked and typed at (712,135): F2162
[2026-03-13 19:45:26] [DEBUG] IsGoldWindowActive: matched via WinExist
[2026-03-13 19:45:30] [DEBUG] Family group not found — skipping F2162
[2026-03-13 19:45:31] [DEBUG] Clicked and typed at (712,135): F2163
[2026-03-13 19:45:33] [DEBUG] IsGoldWindowActive: matched via WinExist
[2026-03-13 19:45:37] [DEBUG] Family group not found — skipping F2163
[2026-03-13 19:45:38] [DEBUG] Clicked and typed at (712,135): F2164
[2026-03-13 19:45:40] [DEBUG] IsGoldWindowActive: matched via WinExist
[2026-03-13 19:45:44] [DEBUG] Family group not found — skipping F2164
[2026-03-13 19:45:45] [DEBUG] Clicked and typed at (712,135): F2165
[2026-03-13 19:45:47] [DEBUG] IsGoldWindowActive: matched via WinExist
[2026-03-13 19:45:51] [DEBUG] Family group not found — skipping F2165
[2026-03-13 19:45:52] [DEBUG] Clicked and typed at (712,135): F5346
[2026-03-13 19:45:54] [DEBUG] IsGoldWindowActive: matched via WinExist
[2026-03-13 19:45:58] [DEBUG] Family group not found — skipping F5346
[2026-03-13 19:45:59] [DEBUG] Clicked and typed at (712,135): F2166
[2026-03-13 19:46:01] [DEBUG] IsGoldWindowActive: matched via WinExist
[2026-03-13 19:46:05] [DEBUG] Family group not found — skipping F2166
[2026-03-13 19:46:06] [DEBUG] Clicked and typed at (712,135): F2167
[2026-03-13 19:46:08] [DEBUG] IsGoldWindowActive: matched via WinExist
[2026-03-13 19:46:12] [DEBUG] Family group not found — skipping F2167
[2026-03-13 19:46:13] [DEBUG] Clicked and typed at (712,135): F2168
[2026-03-13 19:46:15] [DEBUG] IsGoldWindowActive: matched via WinExist
[2026-03-13 19:46:19] [DEBUG] Family group not found — skipping F2168
[2026-03-13 19:46:20] [DEBUG] Clicked and typed at (712,135): F2169
[2026-03-13 19:46:22] [DEBUG] IsGoldWindowActive: matched via WinExist
[2026-03-13 19:46:26] [DEBUG] Family group not found — skipping F2169
[2026-03-13 19:46:27] [DEBUG] Clicked and typed at (712,135): F2170
[2026-03-13 19:46:29] [DEBUG] IsGoldWindowActive: matched via WinExist
[2026-03-13 19:46:33] [DEBUG] Family group not found — skipping F2170
[2026-03-13 19:46:34] [DEBUG] Clicked and typed at (712,135): F2171
[2026-03-13 19:46:36] [DEBUG] IsGoldWindowActive: matched via WinExist
[2026-03-13 19:46:40] [DEBUG] Family group not found — skipping F2171
[2026-03-13 19:46:40] [DEBUG] Clicked and typed at (712,135): F2172
[2026-03-13 19:46:43] [DEBUG] IsGoldWindowActive: matched via WinExist
[2026-03-13 19:46:47] [DEBUG] Family group not found — skipping F2172
[2026-03-13 19:46:47] [DEBUG] Clicked and typed at (712,135): F2173
[2026-03-13 19:46:50] [DEBUG] IsGoldWindowActive: matched via WinExist
[2026-03-13 19:46:54] [DEBUG] Family group not found — skipping F2173
[2026-03-13 19:46:54] [DEBUG] Clicked and typed at (712,135): F5347
[2026-03-13 19:46:57] [DEBUG] IsGoldWindowActive: matched via WinExist
[2026-03-13 19:47:01] [DEBUG] Family group not found — skipping F5347
[2026-03-13 19:47:01] [DEBUG] Clicked and typed at (712,135): F2174
[2026-03-13 19:47:04] [DEBUG] IsGoldWindowActive: matched via WinExist
[2026-03-13 19:47:08] [DEBUG] Family group not found — skipping F2174
[2026-03-13 19:47:08] [DEBUG] Clicked and typed at (712,135): F2175
[2026-03-13 19:47:10] [DEBUG] IsGoldWindowActive: matched via WinExist
[2026-03-13 19:47:14] [DEBUG] Family group not found — skipping F2175
[2026-03-13 19:47:15] [DEBUG] Clicked and typed at (712,135): F2176
[2026-03-13 19:47:17] [DEBUG] IsGoldWindowActive: matched via WinExist
[2026-03-13 19:47:21] [DEBUG] Family group not found — skipping F2176
[2026-03-13 19:47:22] [DEBUG] Clicked and typed at (712,135): F2177
[2026-03-13 19:47:24] [DEBUG] IsGoldWindowActive: matched via WinExist
[2026-03-13 19:47:28] [DEBUG] Family group not found — skipping F2177
[2026-03-13 19:47:29] [DEBUG] Clicked and typed at (712,135): F2178
[2026-03-13 19:47:31] [DEBUG] IsGoldWindowActive: matched via WinExist
[2026-03-13 19:47:35] [DEBUG] Family group not found — skipping F2178
[2026-03-13 19:47:36] [DEBUG] Clicked and typed at (712,135): F2179
[2026-03-13 19:47:38] [DEBUG] IsGoldWindowActive: matched via WinExist
[2026-03-13 19:47:42] [DEBUG] Family group not found — skipping F2179
[2026-03-13 19:47:43] [DEBUG] Clicked and typed at (712,135): F2180
[2026-03-13 19:47:45] [DEBUG] IsGoldWindowActive: matched via WinExist
[2026-03-13 19:47:49] [DEBUG] Family group not found — skipping F2180
[2026-03-13 19:47:50] [DEBUG] Clicked and typed at (712,135): F2181
[2026-03-13 19:47:52] [DEBUG] IsGoldWindowActive: matched via WinExist
[2026-03-13 19:47:56] [DEBUG] Family group not found — skipping F2181
[2026-03-13 19:47:57] [DEBUG] Clicked and typed at (712,135): F2182
[2026-03-13 19:47:59] [DEBUG] IsGoldWindowActive: matched via WinExist
[2026-03-13 19:48:03] [DEBUG] Family group not found — skipping F2182
[2026-03-13 19:48:04] [DEBUG] Clicked and typed at (712,135): F2183
[2026-03-13 19:48:06] [DEBUG] IsGoldWindowActive: matched via WinExist
[2026-03-13 19:48:10] [DEBUG] Family group not found — skipping F2183
[2026-03-13 19:48:11] [DEBUG] Clicked and typed at (712,135): F2184
[2026-03-13 19:48:13] [DEBUG] IsGoldWindowActive: matched via WinExist
[2026-03-13 19:48:17] [DEBUG] Family group not found — skipping F2184
[2026-03-13 19:48:18] [DEBUG] Clicked and typed at (712,135): F2185
[2026-03-13 19:48:20] [DEBUG] IsGoldWindowActive: matched via WinExist
[2026-03-13 19:48:24] [DEBUG] Family group not found — skipping F2185
[2026-03-13 19:48:25] [DEBUG] Clicked and typed at (712,135): F2186
[2026-03-13 19:48:27] [DEBUG] IsGoldWindowActive: matched via WinExist
[2026-03-13 19:48:31] [DEBUG] Family group not found — skipping F2186
[2026-03-13 19:48:32] [DEBUG] Clicked and typed at (712,135): F2187
[2026-03-13 19:48:34] [DEBUG] IsGoldWindowActive: matched via WinExist
[2026-03-13 19:48:38] [DEBUG] Family group not found — skipping F2187
[2026-03-13 19:48:39] [DEBUG] Clicked and typed at (712,135): F2188
[2026-03-13 19:48:41] [DEBUG] IsGoldWindowActive: matched via WinExist
[2026-03-13 19:48:45] [DEBUG] Family group not found — skipping F2188
[2026-03-13 19:48:46] [DEBUG] Clicked and typed at (712,135): F2189
[2026-03-13 19:48:48] [DEBUG] IsGoldWindowActive: matched via WinExist
[2026-03-13 19:48:52] [DEBUG] Family group not found — skipping F2189
[2026-03-13 19:48:52] [DEBUG] Clicked and typed at (712,135): F2190
[2026-03-13 19:48:55] [DEBUG] IsGoldWindowActive: matched via WinExist
[2026-03-13 19:48:59] [DEBUG] Family group not found — skipping F2190
[2026-03-13 19:48:59] [DEBUG] Clicked and typed at (712,135): F2191
[2026-03-13 19:49:02] [DEBUG] IsGoldWindowActive: matched via WinExist
[2026-03-13 19:49:06] [DEBUG] Family group not found — skipping F2191
[2026-03-13 19:49:06] [DEBUG] Clicked and typed at (712,135): F2192
[2026-03-13 19:49:09] [DEBUG] IsGoldWindowActive: matched via WinExist
[2026-03-13 19:49:13] [DEBUG] Family group not found — skipping F2192
[2026-03-13 19:49:13] [DEBUG] Clicked and typed at (712,135): F2193
[2026-03-13 19:49:16] [DEBUG] IsGoldWindowActive: matched via WinExist
[2026-03-13 19:49:20] [DEBUG] Family group not found — skipping F2193
[2026-03-13 19:49:20] [DEBUG] Clicked and typed at (712,135): F2194
[2026-03-13 19:49:22] [DEBUG] IsGoldWindowActive: matched via WinExist
[2026-03-13 19:49:26] [DEBUG] Family group not found — skipping F2194
[2026-03-13 19:49:27] [DEBUG] Clicked and typed at (712,135): F2195
[2026-03-13 19:49:29] [DEBUG] IsGoldWindowActive: matched via WinExist
[2026-03-13 19:49:33] [DEBUG] Family group not found — skipping F2195
[2026-03-13 19:49:34] [DEBUG] Clicked and typed at (712,135): F2196
[2026-03-13 19:49:36] [DEBUG] IsGoldWindowActive: matched via WinExist
[2026-03-13 19:49:40] [DEBUG] Family group not found — skipping F2196
[2026-03-13 19:49:41] [DEBUG] Clicked and typed at (712,135): F2197
[2026-03-13 19:49:43] [DEBUG] IsGoldWindowActive: matched via WinExist
[2026-03-13 19:49:47] [DEBUG] Family group not found — skipping F2197
[2026-03-13 19:49:48] [DEBUG] Clicked and typed at (712,135): F2198
[2026-03-13 19:49:50] [DEBUG] IsGoldWindowActive: matched via WinExist
[2026-03-13 19:49:54] [DEBUG] Family group not found — skipping F2198
[2026-03-13 19:49:55] [DEBUG] Clicked and typed at (712,135): F2199
[2026-03-13 19:49:57] [DEBUG] IsGoldWindowActive: matched via WinExist
[2026-03-13 19:50:01] [DEBUG] Family group not found — skipping F2199
[2026-03-13 19:50:02] [DEBUG] Clicked and typed at (712,135): F2200
[2026-03-13 19:50:04] [DEBUG] IsGoldWindowActive: matched via WinExist
[2026-03-13 19:50:08] [DEBUG] Family group not found — skipping F2200
[2026-03-13 19:50:09] [DEBUG] Clicked and typed at (712,135): F2201
[2026-03-13 19:50:11] [DEBUG] IsGoldWindowActive: matched via WinExist
[2026-03-13 19:50:15] [DEBUG] Family group not found — skipping F2201
[2026-03-13 19:50:16] [DEBUG] Clicked and typed at (712,135): F2202
[2026-03-13 19:50:18] [DEBUG] IsGoldWindowActive: matched via WinExist
[2026-03-13 19:50:22] [DEBUG] Family group not found — skipping F2202
[2026-03-13 19:50:23] [DEBUG] Clicked and typed at (712,135): F2203
[2026-03-13 19:50:25] [DEBUG] IsGoldWindowActive: matched via WinExist
[2026-03-13 19:50:29] [DEBUG] Family group not found — skipping F2203
[2026-03-13 19:50:30] [DEBUG] Clicked and typed at (712,135): F2204
[2026-03-13 19:50:32] [DEBUG] IsGoldWindowActive: matched via WinExist
[2026-03-13 19:50:36] [DEBUG] Family group not found — skipping F2204
[2026-03-13 19:50:37] [DEBUG] Clicked and typed at (712,135): F2205
[2026-03-13 19:50:39] [DEBUG] IsGoldWindowActive: matched via WinExist
[2026-03-13 19:50:43] [DEBUG] Family group not found — skipping F2205
[2026-03-13 19:50:44] [DEBUG] Clicked and typed at (712,135): F2206
[2026-03-13 19:50:46] [DEBUG] IsGoldWindowActive: matched via WinExist
[2026-03-13 19:50:50] [DEBUG] Family group not found — skipping F2206
[2026-03-13 19:50:51] [DEBUG] Clicked and typed at (712,135): F2207
[2026-03-13 19:50:53] [DEBUG] IsGoldWindowActive: matched via WinExist
[2026-03-13 19:50:57] [DEBUG] Family group not found — skipping F2207
[2026-03-13 19:50:58] [DEBUG] Clicked and typed at (712,135): F2208
[2026-03-13 19:51:00] [DEBUG] IsGoldWindowActive: matched via WinExist
[2026-03-13 19:51:04] [DEBUG] Family group not found — skipping F2208
[2026-03-13 19:51:05] [DEBUG] Clicked and typed at (712,135): F5270
[2026-03-13 19:51:07] [DEBUG] IsGoldWindowActive: matched via WinExist
[2026-03-13 19:51:11] [DEBUG] Family group not found — skipping F5270
[2026-03-13 19:51:12] [DEBUG] Clicked and typed at (712,135): F3579
[2026-03-13 19:51:14] [DEBUG] IsGoldWindowActive: matched via WinExist
[2026-03-13 19:51:18] [DEBUG] Family group not found — skipping F3579
[2026-03-13 19:51:18] [DEBUG] Clicked and typed at (712,135): F3580
[2026-03-13 19:51:21] [DEBUG] IsGoldWindowActive: matched via WinExist
[2026-03-13 19:51:25] [DEBUG] Family group not found — skipping F3580
[2026-03-13 19:51:25] [DEBUG] Clicked and typed at (712,135): F3581
[2026-03-13 19:51:28] [DEBUG] IsGoldWindowActive: matched via WinExist
[2026-03-13 19:51:32] [DEBUG] Family group not found — skipping F3581
[2026-03-13 19:51:32] [DEBUG] Clicked and typed at (712,135): F3582
[2026-03-13 19:51:35] [DEBUG] IsGoldWindowActive: matched via WinExist
[2026-03-13 19:51:39] [DEBUG] Family group not found — skipping F3582
[2026-03-13 19:51:39] [DEBUG] Clicked and typed at (712,135): F3583
[2026-03-13 19:51:42] [DEBUG] IsGoldWindowActive: matched via WinExist
[2026-03-13 19:51:46] [DEBUG] Family group not found — skipping F3583
[2026-03-13 19:51:46] [DEBUG] Clicked and typed at (712,135): F3584
[2026-03-13 19:51:48] [DEBUG] IsGoldWindowActive: matched via WinExist
[2026-03-13 19:51:52] [DEBUG] Family group not found — skipping F3584
[2026-03-13 19:51:53] [DEBUG] Clicked and typed at (712,135): F3585
[2026-03-13 19:51:55] [DEBUG] IsGoldWindowActive: matched via WinExist
[2026-03-13 19:51:59] [DEBUG] Family group not found — skipping F3585
[2026-03-13 19:52:00] [DEBUG] Clicked and typed at (712,135): F3586
[2026-03-13 19:52:02] [DEBUG] IsGoldWindowActive: matched via WinExist
[2026-03-13 19:52:06] [DEBUG] Family group not found — skipping F3586
[2026-03-13 19:52:07] [DEBUG] Clicked and typed at (712,135): F3587
[2026-03-13 19:52:09] [DEBUG] IsGoldWindowActive: matched via WinExist
[2026-03-13 19:52:13] [DEBUG] Family group not found — skipping F3587
[2026-03-13 19:52:14] [DEBUG] Clicked and typed at (712,135): F3588
[2026-03-13 19:52:16] [DEBUG] IsGoldWindowActive: matched via WinExist
[2026-03-13 19:52:20] [DEBUG] Family group not found — skipping F3588
[2026-03-13 19:52:21] [DEBUG] Clicked and typed at (712,135): F3589
[2026-03-13 19:52:23] [DEBUG] IsGoldWindowActive: matched via WinExist
[2026-03-13 19:52:27] [DEBUG] Family group not found — skipping F3589
[2026-03-13 19:52:28] [DEBUG] Clicked and typed at (712,135): F3590
[2026-03-13 19:52:30] [DEBUG] IsGoldWindowActive: matched via WinExist
[2026-03-13 19:52:34] [DEBUG] Family group not found — skipping F3590
[2026-03-13 19:52:35] [DEBUG] Clicked and typed at (712,135): F3591
[2026-03-13 19:52:37] [DEBUG] IsGoldWindowActive: matched via WinExist
[2026-03-13 19:52:41] [DEBUG] Family group not found — skipping F3591
[2026-03-13 19:52:42] [DEBUG] Clicked and typed at (712,135): F3592
[2026-03-13 19:52:44] [DEBUG] IsGoldWindowActive: matched via WinExist
[2026-03-13 19:52:48] [DEBUG] Family group not found — skipping F3592
[2026-03-13 19:52:49] [DEBUG] Clicked and typed at (712,135): F3593
[2026-03-13 19:52:51] [DEBUG] IsGoldWindowActive: matched via WinExist
[2026-03-13 19:52:55] [DEBUG] Family group not found — skipping F3593
[2026-03-13 19:52:56] [DEBUG] Clicked and typed at (712,135): F3594
[2026-03-13 19:52:58] [DEBUG] IsGoldWindowActive: matched via WinExist
[2026-03-13 19:53:02] [DEBUG] Family group not found — skipping F3594
[2026-03-13 19:53:03] [DEBUG] Clicked and typed at (712,135): F3595
[2026-03-13 19:53:05] [DEBUG] IsGoldWindowActive: matched via WinExist
[2026-03-13 19:53:09] [DEBUG] Family group not found — skipping F3595
[2026-03-13 19:53:10] [DEBUG] Clicked and typed at (712,135): F3596
[2026-03-13 19:53:12] [DEBUG] IsGoldWindowActive: matched via WinExist
[2026-03-13 19:53:16] [DEBUG] Family group not found — skipping F3596
[2026-03-13 19:53:17] [DEBUG] Clicked and typed at (712,135): F3597
[2026-03-13 19:53:19] [DEBUG] IsGoldWindowActive: matched via WinExist
[2026-03-13 19:53:23] [DEBUG] Family group not found — skipping F3597
[2026-03-13 19:53:23] [DEBUG] Clicked and typed at (712,135): F3598
[2026-03-13 19:53:26] [DEBUG] IsGoldWindowActive: matched via WinExist
[2026-03-13 19:53:30] [DEBUG] Family group not found — skipping F3598
[2026-03-13 19:53:30] [DEBUG] Clicked and typed at (712,135): F3599
[2026-03-13 19:53:33] [DEBUG] IsGoldWindowActive: matched via WinExist
[2026-03-13 19:53:37] [DEBUG] Family group not found — skipping F3599
[2026-03-13 19:53:37] [DEBUG] Clicked and typed at (712,135): F3600
[2026-03-13 19:53:40] [DEBUG] IsGoldWindowActive: matched via WinExist
[2026-03-13 19:53:44] [DEBUG] Family group not found — skipping F3600
[2026-03-13 19:53:44] [DEBUG] Clicked and typed at (712,135): F3601
[2026-03-13 19:53:47] [DEBUG] IsGoldWindowActive: matched via WinExist
[2026-03-13 19:53:50] [DEBUG] Family group not found — skipping F3601
[2026-03-13 19:53:51] [DEBUG] Clicked and typed at (712,135): F3602
[2026-03-13 19:53:53] [DEBUG] IsGoldWindowActive: matched via WinExist
[2026-03-13 19:53:57] [DEBUG] Family group not found — skipping F3602
[2026-03-13 19:53:58] [DEBUG] Clicked and typed at (712,135): F3603
[2026-03-13 19:54:00] [DEBUG] IsGoldWindowActive: matched via WinExist
[2026-03-13 19:54:04] [DEBUG] Family group not found — skipping F3603
[2026-03-13 19:54:05] [DEBUG] Clicked and typed at (712,135): F3604
[2026-03-13 19:54:07] [DEBUG] IsGoldWindowActive: matched via WinExist
[2026-03-13 19:54:11] [DEBUG] Family group not found — skipping F3604
[2026-03-13 19:54:12] [DEBUG] Clicked and typed at (712,135): F3605
[2026-03-13 19:54:14] [DEBUG] IsGoldWindowActive: matched via WinExist
[2026-03-13 19:54:18] [DEBUG] Family group not found — skipping F3605
[2026-03-13 19:54:19] [DEBUG] Clicked and typed at (712,135): F3606
[2026-03-13 19:54:21] [DEBUG] IsGoldWindowActive: matched via WinExist
[2026-03-13 19:54:25] [DEBUG] Family group not found — skipping F3606
[2026-03-13 19:54:26] [DEBUG] Clicked and typed at (712,135): F3607
[2026-03-13 19:54:28] [DEBUG] IsGoldWindowActive: matched via WinExist
[2026-03-13 19:54:32] [DEBUG] Family group not found — skipping F3607
[2026-03-13 19:54:33] [DEBUG] Clicked and typed at (712,135): F3608
[2026-03-13 19:54:35] [DEBUG] IsGoldWindowActive: matched via WinExist
[2026-03-13 19:54:39] [DEBUG] Family group not found — skipping F3608
[2026-03-13 19:54:40] [DEBUG] Clicked and typed at (712,135): F1000010
[2026-03-13 19:54:42] [DEBUG] IsGoldWindowActive: matched via WinExist
[2026-03-13 19:54:46] [DEBUG] Family group not found — skipping F1000010
[2026-03-13 19:54:47] [DEBUG] Clicked and typed at (712,135): F4115
[2026-03-13 19:54:49] [DEBUG] IsGoldWindowActive: matched via WinExist
[2026-03-13 19:54:53] [DEBUG] Family group not found — skipping F4115
[2026-03-13 19:54:54] [DEBUG] Clicked and typed at (712,135): F4117
[2026-03-13 19:54:56] [DEBUG] IsGoldWindowActive: matched via WinExist
[2026-03-13 19:55:00] [DEBUG] Family group not found — skipping F4117
[2026-03-13 19:55:01] [DEBUG] Clicked and typed at (712,135): F4120
[2026-03-13 19:55:03] [DEBUG] IsGoldWindowActive: matched via WinExist
[2026-03-13 19:55:07] [DEBUG] Family group not found — skipping F4120
[2026-03-13 19:55:08] [DEBUG] Clicked and typed at (712,135): F5249
[2026-03-13 19:55:10] [DEBUG] IsGoldWindowActive: matched via WinExist
[2026-03-13 19:55:14] [DEBUG] Family group not found — skipping F5249
[2026-03-13 19:55:15] [DEBUG] Clicked and typed at (712,135): F5054
[2026-03-13 19:55:17] [DEBUG] IsGoldWindowActive: matched via WinExist
[2026-03-13 19:55:21] [DEBUG] Family group not found — skipping F5054
[2026-03-13 19:55:22] [DEBUG] Clicked and typed at (712,135): F5055
[2026-03-13 19:55:24] [DEBUG] IsGoldWindowActive: matched via WinExist
[2026-03-13 19:55:28] [DEBUG] Family group not found — skipping F5055
[2026-03-13 19:55:29] [DEBUG] Clicked and typed at (712,135): F5250
[2026-03-13 19:55:31] [DEBUG] IsGoldWindowActive: matched via WinExist
[2026-03-13 19:55:35] [DEBUG] Family group not found — skipping F5250
[2026-03-13 19:55:35] [DEBUG] Clicked and typed at (712,135): F5057
[2026-03-13 19:55:38] [DEBUG] IsGoldWindowActive: matched via WinExist
[2026-03-13 19:55:42] [DEBUG] Family group not found — skipping F5057
[2026-03-13 19:55:42] [DEBUG] Clicked and typed at (712,135): F5060
[2026-03-13 19:55:45] [DEBUG] IsGoldWindowActive: matched via WinExist
[2026-03-13 19:55:49] [DEBUG] Family group not found — skipping F5060
[2026-03-13 19:55:49] [DEBUG] Clicked and typed at (712,135): F5062
[2026-03-13 19:55:52] [DEBUG] IsGoldWindowActive: matched via WinExist
[2026-03-13 19:55:56] [DEBUG] Family group not found — skipping F5062
[2026-03-13 19:55:56] [DEBUG] Clicked and typed at (712,135): F5064
[2026-03-13 19:55:59] [DEBUG] IsGoldWindowActive: matched via WinExist
[2026-03-13 19:56:03] [DEBUG] Family group not found — skipping F5064
[2026-03-13 19:56:03] [DEBUG] Clicked and typed at (712,135): F5065
[2026-03-13 19:56:05] [DEBUG] IsGoldWindowActive: matched via WinExist
[2026-03-13 19:56:09] [DEBUG] Family group not found — skipping F5065
[2026-03-13 19:56:10] [DEBUG] Clicked and typed at (712,135): F5066
[2026-03-13 19:56:12] [DEBUG] IsGoldWindowActive: matched via WinExist
[2026-03-13 19:56:16] [DEBUG] Family group not found — skipping F5066
[2026-03-13 19:56:17] [DEBUG] Clicked and typed at (712,135): F5067
[2026-03-13 19:56:19] [DEBUG] IsGoldWindowActive: matched via WinExist
[2026-03-13 19:56:23] [DEBUG] Family group not found — skipping F5067
[2026-03-13 19:56:24] [DEBUG] Clicked and typed at (712,135): F5068
[2026-03-13 19:56:26] [DEBUG] IsGoldWindowActive: matched via WinExist
[2026-03-13 19:56:30] [DEBUG] Family group not found — skipping F5068
[2026-03-13 19:56:31] [DEBUG] Clicked and typed at (712,135): F4121
[2026-03-13 19:56:33] [DEBUG] IsGoldWindowActive: matched via WinExist
[2026-03-13 19:56:37] [DEBUG] Family group not found — skipping F4121
[2026-03-13 19:56:38] [DEBUG] Clicked and typed at (712,135): F4122
[2026-03-13 19:56:40] [DEBUG] IsGoldWindowActive: matched via WinExist
[2026-03-13 19:56:44] [DEBUG] Family group not found — skipping F4122
[2026-03-13 19:56:45] [DEBUG] Clicked and typed at (712,135): F4123
[2026-03-13 19:56:47] [DEBUG] IsGoldWindowActive: matched via WinExist
[2026-03-13 19:56:51] [DEBUG] Family group not found — skipping F4123
[2026-03-13 19:56:52] [DEBUG] Clicked and typed at (712,135): F4124
[2026-03-13 19:56:54] [DEBUG] IsGoldWindowActive: matched via WinExist
[2026-03-13 19:56:58] [DEBUG] Family group not found — skipping F4124
[2026-03-13 19:56:59] [DEBUG] Clicked and typed at (712,135): F4125
[2026-03-13 19:57:01] [DEBUG] IsGoldWindowActive: matched via WinExist
[2026-03-13 19:57:05] [DEBUG] Family group not found — skipping F4125
[2026-03-13 19:57:06] [DEBUG] Clicked and typed at (712,135): F4126
[2026-03-13 19:57:08] [DEBUG] IsGoldWindowActive: matched via WinExist
[2026-03-13 19:57:12] [DEBUG] Family group not found — skipping F4126
[2026-03-13 19:57:13] [DEBUG] Clicked and typed at (712,135): F4127
[2026-03-13 19:57:15] [DEBUG] IsGoldWindowActive: matched via WinExist
[2026-03-13 19:57:19] [DEBUG] Family group not found — skipping F4127
[2026-03-13 19:57:20] [DEBUG] Clicked and typed at (712,135): F5069
[2026-03-13 19:57:22] [DEBUG] IsGoldWindowActive: matched via WinExist
[2026-03-13 19:57:26] [DEBUG] Family group not found — skipping F5069
[2026-03-13 19:57:27] [DEBUG] Clicked and typed at (712,135): F5070
[2026-03-13 19:57:29] [DEBUG] IsGoldWindowActive: matched via WinExist
[2026-03-13 19:57:33] [DEBUG] Family group not found — skipping F5070
[2026-03-13 19:57:34] [DEBUG] Clicked and typed at (712,135): F5071
[2026-03-13 19:57:36] [DEBUG] IsGoldWindowActive: matched via WinExist
[2026-03-13 19:57:40] [DEBUG] Family group not found — skipping F5071
[2026-03-13 19:57:40] [DEBUG] Clicked and typed at (712,135): F5072
[2026-03-13 19:57:43] [DEBUG] IsGoldWindowActive: matched via WinExist
[2026-03-13 19:57:47] [DEBUG] Family group not found — skipping F5072
[2026-03-13 19:57:47] [DEBUG] Clicked and typed at (712,135): F5073
[2026-03-13 19:57:50] [DEBUG] IsGoldWindowActive: matched via WinExist
[2026-03-13 19:57:54] [DEBUG] Family group not found — skipping F5073
[2026-03-13 19:57:54] [DEBUG] Clicked and typed at (712,135): F5074
[2026-03-13 19:57:57] [DEBUG] IsGoldWindowActive: matched via WinExist
[2026-03-13 19:58:01] [DEBUG] Family group not found — skipping F5074
[2026-03-13 19:58:01] [DEBUG] Clicked and typed at (712,135): F5075
[2026-03-13 19:58:04] [DEBUG] IsGoldWindowActive: matched via WinExist
[2026-03-13 19:58:08] [DEBUG] Family group not found — skipping F5075
[2026-03-13 19:58:08] [DEBUG] Clicked and typed at (712,135): F5076
[2026-03-13 19:58:10] [DEBUG] IsGoldWindowActive: matched via WinExist
[2026-03-13 19:58:14] [DEBUG] Family group not found — skipping F5076
[2026-03-13 19:58:15] [DEBUG] Clicked and typed at (712,135): F5077
[2026-03-13 19:58:17] [DEBUG] IsGoldWindowActive: matched via WinExist
[2026-03-13 19:58:21] [DEBUG] Family group not found — skipping F5077
[2026-03-13 19:58:22] [DEBUG] Clicked and typed at (712,135): F5078
[2026-03-13 19:58:24] [DEBUG] IsGoldWindowActive: matched via WinExist
[2026-03-13 19:58:28] [DEBUG] Family group not found — skipping F5078
[2026-03-13 19:58:29] [DEBUG] Clicked and typed at (712,135): F5079
[2026-03-13 19:58:31] [DEBUG] IsGoldWindowActive: matched via WinExist
[2026-03-13 19:58:35] [DEBUG] Family group not found — skipping F5079
[2026-03-13 19:58:36] [DEBUG] Clicked and typed at (712,135): F5080
[2026-03-13 19:58:38] [DEBUG] IsGoldWindowActive: matched via WinExist
[2026-03-13 19:58:42] [DEBUG] Family group not found — skipping F5080
[2026-03-13 19:58:43] [DEBUG] Clicked and typed at (712,135): F5081
[2026-03-13 19:58:45] [DEBUG] IsGoldWindowActive: matched via WinExist
[2026-03-13 19:58:49] [DEBUG] Family group not found — skipping F5081
[2026-03-13 19:58:50] [DEBUG] Clicked and typed at (712,135): F5082
[2026-03-13 19:58:52] [DEBUG] IsGoldWindowActive: matched via WinExist
[2026-03-13 19:58:56] [DEBUG] Family group not found — skipping F5082
[2026-03-13 19:58:57] [DEBUG] Clicked and typed at (712,135): F5083
[2026-03-13 19:58:59] [DEBUG] IsGoldWindowActive: matched via WinExist
[2026-03-13 19:59:03] [DEBUG] Family group not found — skipping F5083
[2026-03-13 19:59:04] [DEBUG] Clicked and typed at (712,135): F5084
[2026-03-13 19:59:06] [DEBUG] IsGoldWindowActive: matched via WinExist
[2026-03-13 19:59:10] [DEBUG] Family group not found — skipping F5084
[2026-03-13 19:59:11] [DEBUG] Clicked and typed at (712,135): F4131
[2026-03-13 19:59:13] [DEBUG] IsGoldWindowActive: matched via WinExist
[2026-03-13 19:59:17] [DEBUG] Family group not found — skipping F4131
[2026-03-13 19:59:18] [DEBUG] Clicked and typed at (712,135): F4132
[2026-03-13 19:59:20] [DEBUG] IsGoldWindowActive: matched via WinExist
[2026-03-13 19:59:24] [DEBUG] Family group not found — skipping F4132
[2026-03-13 19:59:25] [DEBUG] Clicked and typed at (712,135): F4133
[2026-03-13 19:59:27] [DEBUG] IsGoldWindowActive: matched via WinExist
[2026-03-13 19:59:31] [DEBUG] Family group not found — skipping F4133
[2026-03-13 19:59:32] [DEBUG] Clicked and typed at (712,135): F4139
[2026-03-13 19:59:34] [DEBUG] IsGoldWindowActive: matched via WinExist
[2026-03-13 19:59:38] [DEBUG] Family group not found — skipping F4139
[2026-03-13 19:59:39] [DEBUG] Clicked and typed at (712,135): F4140
[2026-03-13 19:59:41] [DEBUG] IsGoldWindowActive: matched via WinExist
[2026-03-13 19:59:45] [DEBUG] Family group not found — skipping F4140
[2026-03-13 19:59:46] [DEBUG] Clicked and typed at (712,135): F4141
[2026-03-13 19:59:48] [DEBUG] IsGoldWindowActive: matched via WinExist
[2026-03-13 19:59:52] [DEBUG] Family group not found — skipping F4141
[2026-03-13 19:59:53] [DEBUG] Clicked and typed at (712,135): F5124
[2026-03-13 19:59:55] [DEBUG] IsGoldWindowActive: matched via WinExist
[2026-03-13 19:59:59] [DEBUG] Family group not found — skipping F5124
[2026-03-13 20:00:00] [DEBUG] Clicked and typed at (712,135): F5125
[2026-03-13 20:00:02] [DEBUG] IsGoldWindowActive: matched via WinExist
[2026-03-13 20:00:06] [DEBUG] Family group not found — skipping F5125
[2026-03-13 20:00:06] [DEBUG] Clicked and typed at (712,135): F5358
[2026-03-13 20:00:09] [DEBUG] IsGoldWindowActive: matched via WinExist
[2026-03-13 20:00:13] [DEBUG] Family group not found — skipping F5358
[2026-03-13 20:00:13] [DEBUG] Clicked and typed at (712,135): F5359
[2026-03-13 20:00:16] [DEBUG] IsGoldWindowActive: matched via WinExist
[2026-03-13 20:00:20] [DEBUG] Family group not found — skipping F5359
[2026-03-13 20:00:20] [DEBUG] Clicked and typed at (712,135): F5360
[2026-03-13 20:00:23] [DEBUG] IsGoldWindowActive: matched via WinExist
[2026-03-13 20:00:27] [DEBUG] Family group not found — skipping F5360
[2026-03-13 20:00:27] [DEBUG] Clicked and typed at (712,135): F4142
[2026-03-13 20:00:30] [DEBUG] IsGoldWindowActive: matched via WinExist
[2026-03-13 20:00:34] [DEBUG] Family group not found — skipping F4142
[2026-03-13 20:00:34] [DEBUG] Clicked and typed at (712,135): F4143
[2026-03-13 20:00:36] [DEBUG] IsGoldWindowActive: matched via WinExist
[2026-03-13 20:00:40] [DEBUG] Family group not found — skipping F4143
[2026-03-13 20:00:41] [DEBUG] Clicked and typed at (712,135): F4144
[2026-03-13 20:00:43] [DEBUG] IsGoldWindowActive: matched via WinExist
[2026-03-13 20:00:47] [DEBUG] Family group not found — skipping F4144
[2026-03-13 20:00:48] [DEBUG] Clicked and typed at (712,135): F4145
[2026-03-13 20:00:50] [DEBUG] IsGoldWindowActive: matched via WinExist
[2026-03-13 20:00:54] [DEBUG] Family group not found — skipping F4145
[2026-03-13 20:00:55] [DEBUG] Clicked and typed at (712,135): F5126
[2026-03-13 20:00:57] [DEBUG] IsGoldWindowActive: matched via WinExist
[2026-03-13 20:01:01] [DEBUG] Family group not found — skipping F5126
[2026-03-13 20:01:02] [DEBUG] Clicked and typed at (712,135): F5364
[2026-03-13 20:01:04] [DEBUG] IsGoldWindowActive: matched via WinExist
[2026-03-13 20:01:08] [DEBUG] Family group not found — skipping F5364
[2026-03-13 20:01:09] [DEBUG] Clicked and typed at (712,135): F5365
[2026-03-13 20:01:11] [DEBUG] IsGoldWindowActive: matched via WinExist
[2026-03-13 20:01:15] [DEBUG] Family group not found — skipping F5365
[2026-03-13 20:01:16] [DEBUG] Clicked and typed at (712,135): F5366
[2026-03-13 20:01:18] [DEBUG] IsGoldWindowActive: matched via WinExist
[2026-03-13 20:01:22] [DEBUG] Family group not found — skipping F5366
[2026-03-13 20:01:23] [DEBUG] Clicked and typed at (712,135): F5367
[2026-03-13 20:01:25] [DEBUG] IsGoldWindowActive: matched via WinExist
[2026-03-13 20:01:29] [DEBUG] Family group not found — skipping F5367
[2026-03-13 20:01:30] [DEBUG] Clicked and typed at (712,135): F5368
[2026-03-13 20:01:32] [DEBUG] IsGoldWindowActive: matched via WinExist
[2026-03-13 20:01:36] [DEBUG] Family group not found — skipping F5368
[2026-03-13 20:01:37] [DEBUG] Clicked and typed at (712,135): F4146
[2026-03-13 20:01:39] [DEBUG] IsGoldWindowActive: matched via WinExist
[2026-03-13 20:01:43] [DEBUG] Family group not found — skipping F4146
[2026-03-13 20:01:44] [DEBUG] Clicked and typed at (712,135): F4147
[2026-03-13 20:01:46] [DEBUG] IsGoldWindowActive: matched via WinExist
[2026-03-13 20:01:50] [DEBUG] Family group not found — skipping F4147
[2026-03-13 20:01:51] [DEBUG] Clicked and typed at (712,135): F4148
[2026-03-13 20:01:53] [DEBUG] IsGoldWindowActive: matched via WinExist
[2026-03-13 20:01:57] [DEBUG] Family group not found — skipping F4148
[2026-03-13 20:01:58] [DEBUG] Clicked and typed at (712,135): F4149
[2026-03-13 20:02:00] [DEBUG] IsGoldWindowActive: matched via WinExist
[2026-03-13 20:02:04] [DEBUG] Family group not found — skipping F4149
[2026-03-13 20:02:05] [DEBUG] Clicked and typed at (712,135): F5127
[2026-03-13 20:02:07] [DEBUG] IsGoldWindowActive: matched via WinExist
[2026-03-13 20:02:11] [DEBUG] Family group not found — skipping F5127
[2026-03-13 20:02:12] [DEBUG] Clicked and typed at (712,135): F5128
[2026-03-13 20:02:14] [DEBUG] IsGoldWindowActive: matched via WinExist
[2026-03-13 20:02:18] [DEBUG] Family group not found — skipping F5128
[2026-03-13 20:02:18] [DEBUG] Clicked and typed at (712,135): F5361
[2026-03-13 20:02:21] [DEBUG] IsGoldWindowActive: matched via WinExist
[2026-03-13 20:02:25] [DEBUG] Family group not found — skipping F5361
[2026-03-13 20:02:25] [DEBUG] Clicked and typed at (712,135): F5362
[2026-03-13 20:02:28] [DEBUG] IsGoldWindowActive: matched via WinExist
[2026-03-13 20:02:32] [DEBUG] Family group not found — skipping F5362
[2026-03-13 20:02:32] [DEBUG] Clicked and typed at (712,135): F5363
[2026-03-13 20:02:35] [DEBUG] IsGoldWindowActive: matched via WinExist
[2026-03-13 20:02:39] [DEBUG] Family group not found — skipping F5363
[2026-03-13 20:02:39] [DEBUG] Clicked and typed at (712,135): F4150
[2026-03-13 20:02:41] [DEBUG] IsGoldWindowActive: matched via WinExist
[2026-03-13 20:02:45] [DEBUG] Family group not found — skipping F4150
[2026-03-13 20:02:46] [DEBUG] Clicked and typed at (712,135): F4151
[2026-03-13 20:02:48] [DEBUG] IsGoldWindowActive: matched via WinExist
[2026-03-13 20:02:52] [DEBUG] Family group not found — skipping F4151
[2026-03-13 20:02:53] [DEBUG] Clicked and typed at (712,135): F4152
[2026-03-13 20:02:55] [DEBUG] IsGoldWindowActive: matched via WinExist
[2026-03-13 20:02:59] [DEBUG] Family group not found — skipping F4152
[2026-03-13 20:03:00] [DEBUG] Clicked and typed at (712,135): F4157
[2026-03-13 20:03:02] [DEBUG] IsGoldWindowActive: matched via WinExist
[2026-03-13 20:03:06] [DEBUG] Family group not found — skipping F4157
[2026-03-13 20:03:07] [DEBUG] Clicked and typed at (712,135): F4158
[2026-03-13 20:03:09] [DEBUG] IsGoldWindowActive: matched via WinExist
[2026-03-13 20:03:13] [DEBUG] Family group not found — skipping F4158
[2026-03-13 20:03:14] [DEBUG] Clicked and typed at (712,135): F4160
[2026-03-13 20:03:16] [DEBUG] IsGoldWindowActive: matched via WinExist
[2026-03-13 20:03:20] [DEBUG] Family group not found — skipping F4160
[2026-03-13 20:03:21] [DEBUG] Clicked and typed at (712,135): F4161
[2026-03-13 20:03:23] [DEBUG] IsGoldWindowActive: matched via WinExist
[2026-03-13 20:03:27] [DEBUG] Family group not found — skipping F4161
[2026-03-13 20:03:28] [DEBUG] Clicked and typed at (712,135): F4162
[2026-03-13 20:03:30] [DEBUG] IsGoldWindowActive: matched via WinExist
[2026-03-13 20:03:34] [DEBUG] Family group not found — skipping F4162
[2026-03-13 20:03:35] [DEBUG] Clicked and typed at (712,135): F4163
[2026-03-13 20:03:37] [DEBUG] IsGoldWindowActive: matched via WinExist
[2026-03-13 20:03:41] [DEBUG] Family group not found — skipping F4163
[2026-03-13 20:03:42] [DEBUG] Clicked and typed at (712,135): F5133
[2026-03-13 20:03:44] [DEBUG] IsGoldWindowActive: matched via WinExist
[2026-03-13 20:03:48] [DEBUG] Family group not found — skipping F5133
[2026-03-13 20:03:49] [DEBUG] Clicked and typed at (712,135): F5369
[2026-03-13 20:03:51] [DEBUG] IsGoldWindowActive: matched via WinExist
[2026-03-13 20:03:55] [DEBUG] Family group not found — skipping F5369
[2026-03-13 20:03:56] [DEBUG] Clicked and typed at (712,135): F5370
[2026-03-13 20:03:58] [DEBUG] IsGoldWindowActive: matched via WinExist
[2026-03-13 20:04:02] [DEBUG] Family group not found — skipping F5370
[2026-03-13 20:04:03] [DEBUG] Clicked and typed at (712,135): F5371
[2026-03-13 20:04:05] [DEBUG] IsGoldWindowActive: matched via WinExist
[2026-03-13 20:04:09] [DEBUG] Family group not found — skipping F5371
[2026-03-13 20:04:10] [DEBUG] Clicked and typed at (712,135): F5372
[2026-03-13 20:04:12] [DEBUG] IsGoldWindowActive: matched via WinExist
[2026-03-13 20:04:16] [DEBUG] Family group not found — skipping F5372
[2026-03-13 20:04:17] [DEBUG] Clicked and typed at (712,135): F5373
[2026-03-13 20:04:19] [DEBUG] IsGoldWindowActive: matched via WinExist
[2026-03-13 20:04:23] [DEBUG] Family group not found — skipping F5373
[2026-03-13 20:04:23] [DEBUG] Clicked and typed at (712,135): F5374
[2026-03-13 20:04:26] [DEBUG] IsGoldWindowActive: matched via WinExist
[2026-03-13 20:04:30] [DEBUG] Family group not found — skipping F5374
[2026-03-13 20:04:30] [DEBUG] Clicked and typed at (712,135): F4164
[2026-03-13 20:04:33] [DEBUG] IsGoldWindowActive: matched via WinExist
[2026-03-13 20:04:37] [DEBUG] Family group not found — skipping F4164
[2026-03-13 20:04:37] [DEBUG] Clicked and typed at (712,135): F4165
[2026-03-13 20:04:40] [DEBUG] IsGoldWindowActive: matched via WinExist
[2026-03-13 20:04:44] [DEBUG] Family group not found — skipping F4165
[2026-03-13 20:04:44] [DEBUG] Clicked and typed at (712,135): F4166
[2026-03-13 20:04:47] [DEBUG] IsGoldWindowActive: matched via WinExist
[2026-03-13 20:04:51] [DEBUG] Family group not found — skipping F4166
[2026-03-13 20:04:51] [DEBUG] Clicked and typed at (712,135): F4167
[2026-03-13 20:04:54] [DEBUG] IsGoldWindowActive: matched via WinExist
[2026-03-13 20:04:57] [DEBUG] Family group not found — skipping F4167
[2026-03-13 20:04:58] [DEBUG] Clicked and typed at (712,135): F5134
[2026-03-13 20:05:00] [DEBUG] IsGoldWindowActive: matched via WinExist
[2026-03-13 20:05:04] [DEBUG] Family group not found — skipping F5134
[2026-03-13 20:05:05] [DEBUG] Clicked and typed at (712,135): F5135
[2026-03-13 20:05:07] [DEBUG] IsGoldWindowActive: matched via WinExist
[2026-03-13 20:05:11] [DEBUG] Family group not found — skipping F5135
[2026-03-13 20:05:12] [DEBUG] Clicked and typed at (712,135): F5136
[2026-03-13 20:05:14] [DEBUG] IsGoldWindowActive: matched via WinExist
[2026-03-13 20:05:18] [DEBUG] Family group not found — skipping F5136
[2026-03-13 20:05:19] [DEBUG] Clicked and typed at (712,135): F5142
[2026-03-13 20:05:21] [DEBUG] IsGoldWindowActive: matched via WinExist
[2026-03-13 20:05:25] [DEBUG] Family group not found — skipping F5142
[2026-03-13 20:05:26] [DEBUG] Clicked and typed at (712,135): F5143
[2026-03-13 20:05:28] [DEBUG] IsGoldWindowActive: matched via WinExist
[2026-03-13 20:05:32] [DEBUG] Family group not found — skipping F5143
[2026-03-13 20:05:33] [DEBUG] Clicked and typed at (712,135): F5144
[2026-03-13 20:05:35] [DEBUG] IsGoldWindowActive: matched via WinExist
[2026-03-13 20:05:39] [DEBUG] Family group not found — skipping F5144
[2026-03-13 20:05:40] [DEBUG] Clicked and typed at (712,135): F5145
[2026-03-13 20:05:42] [DEBUG] IsGoldWindowActive: matched via WinExist
[2026-03-13 20:05:46] [DEBUG] Family group not found — skipping F5145
[2026-03-13 20:05:47] [DEBUG] Clicked and typed at (712,135): F5146
[2026-03-13 20:05:49] [DEBUG] IsGoldWindowActive: matched via WinExist
[2026-03-13 20:05:53] [DEBUG] Family group not found — skipping F5146
[2026-03-13 20:05:54] [DEBUG] Clicked and typed at (712,135): F5147
[2026-03-13 20:05:56] [DEBUG] IsGoldWindowActive: matched via WinExist
[2026-03-13 20:06:00] [DEBUG] Family group not found — skipping F5147
[2026-03-13 20:06:01] [DEBUG] Clicked and typed at (712,135): F5148
[2026-03-13 20:06:03] [DEBUG] IsGoldWindowActive: matched via WinExist
[2026-03-13 20:06:07] [DEBUG] Family group not found — skipping F5148
[2026-03-13 20:06:08] [DEBUG] Clicked and typed at (712,135): F5149
[2026-03-13 20:06:10] [DEBUG] IsGoldWindowActive: matched via WinExist
[2026-03-13 20:06:14] [DEBUG] Family group not found — skipping F5149
[2026-03-13 20:06:15] [DEBUG] Clicked and typed at (712,135): F5150
[2026-03-13 20:06:17] [DEBUG] IsGoldWindowActive: matched via WinExist
[2026-03-13 20:06:21] [DEBUG] Family group not found — skipping F5150
[2026-03-13 20:06:22] [DEBUG] Clicked and typed at (712,135): F5151
[2026-03-13 20:06:24] [DEBUG] IsGoldWindowActive: matched via WinExist
[2026-03-13 20:06:28] [DEBUG] Family group not found — skipping F5151
[2026-03-13 20:06:29] [DEBUG] Clicked and typed at (712,135): F5152
[2026-03-13 20:06:31] [DEBUG] IsGoldWindowActive: matched via WinExist
[2026-03-13 20:06:35] [DEBUG] Family group not found — skipping F5152
[2026-03-13 20:06:36] [DEBUG] Clicked and typed at (712,135): F5375
[2026-03-13 20:06:38] [DEBUG] IsGoldWindowActive: matched via WinExist
[2026-03-13 20:06:42] [DEBUG] Family group not found — skipping F5375
[2026-03-13 20:06:42] [DEBUG] Clicked and typed at (712,135): F5376
[2026-03-13 20:06:45] [DEBUG] IsGoldWindowActive: matched via WinExist
[2026-03-13 20:06:49] [DEBUG] Family group not found — skipping F5376
[2026-03-13 20:06:49] [DEBUG] Clicked and typed at (712,135): F5377
[2026-03-13 20:06:52] [DEBUG] IsGoldWindowActive: matched via WinExist
[2026-03-13 20:06:56] [DEBUG] Family group not found — skipping F5377
[2026-03-13 20:06:56] [DEBUG] Clicked and typed at (712,135): F5378
[2026-03-13 20:06:59] [DEBUG] IsGoldWindowActive: matched via WinExist
[2026-03-13 20:07:03] [DEBUG] Family group not found — skipping F5378
[2026-03-13 20:07:03] [DEBUG] Clicked and typed at (712,135): F5379
[2026-03-13 20:07:06] [DEBUG] IsGoldWindowActive: matched via WinExist
[2026-03-13 20:07:10] [DEBUG] Family group not found — skipping F5379
[2026-03-13 20:07:10] [DEBUG] Clicked and typed at (712,135): F1000011
[2026-03-13 20:07:12] [DEBUG] IsGoldWindowActive: matched via WinExist
[2026-03-13 20:07:16] [DEBUG] Family group not found — skipping F1000011
[2026-03-13 20:07:17] [DEBUG] Clicked and typed at (712,135): F2467
[2026-03-13 20:07:19] [DEBUG] IsGoldWindowActive: matched via WinExist
[2026-03-13 20:07:23] [DEBUG] Family group not found — skipping F2467
[2026-03-13 20:07:24] [DEBUG] Clicked and typed at (712,135): F2468
[2026-03-13 20:07:26] [DEBUG] IsGoldWindowActive: matched via WinExist
[2026-03-13 20:07:30] [DEBUG] Family group not found — skipping F2468
[2026-03-13 20:07:31] [DEBUG] Clicked and typed at (712,135): F2469
[2026-03-13 20:07:33] [DEBUG] IsGoldWindowActive: matched via WinExist
[2026-03-13 20:07:37] [DEBUG] Family group not found — skipping F2469
[2026-03-13 20:07:38] [DEBUG] Clicked and typed at (712,135): F2470
[2026-03-13 20:07:40] [DEBUG] IsGoldWindowActive: matched via WinExist
[2026-03-13 20:07:44] [DEBUG] Family group not found — skipping F2470
[2026-03-13 20:07:45] [DEBUG] Clicked and typed at (712,135): F2471
[2026-03-13 20:07:47] [DEBUG] IsGoldWindowActive: matched via WinExist
[2026-03-13 20:07:51] [DEBUG] Family group not found — skipping F2471
[2026-03-13 20:07:52] [DEBUG] Clicked and typed at (712,135): F2472
[2026-03-13 20:07:54] [DEBUG] IsGoldWindowActive: matched via WinExist
[2026-03-13 20:07:58] [DEBUG] Family group not found — skipping F2472
[2026-03-13 20:07:59] [DEBUG] Clicked and typed at (712,135): F2473
[2026-03-13 20:08:01] [DEBUG] IsGoldWindowActive: matched via WinExist
[2026-03-13 20:08:05] [DEBUG] Family group not found — skipping F2473
[2026-03-13 20:08:06] [DEBUG] Clicked and typed at (712,135): F2474
[2026-03-13 20:08:08] [DEBUG] IsGoldWindowActive: matched via WinExist
[2026-03-13 20:08:12] [DEBUG] Family group not found — skipping F2474
[2026-03-13 20:08:13] [DEBUG] Clicked and typed at (712,135): F2475
[2026-03-13 20:08:15] [DEBUG] IsGoldWindowActive: matched via WinExist
[2026-03-13 20:08:19] [DEBUG] Family group not found — skipping F2475
[2026-03-13 20:08:20] [DEBUG] Clicked and typed at (712,135): F2476
[2026-03-13 20:08:22] [DEBUG] IsGoldWindowActive: matched via WinExist
[2026-03-13 20:08:26] [DEBUG] Family group not found — skipping F2476
[2026-03-13 20:08:27] [DEBUG] Clicked and typed at (712,135): F2477
[2026-03-13 20:08:29] [DEBUG] IsGoldWindowActive: matched via WinExist
[2026-03-13 20:08:33] [DEBUG] Family group not found — skipping F2477
[2026-03-13 20:08:34] [DEBUG] Clicked and typed at (712,135): F2478
[2026-03-13 20:08:36] [DEBUG] IsGoldWindowActive: matched via WinExist
[2026-03-13 20:08:40] [DEBUG] Family group not found — skipping F2478
[2026-03-13 20:08:41] [DEBUG] Clicked and typed at (712,135): F2479
[2026-03-13 20:08:43] [DEBUG] IsGoldWindowActive: matched via WinExist
[2026-03-13 20:08:47] [DEBUG] Family group not found — skipping F2479
[2026-03-13 20:08:48] [DEBUG] Clicked and typed at (712,135): F2480
[2026-03-13 20:08:50] [DEBUG] IsGoldWindowActive: matched via WinExist
[2026-03-13 20:08:54] [DEBUG] Family group not found — skipping F2480
[2026-03-13 20:08:54] [DEBUG] Clicked and typed at (712,135): F2481
[2026-03-13 20:08:57] [DEBUG] IsGoldWindowActive: matched via WinExist
[2026-03-13 20:09:01] [DEBUG] Family group not found — skipping F2481
[2026-03-13 20:09:01] [DEBUG] Clicked and typed at (712,135): F2482
[2026-03-13 20:09:04] [DEBUG] IsGoldWindowActive: matched via WinExist
[2026-03-13 20:09:08] [DEBUG] Family group not found — skipping F2482
[2026-03-13 20:09:08] [DEBUG] Clicked and typed at (712,135): F2483
[2026-03-13 20:09:11] [DEBUG] IsGoldWindowActive: matched via WinExist
[2026-03-13 20:09:15] [DEBUG] Family group not found — skipping F2483
[2026-03-13 20:09:15] [DEBUG] Clicked and typed at (712,135): F2488
[2026-03-13 20:09:18] [DEBUG] IsGoldWindowActive: matched via WinExist
[2026-03-13 20:09:22] [DEBUG] Family group not found — skipping F2488
[2026-03-13 20:09:22] [DEBUG] Clicked and typed at (712,135): F2489
[2026-03-13 20:09:24] [DEBUG] IsGoldWindowActive: matched via WinExist
[2026-03-13 20:09:28] [DEBUG] Family group not found — skipping F2489
[2026-03-13 20:09:29] [DEBUG] Clicked and typed at (712,135): F2490
[2026-03-13 20:09:31] [DEBUG] IsGoldWindowActive: matched via WinExist
[2026-03-13 20:09:35] [DEBUG] Family group not found — skipping F2490
[2026-03-13 20:09:36] [DEBUG] Clicked and typed at (712,135): F2502
[2026-03-13 20:09:38] [DEBUG] IsGoldWindowActive: matched via WinExist
[2026-03-13 20:09:42] [DEBUG] Family group not found — skipping F2502
[2026-03-13 20:09:43] [DEBUG] Clicked and typed at (712,135): F2503
[2026-03-13 20:09:45] [DEBUG] IsGoldWindowActive: matched via WinExist
[2026-03-13 20:09:49] [DEBUG] Family group not found — skipping F2503
[2026-03-13 20:09:50] [DEBUG] Clicked and typed at (712,135): F2504
[2026-03-13 20:09:52] [DEBUG] IsGoldWindowActive: matched via WinExist
[2026-03-13 20:09:56] [DEBUG] Family group not found — skipping F2504
[2026-03-13 20:09:57] [DEBUG] Clicked and typed at (712,135): F2505
[2026-03-13 20:09:59] [DEBUG] IsGoldWindowActive: matched via WinExist
[2026-03-13 20:10:03] [DEBUG] Family group not found — skipping F2505
[2026-03-13 20:10:04] [DEBUG] Clicked and typed at (712,135): F2506
[2026-03-13 20:10:06] [DEBUG] IsGoldWindowActive: matched via WinExist
[2026-03-13 20:10:10] [DEBUG] Family group not found — skipping F2506
[2026-03-13 20:10:11] [DEBUG] Clicked and typed at (712,135): F2507
[2026-03-13 20:10:13] [DEBUG] IsGoldWindowActive: matched via WinExist
[2026-03-13 20:10:17] [DEBUG] Family group not found — skipping F2507
[2026-03-13 20:10:18] [DEBUG] Clicked and typed at (712,135): F2508
[2026-03-13 20:10:20] [DEBUG] IsGoldWindowActive: matched via WinExist
[2026-03-13 20:10:24] [DEBUG] Family group not found — skipping F2508
[2026-03-13 20:10:25] [DEBUG] Clicked and typed at (712,135): F2509
[2026-03-13 20:10:27] [DEBUG] IsGoldWindowActive: matched via WinExist
[2026-03-13 20:10:31] [DEBUG] Family group not found — skipping F2509
[2026-03-13 20:10:32] [DEBUG] Clicked and typed at (712,135): F2510
[2026-03-13 20:10:34] [DEBUG] IsGoldWindowActive: matched via WinExist
[2026-03-13 20:10:38] [DEBUG] Family group not found — skipping F2510
[2026-03-13 20:10:39] [DEBUG] Clicked and typed at (712,135): F2511
[2026-03-13 20:10:41] [DEBUG] IsGoldWindowActive: matched via WinExist
[2026-03-13 20:10:45] [DEBUG] Family group not found — skipping F2511
[2026-03-13 20:10:46] [DEBUG] Clicked and typed at (712,135): F2512
[2026-03-13 20:10:48] [DEBUG] IsGoldWindowActive: matched via WinExist
[2026-03-13 20:10:52] [DEBUG] Family group not found — skipping F2512
[2026-03-13 20:10:53] [DEBUG] Clicked and typed at (712,135): F2513
[2026-03-13 20:10:55] [DEBUG] IsGoldWindowActive: matched via WinExist
[2026-03-13 20:10:59] [DEBUG] Family group not found — skipping F2513
[2026-03-13 20:11:00] [DEBUG] Clicked and typed at (712,135): F2514
[2026-03-13 20:11:02] [DEBUG] IsGoldWindowActive: matched via WinExist
[2026-03-13 20:11:06] [DEBUG] Family group not found — skipping F2514
[2026-03-13 20:11:06] [DEBUG] Clicked and typed at (712,135): F2515
[2026-03-13 20:11:09] [DEBUG] IsGoldWindowActive: matched via WinExist
[2026-03-13 20:11:13] [DEBUG] Family group not found — skipping F2515
[2026-03-13 20:11:13] [DEBUG] Clicked and typed at (712,135): F2516
[2026-03-13 20:11:16] [DEBUG] IsGoldWindowActive: matched via WinExist
[2026-03-13 20:11:20] [DEBUG] Family group not found — skipping F2516
[2026-03-13 20:11:20] [DEBUG] Clicked and typed at (712,135): F2517
[2026-03-13 20:11:23] [DEBUG] IsGoldWindowActive: matched via WinExist
[2026-03-13 20:11:27] [DEBUG] Family group not found — skipping F2517
[2026-03-13 20:11:27] [DEBUG] Clicked and typed at (712,135): F2518
[2026-03-13 20:11:30] [DEBUG] IsGoldWindowActive: matched via WinExist
[2026-03-13 20:11:34] [DEBUG] Family group not found — skipping F2518
[2026-03-13 20:11:34] [DEBUG] Clicked and typed at (712,135): F2519
[2026-03-13 20:11:36] [DEBUG] IsGoldWindowActive: matched via WinExist
[2026-03-13 20:11:40] [DEBUG] Family group not found — skipping F2519
[2026-03-13 20:11:41] [DEBUG] Clicked and typed at (712,135): F2520
[2026-03-13 20:11:43] [DEBUG] IsGoldWindowActive: matched via WinExist
[2026-03-13 20:11:47] [DEBUG] Family group not found — skipping F2520
[2026-03-13 20:11:48] [DEBUG] Clicked and typed at (712,135): F2521
[2026-03-13 20:11:50] [DEBUG] IsGoldWindowActive: matched via WinExist
[2026-03-13 20:11:54] [DEBUG] Family group not found — skipping F2521
[2026-03-13 20:11:55] [DEBUG] Clicked and typed at (712,135): F2522
[2026-03-13 20:11:57] [DEBUG] IsGoldWindowActive: matched via WinExist
[2026-03-13 20:12:01] [DEBUG] Family group not found — skipping F2522
[2026-03-13 20:12:02] [DEBUG] Clicked and typed at (712,135): F2523
[2026-03-13 20:12:04] [DEBUG] IsGoldWindowActive: matched via WinExist
[2026-03-13 20:12:08] [DEBUG] Family group not found — skipping F2523
[2026-03-13 20:12:09] [DEBUG] Clicked and typed at (712,135): F2524
[2026-03-13 20:12:11] [DEBUG] IsGoldWindowActive: matched via WinExist
[2026-03-13 20:12:15] [DEBUG] Family group not found — skipping F2524
[2026-03-13 20:12:16] [DEBUG] Clicked and typed at (712,135): F5380
[2026-03-13 20:12:18] [DEBUG] IsGoldWindowActive: matched via WinExist
[2026-03-13 20:12:22] [DEBUG] Family group not found — skipping F5380
[2026-03-13 20:12:23] [DEBUG] Clicked and typed at (712,135): F2525
[2026-03-13 20:12:25] [DEBUG] IsGoldWindowActive: matched via WinExist
[2026-03-13 20:12:29] [DEBUG] Family group not found — skipping F2525
[2026-03-13 20:12:30] [DEBUG] Clicked and typed at (712,135): F2526
[2026-03-13 20:12:32] [DEBUG] IsGoldWindowActive: matched via WinExist
[2026-03-13 20:12:36] [DEBUG] Family group not found — skipping F2526
[2026-03-13 20:12:37] [DEBUG] Clicked and typed at (712,135): F2527
[2026-03-13 20:12:39] [DEBUG] IsGoldWindowActive: matched via WinExist
[2026-03-13 20:12:43] [DEBUG] Family group not found — skipping F2527
[2026-03-13 20:12:44] [DEBUG] Clicked and typed at (712,135): F2528
[2026-03-13 20:12:46] [DEBUG] IsGoldWindowActive: matched via WinExist
[2026-03-13 20:12:50] [DEBUG] Family group not found — skipping F2528
[2026-03-13 20:12:51] [DEBUG] Clicked and typed at (712,135): F2529
[2026-03-13 20:12:53] [DEBUG] IsGoldWindowActive: matched via WinExist
[2026-03-13 20:12:57] [DEBUG] Family group not found — skipping F2529
[2026-03-13 20:12:58] [DEBUG] Clicked and typed at (712,135): F2530
[2026-03-13 20:13:00] [DEBUG] IsGoldWindowActive: matched via WinExist
[2026-03-13 20:13:04] [DEBUG] Family group not found — skipping F2530
[2026-03-13 20:13:05] [DEBUG] Clicked and typed at (712,135): F2531
[2026-03-13 20:13:07] [DEBUG] IsGoldWindowActive: matched via WinExist
[2026-03-13 20:13:11] [DEBUG] Family group not found — skipping F2531
[2026-03-13 20:13:12] [DEBUG] Clicked and typed at (712,135): F2532
[2026-03-13 20:13:14] [DEBUG] IsGoldWindowActive: matched via WinExist
[2026-03-13 20:13:18] [DEBUG] Family group not found — skipping F2532
[2026-03-13 20:13:19] [DEBUG] Clicked and typed at (712,135): F2533
[2026-03-13 20:13:21] [DEBUG] IsGoldWindowActive: matched via WinExist
[2026-03-13 20:13:25] [DEBUG] Family group not found — skipping F2533
[2026-03-13 20:13:25] [DEBUG] Clicked and typed at (712,135): F2535
[2026-03-13 20:13:28] [DEBUG] IsGoldWindowActive: matched via WinExist
[2026-03-13 20:13:32] [DEBUG] Family group not found — skipping F2535
[2026-03-13 20:13:32] [DEBUG] Clicked and typed at (712,135): F2536
[2026-03-13 20:13:35] [DEBUG] IsGoldWindowActive: matched via WinExist
[2026-03-13 20:13:39] [DEBUG] Family group not found — skipping F2536
[2026-03-13 20:13:39] [DEBUG] Clicked and typed at (712,135): F2537
[2026-03-13 20:13:42] [DEBUG] IsGoldWindowActive: matched via WinExist
[2026-03-13 20:13:46] [DEBUG] Family group not found — skipping F2537
[2026-03-13 20:13:46] [DEBUG] Clicked and typed at (712,135): F2538
[2026-03-13 20:13:49] [DEBUG] IsGoldWindowActive: matched via WinExist
[2026-03-13 20:13:53] [DEBUG] Family group not found — skipping F2538
[2026-03-13 20:13:53] [DEBUG] Clicked and typed at (712,135): F2539
[2026-03-13 20:13:55] [DEBUG] IsGoldWindowActive: matched via WinExist
[2026-03-13 20:13:59] [DEBUG] Family group not found — skipping F2539
[2026-03-13 20:14:00] [DEBUG] Clicked and typed at (712,135): F2540
[2026-03-13 20:14:02] [DEBUG] IsGoldWindowActive: matched via WinExist
[2026-03-13 20:14:06] [DEBUG] Family group not found — skipping F2540
[2026-03-13 20:14:07] [DEBUG] Clicked and typed at (712,135): F2541
[2026-03-13 20:14:09] [DEBUG] IsGoldWindowActive: matched via WinExist
[2026-03-13 20:14:13] [DEBUG] Family group not found — skipping F2541
[2026-03-13 20:14:14] [DEBUG] Clicked and typed at (712,135): F2542
[2026-03-13 20:14:16] [DEBUG] IsGoldWindowActive: matched via WinExist
[2026-03-13 20:14:20] [DEBUG] Family group not found — skipping F2542
[2026-03-13 20:14:21] [DEBUG] Clicked and typed at (712,135): F5349
[2026-03-13 20:14:23] [DEBUG] IsGoldWindowActive: matched via WinExist
[2026-03-13 20:14:27] [DEBUG] Family group not found — skipping F5349
[2026-03-13 20:14:28] [DEBUG] Clicked and typed at (712,135): F2543
[2026-03-13 20:14:30] [DEBUG] IsGoldWindowActive: matched via WinExist
[2026-03-13 20:14:34] [DEBUG] Family group not found — skipping F2543
[2026-03-13 20:14:35] [DEBUG] Clicked and typed at (712,135): F2544
[2026-03-13 20:14:37] [DEBUG] IsGoldWindowActive: matched via WinExist
[2026-03-13 20:14:41] [DEBUG] Family group not found — skipping F2544
[2026-03-13 20:14:42] [DEBUG] Clicked and typed at (712,135): F2545
[2026-03-13 20:14:44] [DEBUG] IsGoldWindowActive: matched via WinExist
[2026-03-13 20:14:48] [DEBUG] Family group not found — skipping F2545
[2026-03-13 20:14:49] [DEBUG] Clicked and typed at (712,135): F2546
[2026-03-13 20:14:51] [DEBUG] IsGoldWindowActive: matched via WinExist
[2026-03-13 20:14:55] [DEBUG] Family group not found — skipping F2546
[2026-03-13 20:14:56] [DEBUG] Clicked and typed at (712,135): F3337
[2026-03-13 20:14:58] [DEBUG] IsGoldWindowActive: matched via WinExist
[2026-03-13 20:15:02] [DEBUG] Family group not found — skipping F3337
[2026-03-13 20:15:03] [DEBUG] Clicked and typed at (712,135): F2547
[2026-03-13 20:15:05] [DEBUG] IsGoldWindowActive: matched via WinExist
[2026-03-13 20:15:09] [DEBUG] Family group not found — skipping F2547
[2026-03-13 20:15:10] [DEBUG] Clicked and typed at (712,135): F2548
[2026-03-13 20:15:12] [DEBUG] IsGoldWindowActive: matched via WinExist
[2026-03-13 20:15:16] [DEBUG] Family group not found — skipping F2548
[2026-03-13 20:15:17] [DEBUG] Clicked and typed at (712,135): F2549
[2026-03-13 20:15:19] [DEBUG] IsGoldWindowActive: matched via WinExist
[2026-03-13 20:15:23] [DEBUG] Family group not found — skipping F2549
[2026-03-13 20:15:24] [DEBUG] Clicked and typed at (712,135): F2550
[2026-03-13 20:15:26] [DEBUG] IsGoldWindowActive: matched via WinExist
[2026-03-13 20:15:30] [DEBUG] Family group not found — skipping F2550
[2026-03-13 20:15:31] [DEBUG] Clicked and typed at (712,135): F2551
[2026-03-13 20:15:33] [DEBUG] IsGoldWindowActive: matched via WinExist
[2026-03-13 20:15:37] [DEBUG] Family group not found — skipping F2551
[2026-03-13 20:15:37] [DEBUG] Clicked and typed at (712,135): F2552
[2026-03-13 20:15:40] [DEBUG] IsGoldWindowActive: matched via WinExist
[2026-03-13 20:15:44] [DEBUG] Family group not found — skipping F2552
[2026-03-13 20:15:44] [DEBUG] Clicked and typed at (712,135): F2553
[2026-03-13 20:15:47] [DEBUG] IsGoldWindowActive: matched via WinExist
[2026-03-13 20:15:51] [DEBUG] Family group not found — skipping F2553
[2026-03-13 20:15:51] [DEBUG] Clicked and typed at (712,135): F2554
[2026-03-13 20:15:54] [DEBUG] IsGoldWindowActive: matched via WinExist
[2026-03-13 20:15:58] [DEBUG] Family group not found — skipping F2554
[2026-03-13 20:15:58] [DEBUG] Clicked and typed at (712,135): F2555
[2026-03-13 20:16:01] [DEBUG] IsGoldWindowActive: matched via WinExist
[2026-03-13 20:16:05] [DEBUG] Family group not found — skipping F2555
[2026-03-13 20:16:05] [DEBUG] Clicked and typed at (712,135): F2556
[2026-03-13 20:16:07] [DEBUG] IsGoldWindowActive: matched via WinExist
[2026-03-13 20:16:11] [DEBUG] Family group not found — skipping F2556
[2026-03-13 20:16:12] [DEBUG] Clicked and typed at (712,135): F2557
[2026-03-13 20:16:14] [DEBUG] IsGoldWindowActive: matched via WinExist
[2026-03-13 20:16:18] [DEBUG] Family group not found — skipping F2557
[2026-03-13 20:16:19] [DEBUG] Clicked and typed at (712,135): F2564
[2026-03-13 20:16:21] [DEBUG] IsGoldWindowActive: matched via WinExist
[2026-03-13 20:16:25] [DEBUG] Family group not found — skipping F2564
[2026-03-13 20:16:26] [DEBUG] Clicked and typed at (712,135): F2565
[2026-03-13 20:16:28] [DEBUG] IsGoldWindowActive: matched via WinExist
[2026-03-13 20:16:32] [DEBUG] Family group not found — skipping F2565
[2026-03-13 20:16:33] [DEBUG] Clicked and typed at (712,135): F2566
[2026-03-13 20:16:35] [DEBUG] IsGoldWindowActive: matched via WinExist
[2026-03-13 20:16:39] [DEBUG] Family group not found — skipping F2566
[2026-03-13 20:16:40] [DEBUG] Clicked and typed at (712,135): F2567
[2026-03-13 20:16:42] [DEBUG] IsGoldWindowActive: matched via WinExist
[2026-03-13 20:16:46] [DEBUG] Family group not found — skipping F2567
[2026-03-13 20:16:47] [DEBUG] Clicked and typed at (712,135): F2568
[2026-03-13 20:16:49] [DEBUG] IsGoldWindowActive: matched via WinExist
[2026-03-13 20:16:53] [DEBUG] Family group not found — skipping F2568
[2026-03-13 20:16:54] [DEBUG] Clicked and typed at (712,135): F2569
[2026-03-13 20:16:56] [DEBUG] IsGoldWindowActive: matched via WinExist
[2026-03-13 20:17:00] [DEBUG] Family group not found — skipping F2569
[2026-03-13 20:17:01] [DEBUG] Clicked and typed at (712,135): F2570
[2026-03-13 20:17:03] [DEBUG] IsGoldWindowActive: matched via WinExist
[2026-03-13 20:17:07] [DEBUG] Family group not found — skipping F2570
[2026-03-13 20:17:08] [DEBUG] Clicked and typed at (712,135): F2571
[2026-03-13 20:17:10] [DEBUG] IsGoldWindowActive: matched via WinExist
[2026-03-13 20:17:14] [DEBUG] Family group not found — skipping F2571
[2026-03-13 20:17:15] [DEBUG] Clicked and typed at (712,135): F2572
[2026-03-13 20:17:17] [DEBUG] IsGoldWindowActive: matched via WinExist
[2026-03-13 20:17:21] [DEBUG] Family group not found — skipping F2572
[2026-03-13 20:17:22] [DEBUG] Clicked and typed at (712,135): F2573
[2026-03-13 20:17:24] [DEBUG] IsGoldWindowActive: matched via WinExist
[2026-03-13 20:17:28] [DEBUG] Family group not found — skipping F2573
[2026-03-13 20:17:29] [DEBUG] Clicked and typed at (712,135): F2574
[2026-03-13 20:17:31] [DEBUG] IsGoldWindowActive: matched via WinExist
[2026-03-13 20:17:35] [DEBUG] Family group not found — skipping F2574
[2026-03-13 20:17:36] [DEBUG] Clicked and typed at (712,135): F2575
[2026-03-13 20:17:38] [DEBUG] IsGoldWindowActive: matched via WinExist
[2026-03-13 20:17:42] [DEBUG] Family group not found — skipping F2575
[2026-03-13 20:17:43] [DEBUG] Clicked and typed at (712,135): F2576
[2026-03-13 20:17:45] [DEBUG] IsGoldWindowActive: matched via WinExist
[2026-03-13 20:17:49] [DEBUG] Family group not found — skipping F2576
[2026-03-13 20:17:50] [DEBUG] Clicked and typed at (712,135): F2577
[2026-03-13 20:17:52] [DEBUG] IsGoldWindowActive: matched via WinExist
[2026-03-13 20:17:56] [DEBUG] Family group not found — skipping F2577
[2026-03-13 20:17:56] [DEBUG] Clicked and typed at (712,135): F5389
[2026-03-13 20:17:59] [DEBUG] IsGoldWindowActive: matched via WinExist
[2026-03-13 20:18:03] [DEBUG] Family group not found — skipping F5389
[2026-03-13 20:18:03] [DEBUG] Clicked and typed at (712,135): F2578
[2026-03-13 20:18:06] [DEBUG] IsGoldWindowActive: matched via WinExist
[2026-03-13 20:18:10] [DEBUG] Family group not found — skipping F2578
[2026-03-13 20:18:10] [DEBUG] Clicked and typed at (712,135): F2579
[2026-03-13 20:18:13] [DEBUG] IsGoldWindowActive: matched via WinExist
[2026-03-13 20:18:17] [DEBUG] Family group not found — skipping F2579
[2026-03-13 20:18:17] [DEBUG] Clicked and typed at (712,135): F2580
[2026-03-13 20:18:19] [DEBUG] IsGoldWindowActive: matched via WinExist
[2026-03-13 20:18:23] [DEBUG] Family group not found — skipping F2580
[2026-03-13 20:18:24] [DEBUG] Clicked and typed at (712,135): F2581
[2026-03-13 20:18:26] [DEBUG] IsGoldWindowActive: matched via WinExist
[2026-03-13 20:18:30] [DEBUG] Family group not found — skipping F2581
[2026-03-13 20:18:31] [DEBUG] Clicked and typed at (712,135): F2582
[2026-03-13 20:18:33] [DEBUG] IsGoldWindowActive: matched via WinExist
[2026-03-13 20:18:37] [DEBUG] Family group not found — skipping F2582
[2026-03-13 20:18:38] [DEBUG] Clicked and typed at (712,135): F2583
[2026-03-13 20:18:40] [DEBUG] IsGoldWindowActive: matched via WinExist
[2026-03-13 20:18:44] [DEBUG] Family group not found — skipping F2583
[2026-03-13 20:18:45] [DEBUG] Clicked and typed at (712,135): F2584
[2026-03-13 20:18:47] [DEBUG] IsGoldWindowActive: matched via WinExist
[2026-03-13 20:18:51] [DEBUG] Family group not found — skipping F2584
[2026-03-13 20:18:52] [DEBUG] Clicked and typed at (712,135): F2585
[2026-03-13 20:18:54] [DEBUG] IsGoldWindowActive: matched via WinExist
[2026-03-13 20:18:58] [DEBUG] Family group not found — skipping F2585
[2026-03-13 20:18:59] [DEBUG] Clicked and typed at (712,135): F2586
[2026-03-13 20:19:01] [DEBUG] IsGoldWindowActive: matched via WinExist
[2026-03-13 20:19:05] [DEBUG] Family group not found — skipping F2586
[2026-03-13 20:19:06] [DEBUG] Clicked and typed at (712,135): F2587
[2026-03-13 20:19:08] [DEBUG] IsGoldWindowActive: matched via WinExist
[2026-03-13 20:19:12] [DEBUG] Family group not found — skipping F2587
[2026-03-13 20:19:13] [DEBUG] Clicked and typed at (712,135): F2588
[2026-03-13 20:19:15] [DEBUG] IsGoldWindowActive: matched via WinExist
[2026-03-13 20:19:19] [DEBUG] Family group not found — skipping F2588
[2026-03-13 20:19:20] [DEBUG] Clicked and typed at (712,135): F2589
[2026-03-13 20:19:22] [DEBUG] IsGoldWindowActive: matched via WinExist
[2026-03-13 20:19:26] [DEBUG] Family group not found — skipping F2589
[2026-03-13 20:19:27] [DEBUG] Clicked and typed at (712,135): F2590
[2026-03-13 20:19:29] [DEBUG] IsGoldWindowActive: matched via WinExist
[2026-03-13 20:19:33] [DEBUG] Family group not found — skipping F2590
[2026-03-13 20:19:34] [DEBUG] Clicked and typed at (712,135): F2591
[2026-03-13 20:19:36] [DEBUG] IsGoldWindowActive: matched via WinExist
[2026-03-13 20:19:40] [DEBUG] Family group not found — skipping F2591
[2026-03-13 20:19:41] [DEBUG] Clicked and typed at (712,135): F2592
[2026-03-13 20:19:43] [DEBUG] IsGoldWindowActive: matched via WinExist
[2026-03-13 20:19:47] [DEBUG] Family group not found — skipping F2592
[2026-03-13 20:19:48] [DEBUG] Clicked and typed at (712,135): F2593
[2026-03-13 20:19:50] [DEBUG] IsGoldWindowActive: matched via WinExist
[2026-03-13 20:19:54] [DEBUG] Family group not found — skipping F2593
[2026-03-13 20:19:55] [DEBUG] Clicked and typed at (712,135): F2594
[2026-03-13 20:19:57] [DEBUG] IsGoldWindowActive: matched via WinExist
[2026-03-13 20:20:01] [DEBUG] Family group not found — skipping F2594
[2026-03-13 20:20:01] [DEBUG] Clicked and typed at (712,135): F2595
[2026-03-13 20:20:04] [DEBUG] IsGoldWindowActive: matched via WinExist
[2026-03-13 20:20:08] [DEBUG] Family group not found — skipping F2595
[2026-03-13 20:20:08] [DEBUG] Clicked and typed at (712,135): F2596
[2026-03-13 20:20:11] [DEBUG] IsGoldWindowActive: matched via WinExist
[2026-03-13 20:20:15] [DEBUG] Family group not found — skipping F2596
[2026-03-13 20:20:15] [DEBUG] Clicked and typed at (712,135): F3338
[2026-03-13 20:20:18] [DEBUG] IsGoldWindowActive: matched via WinExist
[2026-03-13 20:20:22] [DEBUG] Family group not found — skipping F3338
[2026-03-13 20:20:22] [DEBUG] Clicked and typed at (712,135): F2597
[2026-03-13 20:20:25] [DEBUG] IsGoldWindowActive: matched via WinExist
[2026-03-13 20:20:29] [DEBUG] Family group not found — skipping F2597
[2026-03-13 20:20:29] [DEBUG] Clicked and typed at (712,135): F2598
[2026-03-13 20:20:32] [DEBUG] IsGoldWindowActive: matched via WinExist
[2026-03-13 20:20:36] [DEBUG] Family group not found — skipping F2598
[2026-03-13 20:20:36] [DEBUG] Clicked and typed at (712,135): F2599
[2026-03-13 20:20:38] [DEBUG] IsGoldWindowActive: matched via WinExist
[2026-03-13 20:20:42] [DEBUG] Family group not found — skipping F2599
[2026-03-13 20:20:43] [DEBUG] Clicked and typed at (712,135): F2605
[2026-03-13 20:20:45] [DEBUG] IsGoldWindowActive: matched via WinExist
[2026-03-13 20:20:49] [DEBUG] Family group not found — skipping F2605
[2026-03-13 20:20:50] [DEBUG] Clicked and typed at (712,135): F2606
[2026-03-13 20:20:52] [DEBUG] IsGoldWindowActive: matched via WinExist
[2026-03-13 20:20:56] [DEBUG] Family group not found — skipping F2606
[2026-03-13 20:20:57] [DEBUG] Clicked and typed at (712,135): F2558
[2026-03-13 20:20:59] [DEBUG] IsGoldWindowActive: matched via WinExist
[2026-03-13 20:21:03] [DEBUG] Family group not found — skipping F2558
[2026-03-13 20:21:04] [DEBUG] Clicked and typed at (712,135): F2559
[2026-03-13 20:21:06] [DEBUG] IsGoldWindowActive: matched via WinExist
[2026-03-13 20:21:10] [DEBUG] Family group not found — skipping F2559
[2026-03-13 20:21:11] [DEBUG] Clicked and typed at (712,135): F2560
[2026-03-13 20:21:13] [DEBUG] IsGoldWindowActive: matched via WinExist
[2026-03-13 20:21:17] [DEBUG] Family group not found — skipping F2560
[2026-03-13 20:21:18] [DEBUG] Clicked and typed at (712,135): F2561
[2026-03-13 20:21:20] [DEBUG] IsGoldWindowActive: matched via WinExist
[2026-03-13 20:21:24] [DEBUG] Family group not found — skipping F2561
[2026-03-13 20:21:25] [DEBUG] Clicked and typed at (712,135): F2562
[2026-03-13 20:21:27] [DEBUG] IsGoldWindowActive: matched via WinExist
[2026-03-13 20:21:31] [DEBUG] Family group not found — skipping F2562
[2026-03-13 20:21:32] [DEBUG] Clicked and typed at (712,135): F2563
[2026-03-13 20:21:34] [DEBUG] IsGoldWindowActive: matched via WinExist
[2026-03-13 20:21:38] [DEBUG] Family group not found — skipping F2563
[2026-03-13 20:21:39] [DEBUG] Clicked and typed at (712,135): F2607
[2026-03-13 20:21:41] [DEBUG] IsGoldWindowActive: matched via WinExist
[2026-03-13 20:21:45] [DEBUG] Family group not found — skipping F2607
[2026-03-13 20:21:46] [DEBUG] Clicked and typed at (712,135): F3339
[2026-03-13 20:21:48] [DEBUG] IsGoldWindowActive: matched via WinExist
[2026-03-13 20:21:52] [DEBUG] Family group not found — skipping F3339
[2026-03-13 20:21:53] [DEBUG] Clicked and typed at (712,135): F3322
[2026-03-13 20:21:55] [DEBUG] IsGoldWindowActive: matched via WinExist
[2026-03-13 20:21:59] [DEBUG] Family group not found — skipping F3322
[2026-03-13 20:22:00] [DEBUG] Clicked and typed at (712,135): F3323
[2026-03-13 20:22:02] [DEBUG] IsGoldWindowActive: matched via WinExist
[2026-03-13 20:22:06] [DEBUG] Family group not found — skipping F3323
[2026-03-13 20:22:07] [DEBUG] Clicked and typed at (712,135): F3324
[2026-03-13 20:22:09] [DEBUG] IsGoldWindowActive: matched via WinExist
[2026-03-13 20:22:13] [DEBUG] Family group not found — skipping F3324
[2026-03-13 20:22:14] [DEBUG] Clicked and typed at (712,135): F3325
[2026-03-13 20:22:16] [DEBUG] IsGoldWindowActive: matched via WinExist
[2026-03-13 20:22:20] [DEBUG] Family group not found — skipping F3325
[2026-03-13 20:22:21] [DEBUG] Clicked and typed at (712,135): F3326
[2026-03-13 20:22:23] [DEBUG] IsGoldWindowActive: matched via WinExist
[2026-03-13 20:22:27] [DEBUG] Family group not found — skipping F3326
[2026-03-13 20:22:27] [DEBUG] Clicked and typed at (712,135): F2608
[2026-03-13 20:22:30] [DEBUG] IsGoldWindowActive: matched via WinExist
[2026-03-13 20:22:34] [DEBUG] Family group not found — skipping F2608
[2026-03-13 20:22:34] [DEBUG] Clicked and typed at (712,135): F2609
[2026-03-13 20:22:37] [DEBUG] IsGoldWindowActive: matched via WinExist
[2026-03-13 20:22:41] [DEBUG] Family group not found — skipping F2609
[2026-03-13 20:22:41] [DEBUG] Clicked and typed at (712,135): F2610
[2026-03-13 20:22:44] [DEBUG] IsGoldWindowActive: matched via WinExist
[2026-03-13 20:22:48] [DEBUG] Family group not found — skipping F2610
[2026-03-13 20:22:48] [DEBUG] Clicked and typed at (712,135): F2611
[2026-03-13 20:22:51] [DEBUG] IsGoldWindowActive: matched via WinExist
[2026-03-13 20:22:55] [DEBUG] Family group not found — skipping F2611
[2026-03-13 20:22:55] [DEBUG] Clicked and typed at (712,135): F2612
[2026-03-13 20:22:57] [DEBUG] IsGoldWindowActive: matched via WinExist
[2026-03-13 20:23:02] [DEBUG] Family group not found — skipping F2612
[2026-03-13 20:23:02] [DEBUG] Clicked and typed at (712,135): F2614
[2026-03-13 20:23:04] [DEBUG] IsGoldWindowActive: matched via WinExist
[2026-03-13 20:23:08] [DEBUG] Family group not found — skipping F2614
[2026-03-13 20:23:09] [DEBUG] Clicked and typed at (712,135): F3315
[2026-03-13 20:23:11] [DEBUG] IsGoldWindowActive: matched via WinExist
[2026-03-13 20:23:15] [DEBUG] Family group not found — skipping F3315
[2026-03-13 20:23:16] [DEBUG] Clicked and typed at (712,135): F3316
[2026-03-13 20:23:18] [DEBUG] IsGoldWindowActive: matched via WinExist
[2026-03-13 20:23:22] [DEBUG] Family group not found — skipping F3316
[2026-03-13 20:23:23] [DEBUG] Clicked and typed at (712,135): F2615
[2026-03-13 20:23:25] [DEBUG] IsGoldWindowActive: matched via WinExist
[2026-03-13 20:23:29] [DEBUG] Family group not found — skipping F2615
[2026-03-13 20:23:30] [DEBUG] Clicked and typed at (712,135): F2616
[2026-03-13 20:23:32] [DEBUG] IsGoldWindowActive: matched via WinExist
[2026-03-13 20:23:36] [DEBUG] Family group not found — skipping F2616
[2026-03-13 20:23:37] [DEBUG] Clicked and typed at (712,135): F2617
[2026-03-13 20:23:39] [DEBUG] IsGoldWindowActive: matched via WinExist
[2026-03-13 20:23:43] [DEBUG] Family group not found — skipping F2617
[2026-03-13 20:23:44] [DEBUG] Clicked and typed at (712,135): F2619
[2026-03-13 20:23:46] [DEBUG] IsGoldWindowActive: matched via WinExist
[2026-03-13 20:23:50] [DEBUG] Family group not found — skipping F2619
[2026-03-13 20:23:51] [DEBUG] Clicked and typed at (712,135): F2623
[2026-03-13 20:23:53] [DEBUG] IsGoldWindowActive: matched via WinExist
[2026-03-13 20:23:57] [DEBUG] Family group not found — skipping F2623
[2026-03-13 20:23:58] [DEBUG] Clicked and typed at (712,135): F2624
[2026-03-13 20:24:00] [DEBUG] IsGoldWindowActive: matched via WinExist
[2026-03-13 20:24:04] [DEBUG] Family group not found — skipping F2624
[2026-03-13 20:24:05] [DEBUG] Clicked and typed at (712,135): F5383
[2026-03-13 20:24:07] [DEBUG] IsGoldWindowActive: matched via WinExist
[2026-03-13 20:24:11] [DEBUG] Family group not found — skipping F5383
[2026-03-13 20:24:12] [DEBUG] Clicked and typed at (712,135): F2625
[2026-03-13 20:24:14] [DEBUG] IsGoldWindowActive: matched via WinExist
[2026-03-13 20:24:18] [DEBUG] Family group not found — skipping F2625
[2026-03-13 20:24:19] [DEBUG] Clicked and typed at (712,135): F2626
[2026-03-13 20:24:21] [DEBUG] IsGoldWindowActive: matched via WinExist
[2026-03-13 20:24:25] [DEBUG] Family group not found — skipping F2626
[2026-03-13 20:24:26] [DEBUG] Clicked and typed at (712,135): F2627
[2026-03-13 20:24:28] [DEBUG] IsGoldWindowActive: matched via WinExist
[2026-03-13 20:24:32] [DEBUG] Family group not found — skipping F2627
[2026-03-13 20:24:33] [DEBUG] Clicked and typed at (712,135): F3319
[2026-03-13 20:24:35] [DEBUG] IsGoldWindowActive: matched via WinExist
[2026-03-13 20:24:39] [DEBUG] Family group not found — skipping F3319
[2026-03-13 20:24:40] [DEBUG] Clicked and typed at (712,135): F2630
[2026-03-13 20:24:42] [DEBUG] IsGoldWindowActive: matched via WinExist
[2026-03-13 20:24:46] [DEBUG] Family group not found — skipping F2630
[2026-03-13 20:24:47] [DEBUG] Clicked and typed at (712,135): F2631
[2026-03-13 20:24:49] [DEBUG] IsGoldWindowActive: matched via WinExist
[2026-03-13 20:24:53] [DEBUG] Family group not found — skipping F2631
[2026-03-13 20:24:54] [DEBUG] Clicked and typed at (712,135): F2632
[2026-03-13 20:24:56] [DEBUG] IsGoldWindowActive: matched via WinExist
[2026-03-13 20:25:00] [DEBUG] Family group not found — skipping F2632
[2026-03-13 20:25:00] [DEBUG] Clicked and typed at (712,135): F2634
[2026-03-13 20:25:03] [DEBUG] IsGoldWindowActive: matched via WinExist
[2026-03-13 20:25:07] [DEBUG] Family group not found — skipping F2634
[2026-03-13 20:25:07] [DEBUG] Clicked and typed at (712,135): F2635
[2026-03-13 20:25:10] [DEBUG] IsGoldWindowActive: matched via WinExist
[2026-03-13 20:25:14] [DEBUG] Family group not found — skipping F2635
[2026-03-13 20:25:14] [DEBUG] Clicked and typed at (712,135): F2637
[2026-03-13 20:25:17] [DEBUG] IsGoldWindowActive: matched via WinExist
[2026-03-13 20:25:21] [DEBUG] Family group not found — skipping F2637
[2026-03-13 20:25:21] [DEBUG] Clicked and typed at (712,135): F2638
[2026-03-13 20:25:24] [DEBUG] IsGoldWindowActive: matched via WinExist
[2026-03-13 20:25:28] [DEBUG] Family group not found — skipping F2638
[2026-03-13 20:25:28] [DEBUG] Clicked and typed at (712,135): F2639
[2026-03-13 20:25:30] [DEBUG] IsGoldWindowActive: matched via WinExist
[2026-03-13 20:25:34] [DEBUG] Family group not found — skipping F2639
[2026-03-13 20:25:35] [DEBUG] Clicked and typed at (712,135): F2640
[2026-03-13 20:25:37] [DEBUG] IsGoldWindowActive: matched via WinExist
[2026-03-13 20:25:41] [DEBUG] Family group not found — skipping F2640
[2026-03-13 20:25:42] [DEBUG] Clicked and typed at (712,135): F2644
[2026-03-13 20:25:44] [DEBUG] IsGoldWindowActive: matched via WinExist
[2026-03-13 20:25:48] [DEBUG] Family group not found — skipping F2644
[2026-03-13 20:25:49] [DEBUG] Clicked and typed at (712,135): F2645
[2026-03-13 20:25:51] [DEBUG] IsGoldWindowActive: matched via WinExist
[2026-03-13 20:25:55] [DEBUG] Family group not found — skipping F2645
[2026-03-13 20:25:56] [DEBUG] Clicked and typed at (712,135): F2646
[2026-03-13 20:25:58] [DEBUG] IsGoldWindowActive: matched via WinExist
[2026-03-13 20:26:02] [DEBUG] Family group not found — skipping F2646
[2026-03-13 20:26:03] [DEBUG] Clicked and typed at (712,135): F2647
[2026-03-13 20:26:05] [DEBUG] IsGoldWindowActive: matched via WinExist
[2026-03-13 20:26:09] [DEBUG] Family group not found — skipping F2647
[2026-03-13 20:26:10] [DEBUG] Clicked and typed at (712,135): F2648
[2026-03-13 20:26:12] [DEBUG] IsGoldWindowActive: matched via WinExist
[2026-03-13 20:26:16] [DEBUG] Family group not found — skipping F2648
[2026-03-13 20:26:17] [DEBUG] Clicked and typed at (712,135): F3321
[2026-03-13 20:26:19] [DEBUG] IsGoldWindowActive: matched via WinExist
[2026-03-13 20:26:23] [DEBUG] Family group not found — skipping F3321
[2026-03-13 20:26:24] [DEBUG] Clicked and typed at (712,135): F2649
[2026-03-13 20:26:26] [DEBUG] IsGoldWindowActive: matched via WinExist
[2026-03-13 20:26:30] [DEBUG] Family group not found — skipping F2649
[2026-03-13 20:26:31] [DEBUG] Clicked and typed at (712,135): F2650
[2026-03-13 20:26:33] [DEBUG] IsGoldWindowActive: matched via WinExist
[2026-03-13 20:26:37] [DEBUG] Family group not found — skipping F2650
[2026-03-13 20:26:38] [DEBUG] Clicked and typed at (712,135): F2651
[2026-03-13 20:26:40] [DEBUG] IsGoldWindowActive: matched via WinExist
[2026-03-13 20:26:44] [DEBUG] Family group not found — skipping F2651
[2026-03-13 20:26:45] [DEBUG] Clicked and typed at (712,135): F2652
[2026-03-13 20:26:47] [DEBUG] IsGoldWindowActive: matched via WinExist
[2026-03-13 20:26:51] [DEBUG] Family group not found — skipping F2652
[2026-03-13 20:26:52] [DEBUG] Clicked and typed at (712,135): F2653
[2026-03-13 20:26:54] [DEBUG] IsGoldWindowActive: matched via WinExist
[2026-03-13 20:26:58] [DEBUG] Family group not found — skipping F2653
[2026-03-13 20:26:59] [DEBUG] Clicked and typed at (712,135): F2654
[2026-03-13 20:27:01] [DEBUG] IsGoldWindowActive: matched via WinExist
[2026-03-13 20:27:05] [DEBUG] Family group not found — skipping F2654
[2026-03-13 20:27:06] [DEBUG] Clicked and typed at (712,135): F2655
[2026-03-13 20:27:08] [DEBUG] IsGoldWindowActive: matched via WinExist
[2026-03-13 20:27:12] [DEBUG] Family group not found — skipping F2655
[2026-03-13 20:27:13] [DEBUG] Clicked and typed at (712,135): F3573
[2026-03-13 20:27:15] [DEBUG] IsGoldWindowActive: matched via WinExist
[2026-03-13 20:27:19] [DEBUG] Family group not found — skipping F3573
[2026-03-13 20:27:20] [DEBUG] Clicked and typed at (712,135): F3574
[2026-03-13 20:27:22] [DEBUG] IsGoldWindowActive: matched via WinExist
[2026-03-13 20:27:26] [DEBUG] Family group not found — skipping F3574
[2026-03-13 20:27:26] [DEBUG] Clicked and typed at (712,135): F3575
[2026-03-13 20:27:29] [DEBUG] IsGoldWindowActive: matched via WinExist
[2026-03-13 20:27:33] [DEBUG] Family group not found — skipping F3575
[2026-03-13 20:27:33] [DEBUG] Clicked and typed at (712,135): F3576
[2026-03-13 20:27:36] [DEBUG] IsGoldWindowActive: matched via WinExist
[2026-03-13 20:27:40] [DEBUG] Family group not found — skipping F3576
[2026-03-13 20:27:40] [DEBUG] Clicked and typed at (712,135): F3577
[2026-03-13 20:27:43] [DEBUG] IsGoldWindowActive: matched via WinExist
[2026-03-13 20:27:47] [DEBUG] Family group not found — skipping F3577
[2026-03-13 20:27:47] [DEBUG] Clicked and typed at (712,135): F5210
[2026-03-13 20:27:49] [DEBUG] IsGoldWindowActive: matched via WinExist
[2026-03-13 20:27:53] [DEBUG] Family group not found — skipping F5210
[2026-03-13 20:27:54] [DEBUG] Clicked and typed at (712,135): F5211
[2026-03-13 20:27:56] [DEBUG] IsGoldWindowActive: matched via WinExist
[2026-03-13 20:28:00] [DEBUG] Family group not found — skipping F5211
[2026-03-13 20:28:01] [DEBUG] Clicked and typed at (712,135): F5212
[2026-03-13 20:28:03] [DEBUG] IsGoldWindowActive: matched via WinExist
[2026-03-13 20:28:07] [DEBUG] Family group not found — skipping F5212
[2026-03-13 20:28:08] [DEBUG] Clicked and typed at (712,135): F3562
[2026-03-13 20:28:10] [DEBUG] IsGoldWindowActive: matched via WinExist
[2026-03-13 20:28:14] [DEBUG] Family group not found — skipping F3562
[2026-03-13 20:28:15] [DEBUG] Clicked and typed at (712,135): F3563
[2026-03-13 20:28:17] [DEBUG] IsGoldWindowActive: matched via WinExist
[2026-03-13 20:28:21] [DEBUG] Family group not found — skipping F3563
[2026-03-13 20:28:22] [DEBUG] Clicked and typed at (712,135): F3564
[2026-03-13 20:28:24] [DEBUG] IsGoldWindowActive: matched via WinExist
[2026-03-13 20:28:28] [DEBUG] Family group not found — skipping F3564
[2026-03-13 20:28:29] [DEBUG] Clicked and typed at (712,135): F3565
[2026-03-13 20:28:31] [DEBUG] IsGoldWindowActive: matched via WinExist
[2026-03-13 20:28:35] [DEBUG] Family group not found — skipping F3565
[2026-03-13 20:28:36] [DEBUG] Clicked and typed at (712,135): F3566
[2026-03-13 20:28:38] [DEBUG] IsGoldWindowActive: matched via WinExist
[2026-03-13 20:28:42] [DEBUG] Family group not found — skipping F3566
[2026-03-13 20:28:43] [DEBUG] Clicked and typed at (712,135): F3567
[2026-03-13 20:28:45] [DEBUG] IsGoldWindowActive: matched via WinExist
[2026-03-13 20:28:49] [DEBUG] Family group not found — skipping F3567
[2026-03-13 20:28:50] [DEBUG] Clicked and typed at (712,135): F3568
[2026-03-13 20:28:52] [DEBUG] IsGoldWindowActive: matched via WinExist
[2026-03-13 20:28:56] [DEBUG] Family group not found — skipping F3568
[2026-03-13 20:28:57] [DEBUG] Clicked and typed at (712,135): F3569
[2026-03-13 20:28:59] [DEBUG] IsGoldWindowActive: matched via WinExist
[2026-03-13 20:29:03] [DEBUG] Family group not found — skipping F3569
[2026-03-13 20:29:04] [DEBUG] Clicked and typed at (712,135): F3570
[2026-03-13 20:29:06] [DEBUG] IsGoldWindowActive: matched via WinExist
[2026-03-13 20:29:10] [DEBUG] Family group not found — skipping F3570
[2026-03-13 20:29:11] [DEBUG] Clicked and typed at (712,135): F1000013
[2026-03-13 20:29:13] [DEBUG] IsGoldWindowActive: matched via WinExist
[2026-03-13 20:29:17] [DEBUG] Family group not found — skipping F1000013
[2026-03-13 20:29:18] [DEBUG] Clicked and typed at (712,135): F2662
[2026-03-13 20:29:20] [DEBUG] IsGoldWindowActive: matched via WinExist
[2026-03-13 20:29:24] [DEBUG] Family group not found — skipping F2662
[2026-03-13 20:29:25] [DEBUG] Clicked and typed at (712,135): F2663
[2026-03-13 20:29:27] [DEBUG] IsGoldWindowActive: matched via WinExist
[2026-03-13 20:29:31] [DEBUG] Family group not found — skipping F2663
[2026-03-13 20:29:32] [DEBUG] Clicked and typed at (712,135): F2664
[2026-03-13 20:29:34] [DEBUG] IsGoldWindowActive: matched via WinExist
[2026-03-13 20:29:38] [DEBUG] Family group not found — skipping F2664
[2026-03-13 20:29:38] [DEBUG] Clicked and typed at (712,135): F2665
[2026-03-13 20:29:41] [DEBUG] IsGoldWindowActive: matched via WinExist
[2026-03-13 20:29:45] [DEBUG] Family group not found — skipping F2665
[2026-03-13 20:29:45] [DEBUG] Clicked and typed at (712,135): F2666
[2026-03-13 20:29:48] [DEBUG] IsGoldWindowActive: matched via WinExist
[2026-03-13 20:29:52] [DEBUG] Family group not found — skipping F2666
[2026-03-13 20:29:52] [DEBUG] Clicked and typed at (712,135): F2667
[2026-03-13 20:29:55] [DEBUG] IsGoldWindowActive: matched via WinExist
[2026-03-13 20:29:59] [DEBUG] Family group not found — skipping F2667
[2026-03-13 20:29:59] [DEBUG] Clicked and typed at (712,135): F2668
[2026-03-13 20:30:02] [DEBUG] IsGoldWindowActive: matched via WinExist
[2026-03-13 20:30:06] [DEBUG] Family group not found — skipping F2668
[2026-03-13 20:30:06] [DEBUG] Clicked and typed at (712,135): F2669
[2026-03-13 20:30:08] [DEBUG] IsGoldWindowActive: matched via WinExist
[2026-03-13 20:30:12] [DEBUG] Family group not found — skipping F2669
[2026-03-13 20:30:13] [DEBUG] Clicked and typed at (712,135): F2670
[2026-03-13 20:30:15] [DEBUG] IsGoldWindowActive: matched via WinExist
[2026-03-13 20:30:19] [DEBUG] Family group not found — skipping F2670
[2026-03-13 20:30:20] [DEBUG] Clicked and typed at (712,135): F2671
[2026-03-13 20:30:22] [DEBUG] IsGoldWindowActive: matched via WinExist
[2026-03-13 20:30:26] [DEBUG] Family group not found — skipping F2671
[2026-03-13 20:30:27] [DEBUG] Clicked and typed at (712,135): F5106
[2026-03-13 20:30:29] [DEBUG] IsGoldWindowActive: matched via WinExist
[2026-03-13 20:30:33] [DEBUG] Family group not found — skipping F5106
[2026-03-13 20:30:34] [DEBUG] Clicked and typed at (712,135): F2672
[2026-03-13 20:30:36] [DEBUG] IsGoldWindowActive: matched via WinExist
[2026-03-13 20:30:40] [DEBUG] Family group not found — skipping F2672
[2026-03-13 20:30:41] [DEBUG] Clicked and typed at (712,135): F2673
[2026-03-13 20:30:43] [DEBUG] IsGoldWindowActive: matched via WinExist
[2026-03-13 20:30:47] [DEBUG] Family group not found — skipping F2673
[2026-03-13 20:30:48] [DEBUG] Clicked and typed at (712,135): F4258
[2026-03-13 20:30:50] [DEBUG] IsGoldWindowActive: matched via WinExist
[2026-03-13 20:30:54] [DEBUG] Family group not found — skipping F4258
[2026-03-13 20:30:55] [DEBUG] Clicked and typed at (712,135): F2674
[2026-03-13 20:30:57] [DEBUG] IsGoldWindowActive: matched via WinExist
[2026-03-13 20:31:01] [DEBUG] Family group not found — skipping F2674
[2026-03-13 20:31:02] [DEBUG] Clicked and typed at (712,135): F2675
[2026-03-13 20:31:04] [DEBUG] IsGoldWindowActive: matched via WinExist
[2026-03-13 20:31:08] [DEBUG] Family group not found — skipping F2675
[2026-03-13 20:31:09] [DEBUG] Clicked and typed at (712,135): F2684
[2026-03-13 20:31:11] [DEBUG] IsGoldWindowActive: matched via WinExist
[2026-03-13 20:31:15] [DEBUG] Family group not found — skipping F2684
[2026-03-13 20:31:16] [DEBUG] Clicked and typed at (712,135): F2685
[2026-03-13 20:31:18] [DEBUG] IsGoldWindowActive: matched via WinExist
[2026-03-13 20:31:22] [DEBUG] Family group not found — skipping F2685
[2026-03-13 20:31:23] [DEBUG] Clicked and typed at (712,135): F2686
[2026-03-13 20:31:25] [DEBUG] IsGoldWindowActive: matched via WinExist
[2026-03-13 20:31:29] [DEBUG] Family group not found — skipping F2686
[2026-03-13 20:31:30] [DEBUG] Clicked and typed at (712,135): F2690
[2026-03-13 20:31:32] [DEBUG] IsGoldWindowActive: matched via WinExist
[2026-03-13 20:31:36] [DEBUG] Family group not found — skipping F2690
[2026-03-13 20:31:37] [DEBUG] Clicked and typed at (712,135): F5254
[2026-03-13 20:31:39] [DEBUG] IsGoldWindowActive: matched via WinExist
[2026-03-13 20:31:43] [DEBUG] Family group not found — skipping F5254
[2026-03-13 20:31:44] [DEBUG] Clicked and typed at (712,135): F5255
[2026-03-13 20:31:46] [DEBUG] IsGoldWindowActive: matched via WinExist
[2026-03-13 20:31:50] [DEBUG] Family group not found — skipping F5255
[2026-03-13 20:31:51] [DEBUG] Clicked and typed at (712,135): F5256
[2026-03-13 20:31:53] [DEBUG] IsGoldWindowActive: matched via WinExist
[2026-03-13 20:31:57] [DEBUG] Family group not found — skipping F5256
[2026-03-13 20:31:58] [DEBUG] Clicked and typed at (712,135): F5257
[2026-03-13 20:32:00] [DEBUG] IsGoldWindowActive: matched via WinExist
[2026-03-13 20:32:04] [DEBUG] Family group not found — skipping F5257
[2026-03-13 20:32:04] [DEBUG] Clicked and typed at (712,135): F5258
[2026-03-13 20:32:07] [DEBUG] IsGoldWindowActive: matched via WinExist
[2026-03-13 20:32:11] [DEBUG] Family group not found — skipping F5258
[2026-03-13 20:32:11] [DEBUG] Clicked and typed at (712,135): F5259
[2026-03-13 20:32:14] [DEBUG] IsGoldWindowActive: matched via WinExist
[2026-03-13 20:32:18] [DEBUG] Family group not found — skipping F5259
[2026-03-13 20:32:18] [DEBUG] Clicked and typed at (712,135): F5260
[2026-03-13 20:32:21] [DEBUG] IsGoldWindowActive: matched via WinExist
[2026-03-13 20:32:25] [DEBUG] Family group not found — skipping F5260
[2026-03-13 20:32:25] [DEBUG] Clicked and typed at (712,135): F5261
[2026-03-13 20:32:28] [DEBUG] IsGoldWindowActive: matched via WinExist
[2026-03-13 20:32:32] [DEBUG] Family group not found — skipping F5261
[2026-03-13 20:32:32] [DEBUG] Clicked and typed at (712,135): F2707
[2026-03-13 20:32:34] [DEBUG] IsGoldWindowActive: matched via WinExist
[2026-03-13 20:32:38] [DEBUG] Family group not found — skipping F2707
[2026-03-13 20:32:39] [DEBUG] Clicked and typed at (712,135): F2713
[2026-03-13 20:32:41] [DEBUG] IsGoldWindowActive: matched via WinExist
[2026-03-13 20:32:45] [DEBUG] Family group not found — skipping F2713
[2026-03-13 20:32:46] [DEBUG] Clicked and typed at (712,135): F5262
[2026-03-13 20:32:48] [DEBUG] IsGoldWindowActive: matched via WinExist
[2026-03-13 20:32:52] [DEBUG] Family group not found — skipping F5262
[2026-03-13 20:32:53] [DEBUG] Clicked and typed at (712,135): F2715
[2026-03-13 20:32:55] [DEBUG] IsGoldWindowActive: matched via WinExist
[2026-03-13 20:32:59] [DEBUG] Family group not found — skipping F2715
[2026-03-13 20:33:00] [DEBUG] Clicked and typed at (712,135): F2716
[2026-03-13 20:33:02] [DEBUG] IsGoldWindowActive: matched via WinExist
[2026-03-13 20:33:06] [DEBUG] Family group not found — skipping F2716
[2026-03-13 20:33:07] [DEBUG] Clicked and typed at (712,135): F2717
[2026-03-13 20:33:09] [DEBUG] IsGoldWindowActive: matched via WinExist
[2026-03-13 20:33:13] [DEBUG] Family group not found — skipping F2717
[2026-03-13 20:33:14] [DEBUG] Clicked and typed at (712,135): F2718
[2026-03-13 20:33:16] [DEBUG] IsGoldWindowActive: matched via WinExist
[2026-03-13 20:33:20] [DEBUG] Family group not found — skipping F2718
[2026-03-13 20:33:21] [DEBUG] Clicked and typed at (712,135): F3524
[2026-03-13 20:33:23] [DEBUG] IsGoldWindowActive: matched via WinExist
[2026-03-13 20:33:27] [DEBUG] Family group not found — skipping F3524
[2026-03-13 20:33:28] [DEBUG] Clicked and typed at (712,135): F2719
[2026-03-13 20:33:30] [DEBUG] IsGoldWindowActive: matched via WinExist
[2026-03-13 20:33:34] [DEBUG] Family group not found — skipping F2719
[2026-03-13 20:33:35] [DEBUG] Clicked and typed at (712,135): F2720
[2026-03-13 20:33:37] [DEBUG] IsGoldWindowActive: matched via WinExist
[2026-03-13 20:33:41] [DEBUG] Family group not found — skipping F2720
[2026-03-13 20:33:42] [DEBUG] Clicked and typed at (712,135): F2721
[2026-03-13 20:33:44] [DEBUG] IsGoldWindowActive: matched via WinExist
[2026-03-13 20:33:48] [DEBUG] Family group not found — skipping F2721
[2026-03-13 20:33:49] [DEBUG] Clicked and typed at (712,135): F2722
[2026-03-13 20:33:51] [DEBUG] IsGoldWindowActive: matched via WinExist
[2026-03-13 20:33:55] [DEBUG] Family group not found — skipping F2722
[2026-03-13 20:33:56] [DEBUG] Clicked and typed at (712,135): F2723
[2026-03-13 20:33:58] [DEBUG] IsGoldWindowActive: matched via WinExist
[2026-03-13 20:34:02] [DEBUG] Family group not found — skipping F2723
[2026-03-13 20:34:03] [DEBUG] Clicked and typed at (712,135): F2724
[2026-03-13 20:34:05] [DEBUG] IsGoldWindowActive: matched via WinExist
[2026-03-13 20:34:09] [DEBUG] Family group not found — skipping F2724
[2026-03-13 20:34:10] [DEBUG] Clicked and typed at (712,135): F2725
[2026-03-13 20:34:12] [DEBUG] IsGoldWindowActive: matched via WinExist
[2026-03-13 20:34:16] [DEBUG] Family group not found — skipping F2725
[2026-03-13 20:34:16] [DEBUG] Clicked and typed at (712,135): F2726
[2026-03-13 20:34:19] [DEBUG] IsGoldWindowActive: matched via WinExist
[2026-03-13 20:34:23] [DEBUG] Family group not found — skipping F2726
[2026-03-13 20:34:23] [DEBUG] Clicked and typed at (712,135): F2727
[2026-03-13 20:34:26] [DEBUG] IsGoldWindowActive: matched via WinExist
[2026-03-13 20:34:30] [DEBUG] Family group not found — skipping F2727
[2026-03-13 20:34:30] [DEBUG] Clicked and typed at (712,135): F2728
[2026-03-13 20:34:33] [DEBUG] IsGoldWindowActive: matched via WinExist
[2026-03-13 20:34:37] [DEBUG] Family group not found — skipping F2728
[2026-03-13 20:34:37] [DEBUG] Clicked and typed at (712,135): F2729
[2026-03-13 20:34:40] [DEBUG] IsGoldWindowActive: matched via WinExist
[2026-03-13 20:34:44] [DEBUG] Family group not found — skipping F2729
[2026-03-13 20:34:44] [DEBUG] Clicked and typed at (712,135): F2730
[2026-03-13 20:34:46] [DEBUG] IsGoldWindowActive: matched via WinExist
[2026-03-13 20:34:50] [DEBUG] Family group not found — skipping F2730
[2026-03-13 20:34:51] [DEBUG] Clicked and typed at (712,135): F2731
[2026-03-13 20:34:53] [DEBUG] IsGoldWindowActive: matched via WinExist
[2026-03-13 20:34:57] [DEBUG] Family group not found — skipping F2731
[2026-03-13 20:34:58] [DEBUG] Clicked and typed at (712,135): F2732
[2026-03-13 20:35:00] [DEBUG] IsGoldWindowActive: matched via WinExist
[2026-03-13 20:35:04] [DEBUG] Family group not found — skipping F2732
[2026-03-13 20:35:05] [DEBUG] Clicked and typed at (712,135): F2733
[2026-03-13 20:35:07] [DEBUG] IsGoldWindowActive: matched via WinExist
[2026-03-13 20:35:11] [DEBUG] Family group not found — skipping F2733
[2026-03-13 20:35:12] [DEBUG] Clicked and typed at (712,135): F2734
[2026-03-13 20:35:14] [DEBUG] IsGoldWindowActive: matched via WinExist
[2026-03-13 20:35:18] [DEBUG] Family group not found — skipping F2734
[2026-03-13 20:35:19] [DEBUG] Clicked and typed at (712,135): F2735
[2026-03-13 20:35:21] [DEBUG] IsGoldWindowActive: matched via WinExist
[2026-03-13 20:35:25] [DEBUG] Family group not found — skipping F2735
[2026-03-13 20:35:26] [DEBUG] Clicked and typed at (712,135): F3223
[2026-03-13 20:35:28] [DEBUG] IsGoldWindowActive: matched via WinExist
[2026-03-13 20:35:32] [DEBUG] Family group not found — skipping F3223
[2026-03-13 20:35:33] [DEBUG] Clicked and typed at (712,135): F2736
[2026-03-13 20:35:35] [DEBUG] IsGoldWindowActive: matched via WinExist
[2026-03-13 20:35:39] [DEBUG] Family group not found — skipping F2736
[2026-03-13 20:35:40] [DEBUG] Clicked and typed at (712,135): F2737
[2026-03-13 20:35:42] [DEBUG] IsGoldWindowActive: matched via WinExist
[2026-03-13 20:35:46] [DEBUG] Family group not found — skipping F2737
[2026-03-13 20:35:47] [DEBUG] Clicked and typed at (712,135): F2738
[2026-03-13 20:35:49] [DEBUG] IsGoldWindowActive: matched via WinExist
[2026-03-13 20:35:53] [DEBUG] Family group not found — skipping F2738
[2026-03-13 20:35:54] [DEBUG] Clicked and typed at (712,135): F2739
[2026-03-13 20:35:56] [DEBUG] IsGoldWindowActive: matched via WinExist
[2026-03-13 20:36:00] [DEBUG] Family group not found — skipping F2739
[2026-03-13 20:36:01] [DEBUG] Clicked and typed at (712,135): F2740
[2026-03-13 20:36:03] [DEBUG] IsGoldWindowActive: matched via WinExist
[2026-03-13 20:36:07] [DEBUG] Family group not found — skipping F2740
[2026-03-13 20:36:08] [DEBUG] Clicked and typed at (712,135): F2741
[2026-03-13 20:36:10] [DEBUG] IsGoldWindowActive: matched via WinExist
[2026-03-13 20:36:14] [DEBUG] Family group not found — skipping F2741
[2026-03-13 20:36:15] [DEBUG] Clicked and typed at (712,135): F3224
[2026-03-13 20:36:17] [DEBUG] IsGoldWindowActive: matched via WinExist
[2026-03-13 20:36:21] [DEBUG] Family group not found — skipping F3224
[2026-03-13 20:36:22] [DEBUG] Clicked and typed at (712,135): F2742
[2026-03-13 20:36:24] [DEBUG] IsGoldWindowActive: matched via WinExist
[2026-03-13 20:36:28] [DEBUG] Family group not found — skipping F2742
[2026-03-13 20:36:28] [DEBUG] Clicked and typed at (712,135): F2743
[2026-03-13 20:36:31] [DEBUG] IsGoldWindowActive: matched via WinExist
[2026-03-13 20:36:35] [DEBUG] Family group not found — skipping F2743
[2026-03-13 20:36:35] [DEBUG] Clicked and typed at (712,135): F2744
[2026-03-13 20:36:38] [DEBUG] IsGoldWindowActive: matched via WinExist
[2026-03-13 20:36:42] [DEBUG] Family group not found — skipping F2744
[2026-03-13 20:36:42] [DEBUG] Clicked and typed at (712,135): F2745
[2026-03-13 20:36:45] [DEBUG] IsGoldWindowActive: matched via WinExist
[2026-03-13 20:36:49] [DEBUG] Family group not found — skipping F2745
[2026-03-13 20:36:49] [DEBUG] Clicked and typed at (712,135): F2746
[2026-03-13 20:36:52] [DEBUG] IsGoldWindowActive: matched via WinExist
[2026-03-13 20:36:56] [DEBUG] Family group not found — skipping F2746
[2026-03-13 20:36:56] [DEBUG] Clicked and typed at (712,135): F2747
[2026-03-13 20:36:58] [DEBUG] IsGoldWindowActive: matched via WinExist
[2026-03-13 20:37:02] [DEBUG] Family group not found — skipping F2747
[2026-03-13 20:37:03] [DEBUG] Clicked and typed at (712,135): F3225
[2026-03-13 20:37:05] [DEBUG] IsGoldWindowActive: matched via WinExist
[2026-03-13 20:37:09] [DEBUG] Family group not found — skipping F3225
[2026-03-13 20:37:10] [DEBUG] Clicked and typed at (712,135): F2748
[2026-03-13 20:37:12] [DEBUG] IsGoldWindowActive: matched via WinExist
[2026-03-13 20:37:16] [DEBUG] Family group not found — skipping F2748
[2026-03-13 20:37:17] [DEBUG] Clicked and typed at (712,135): F2749
[2026-03-13 20:37:19] [DEBUG] IsGoldWindowActive: matched via WinExist
[2026-03-13 20:37:23] [DEBUG] Family group not found — skipping F2749
[2026-03-13 20:37:24] [DEBUG] Clicked and typed at (712,135): F2750
[2026-03-13 20:37:26] [DEBUG] IsGoldWindowActive: matched via WinExist
[2026-03-13 20:37:30] [DEBUG] Family group not found — skipping F2750
[2026-03-13 20:37:31] [DEBUG] Clicked and typed at (712,135): F2751
[2026-03-13 20:37:33] [DEBUG] IsGoldWindowActive: matched via WinExist
[2026-03-13 20:37:37] [DEBUG] Family group not found — skipping F2751
[2026-03-13 20:37:38] [DEBUG] Clicked and typed at (712,135): F2752
[2026-03-13 20:37:40] [DEBUG] IsGoldWindowActive: matched via WinExist
[2026-03-13 20:37:44] [DEBUG] Family group not found — skipping F2752
[2026-03-13 20:37:45] [DEBUG] Clicked and typed at (712,135): F2753
[2026-03-13 20:37:47] [DEBUG] IsGoldWindowActive: matched via WinExist
[2026-03-13 20:37:51] [DEBUG] Family group not found — skipping F2753
[2026-03-13 20:37:52] [DEBUG] Clicked and typed at (712,135): F3226
[2026-03-13 20:37:54] [DEBUG] IsGoldWindowActive: matched via WinExist
[2026-03-13 20:37:58] [DEBUG] Family group not found — skipping F3226
[2026-03-13 20:37:59] [DEBUG] Clicked and typed at (712,135): F2754
[2026-03-13 20:38:01] [DEBUG] IsGoldWindowActive: matched via WinExist
[2026-03-13 20:38:05] [DEBUG] Family group not found — skipping F2754
[2026-03-13 20:38:06] [DEBUG] Clicked and typed at (712,135): F2755
[2026-03-13 20:38:08] [DEBUG] IsGoldWindowActive: matched via WinExist
[2026-03-13 20:38:12] [DEBUG] Family group not found — skipping F2755
[2026-03-13 20:38:13] [DEBUG] Clicked and typed at (712,135): F2756
[2026-03-13 20:38:15] [DEBUG] IsGoldWindowActive: matched via WinExist
[2026-03-13 20:38:19] [DEBUG] Family group not found — skipping F2756
[2026-03-13 20:38:20] [DEBUG] Clicked and typed at (712,135): F2757
[2026-03-13 20:38:22] [DEBUG] IsGoldWindowActive: matched via WinExist
[2026-03-13 20:38:26] [DEBUG] Family group not found — skipping F2757
[2026-03-13 20:38:27] [DEBUG] Clicked and typed at (712,135): F2758
[2026-03-13 20:38:29] [DEBUG] IsGoldWindowActive: matched via WinExist
[2026-03-13 20:38:33] [DEBUG] Family group not found — skipping F2758
[2026-03-13 20:38:34] [DEBUG] Clicked and typed at (712,135): F2759
[2026-03-13 20:38:36] [DEBUG] IsGoldWindowActive: matched via WinExist
[2026-03-13 20:38:40] [DEBUG] Family group not found — skipping F2759
[2026-03-13 20:38:41] [DEBUG] Clicked and typed at (712,135): F2760
[2026-03-13 20:38:43] [DEBUG] IsGoldWindowActive: matched via WinExist
[2026-03-13 20:38:47] [DEBUG] Family group not found — skipping F2760
[2026-03-13 20:38:47] [DEBUG] Clicked and typed at (712,135): F2761
[2026-03-13 20:38:50] [DEBUG] IsGoldWindowActive: matched via WinExist
[2026-03-13 20:38:54] [DEBUG] Family group not found — skipping F2761
[2026-03-13 20:38:54] [DEBUG] Clicked and typed at (712,135): F2762
[2026-03-13 20:38:57] [DEBUG] IsGoldWindowActive: matched via WinExist
[2026-03-13 20:39:01] [DEBUG] Family group not found — skipping F2762
[2026-03-13 20:39:01] [DEBUG] Clicked and typed at (712,135): F2763
[2026-03-13 20:39:04] [DEBUG] IsGoldWindowActive: matched via WinExist
[2026-03-13 20:39:08] [DEBUG] Family group not found — skipping F2763
[2026-03-13 20:39:08] [DEBUG] Clicked and typed at (712,135): F2764
[2026-03-13 20:39:10] [DEBUG] IsGoldWindowActive: matched via WinExist
[2026-03-13 20:39:14] [DEBUG] Family group not found — skipping F2764
[2026-03-13 20:39:15] [DEBUG] Clicked and typed at (712,135): F2765
[2026-03-13 20:39:17] [DEBUG] IsGoldWindowActive: matched via WinExist
[2026-03-13 20:39:21] [DEBUG] Family group not found — skipping F2765
[2026-03-13 20:39:22] [DEBUG] Clicked and typed at (712,135): F2766
[2026-03-13 20:39:24] [DEBUG] IsGoldWindowActive: matched via WinExist
[2026-03-13 20:39:28] [DEBUG] Family group not found — skipping F2766
[2026-03-13 20:39:29] [DEBUG] Clicked and typed at (712,135): F2767
[2026-03-13 20:39:31] [DEBUG] IsGoldWindowActive: matched via WinExist
[2026-03-13 20:39:35] [DEBUG] Family group not found — skipping F2767
[2026-03-13 20:39:36] [DEBUG] Clicked and typed at (712,135): F2768
[2026-03-13 20:39:38] [DEBUG] IsGoldWindowActive: matched via WinExist
[2026-03-13 20:39:42] [DEBUG] Family group not found — skipping F2768
[2026-03-13 20:39:43] [DEBUG] Clicked and typed at (712,135): F2769
[2026-03-13 20:39:45] [DEBUG] IsGoldWindowActive: matched via WinExist
[2026-03-13 20:39:49] [DEBUG] Family group not found — skipping F2769
[2026-03-13 20:39:50] [DEBUG] Clicked and typed at (712,135): F2770
[2026-03-13 20:39:52] [DEBUG] IsGoldWindowActive: matched via WinExist
[2026-03-13 20:39:56] [DEBUG] Family group not found — skipping F2770
[2026-03-13 20:39:57] [DEBUG] Clicked and typed at (712,135): F2771
[2026-03-13 20:39:59] [DEBUG] IsGoldWindowActive: matched via WinExist
[2026-03-13 20:40:03] [DEBUG] Family group not found — skipping F2771
[2026-03-13 20:40:04] [DEBUG] Clicked and typed at (712,135): F2772
[2026-03-13 20:40:06] [DEBUG] IsGoldWindowActive: matched via WinExist
[2026-03-13 20:40:10] [DEBUG] Family group not found — skipping F2772
[2026-03-13 20:40:11] [DEBUG] Clicked and typed at (712,135): F2773
[2026-03-13 20:40:13] [DEBUG] IsGoldWindowActive: matched via WinExist
[2026-03-13 20:40:17] [DEBUG] Family group not found — skipping F2773
[2026-03-13 20:40:18] [DEBUG] Clicked and typed at (712,135): F2774
[2026-03-13 20:40:20] [DEBUG] IsGoldWindowActive: matched via WinExist
[2026-03-13 20:40:24] [DEBUG] Family group not found — skipping F2774
[2026-03-13 20:40:25] [DEBUG] Clicked and typed at (712,135): F2775
[2026-03-13 20:40:27] [DEBUG] IsGoldWindowActive: matched via WinExist
[2026-03-13 20:40:31] [DEBUG] Family group not found — skipping F2775
[2026-03-13 20:40:32] [DEBUG] Clicked and typed at (712,135): F2776
[2026-03-13 20:40:34] [DEBUG] IsGoldWindowActive: matched via WinExist
[2026-03-13 20:40:38] [DEBUG] Family group not found — skipping F2776
[2026-03-13 20:40:39] [DEBUG] Clicked and typed at (712,135): F2777
[2026-03-13 20:40:41] [DEBUG] IsGoldWindowActive: matched via WinExist
[2026-03-13 20:40:45] [DEBUG] Family group not found — skipping F2777
[2026-03-13 20:40:46] [DEBUG] Clicked and typed at (712,135): F2778
[2026-03-13 20:40:48] [DEBUG] IsGoldWindowActive: matched via WinExist
[2026-03-13 20:40:52] [DEBUG] Family group not found — skipping F2778
[2026-03-13 20:40:53] [DEBUG] Clicked and typed at (712,135): F2779
[2026-03-13 20:40:55] [DEBUG] IsGoldWindowActive: matched via WinExist
[2026-03-13 20:40:59] [DEBUG] Family group not found — skipping F2779
[2026-03-13 20:40:59] [DEBUG] Clicked and typed at (712,135): F3227
[2026-03-13 20:41:02] [DEBUG] IsGoldWindowActive: matched via WinExist
[2026-03-13 20:41:06] [DEBUG] Family group not found — skipping F3227
[2026-03-13 20:41:06] [DEBUG] Clicked and typed at (712,135): F2780
[2026-03-13 20:41:09] [DEBUG] IsGoldWindowActive: matched via WinExist
[2026-03-13 20:41:13] [DEBUG] Family group not found — skipping F2780
[2026-03-13 20:41:13] [DEBUG] Clicked and typed at (712,135): F2781
[2026-03-13 20:41:16] [DEBUG] IsGoldWindowActive: matched via WinExist
[2026-03-13 20:41:20] [DEBUG] Family group not found — skipping F2781
[2026-03-13 20:41:20] [DEBUG] Clicked and typed at (712,135): F2782
[2026-03-13 20:41:23] [DEBUG] IsGoldWindowActive: matched via WinExist
[2026-03-13 20:41:27] [DEBUG] Family group not found — skipping F2782
[2026-03-13 20:41:27] [DEBUG] Clicked and typed at (712,135): F2783
[2026-03-13 20:41:29] [DEBUG] IsGoldWindowActive: matched via WinExist
[2026-03-13 20:41:33] [DEBUG] Family group not found — skipping F2783
[2026-03-13 20:41:34] [DEBUG] Clicked and typed at (712,135): F2784
[2026-03-13 20:41:36] [DEBUG] IsGoldWindowActive: matched via WinExist
[2026-03-13 20:41:40] [DEBUG] Family group not found — skipping F2784
[2026-03-13 20:41:41] [DEBUG] Clicked and typed at (712,135): F2785
[2026-03-13 20:41:43] [DEBUG] IsGoldWindowActive: matched via WinExist
[2026-03-13 20:41:47] [DEBUG] Family group not found — skipping F2785
[2026-03-13 20:41:48] [DEBUG] Clicked and typed at (712,135): F2786
[2026-03-13 20:41:50] [DEBUG] IsGoldWindowActive: matched via WinExist
[2026-03-13 20:41:54] [DEBUG] Family group not found — skipping F2786
[2026-03-13 20:41:55] [DEBUG] Clicked and typed at (712,135): F2787
[2026-03-13 20:41:57] [DEBUG] IsGoldWindowActive: matched via WinExist
[2026-03-13 20:42:01] [DEBUG] Family group not found — skipping F2787
[2026-03-13 20:42:02] [DEBUG] Clicked and typed at (712,135): F2788
[2026-03-13 20:42:04] [DEBUG] IsGoldWindowActive: matched via WinExist
[2026-03-13 20:42:08] [DEBUG] Family group not found — skipping F2788
[2026-03-13 20:42:09] [DEBUG] Clicked and typed at (712,135): F2789
[2026-03-13 20:42:11] [DEBUG] IsGoldWindowActive: matched via WinExist
[2026-03-13 20:42:15] [DEBUG] Family group not found — skipping F2789
[2026-03-13 20:42:16] [DEBUG] Clicked and typed at (712,135): F2790
[2026-03-13 20:42:18] [DEBUG] IsGoldWindowActive: matched via WinExist
[2026-03-13 20:42:22] [DEBUG] Family group not found — skipping F2790
[2026-03-13 20:42:23] [DEBUG] Clicked and typed at (712,135): F2791
[2026-03-13 20:42:25] [DEBUG] IsGoldWindowActive: matched via WinExist
[2026-03-13 20:42:29] [DEBUG] Family group not found — skipping F2791
[2026-03-13 20:42:30] [DEBUG] Clicked and typed at (712,135): F2792
[2026-03-13 20:42:32] [DEBUG] IsGoldWindowActive: matched via WinExist
[2026-03-13 20:42:36] [DEBUG] Family group not found — skipping F2792
[2026-03-13 20:42:37] [DEBUG] Clicked and typed at (712,135): F2793
[2026-03-13 20:42:39] [DEBUG] IsGoldWindowActive: matched via WinExist
[2026-03-13 20:42:43] [DEBUG] Family group not found — skipping F2793
[2026-03-13 20:42:44] [DEBUG] Clicked and typed at (712,135): F2794
[2026-03-13 20:42:46] [DEBUG] IsGoldWindowActive: matched via WinExist
[2026-03-13 20:42:50] [DEBUG] Family group not found — skipping F2794
[2026-03-13 20:42:51] [DEBUG] Clicked and typed at (712,135): F2795
[2026-03-13 20:42:53] [DEBUG] IsGoldWindowActive: matched via WinExist
[2026-03-13 20:42:57] [DEBUG] Family group not found — skipping F2795
[2026-03-13 20:42:58] [DEBUG] Clicked and typed at (712,135): F2796
[2026-03-13 20:43:00] [DEBUG] IsGoldWindowActive: matched via WinExist
[2026-03-13 20:43:04] [DEBUG] Family group not found — skipping F2796
[2026-03-13 20:43:05] [DEBUG] Clicked and typed at (712,135): F2797
[2026-03-13 20:43:07] [DEBUG] IsGoldWindowActive: matched via WinExist
[2026-03-13 20:43:11] [DEBUG] Family group not found — skipping F2797
[2026-03-13 20:43:11] [DEBUG] Clicked and typed at (712,135): F2798
[2026-03-13 20:43:14] [DEBUG] IsGoldWindowActive: matched via WinExist
[2026-03-13 20:43:18] [DEBUG] Family group not found — skipping F2798
[2026-03-13 20:43:18] [DEBUG] Clicked and typed at (712,135): F2799
[2026-03-13 20:43:21] [DEBUG] IsGoldWindowActive: matched via WinExist
[2026-03-13 20:43:25] [DEBUG] Family group not found — skipping F2799
[2026-03-13 20:43:25] [DEBUG] Clicked and typed at (712,135): F2800
[2026-03-13 20:43:28] [DEBUG] IsGoldWindowActive: matched via WinExist
[2026-03-13 20:43:32] [DEBUG] Family group not found — skipping F2800
[2026-03-13 20:43:32] [DEBUG] Clicked and typed at (712,135): F2801
[2026-03-13 20:43:35] [DEBUG] IsGoldWindowActive: matched via WinExist
[2026-03-13 20:43:39] [DEBUG] Family group not found — skipping F2801
[2026-03-13 20:43:39] [DEBUG] Clicked and typed at (712,135): F2802
[2026-03-13 20:43:42] [DEBUG] IsGoldWindowActive: matched via WinExist
[2026-03-13 20:43:46] [DEBUG] Family group not found — skipping F2802
[2026-03-13 20:43:46] [DEBUG] Clicked and typed at (712,135): F2803
[2026-03-13 20:43:48] [DEBUG] IsGoldWindowActive: matched via WinExist
[2026-03-13 20:43:52] [DEBUG] Family group not found — skipping F2803
[2026-03-13 20:43:53] [DEBUG] Clicked and typed at (712,135): F2804
[2026-03-13 20:43:55] [DEBUG] IsGoldWindowActive: matched via WinExist
[2026-03-13 20:43:59] [DEBUG] Family group not found — skipping F2804
[2026-03-13 20:44:00] [DEBUG] Clicked and typed at (712,135): F2805
[2026-03-13 20:44:02] [DEBUG] IsGoldWindowActive: matched via WinExist
[2026-03-13 20:44:06] [DEBUG] Family group not found — skipping F2805
[2026-03-13 20:44:07] [DEBUG] Clicked and typed at (712,135): F2806
[2026-03-13 20:44:09] [DEBUG] IsGoldWindowActive: matched via WinExist
[2026-03-13 20:44:13] [DEBUG] Family group not found — skipping F2806
[2026-03-13 20:44:14] [DEBUG] Clicked and typed at (712,135): F2807
[2026-03-13 20:44:16] [DEBUG] IsGoldWindowActive: matched via WinExist
[2026-03-13 20:44:20] [DEBUG] Family group not found — skipping F2807
[2026-03-13 20:44:21] [DEBUG] Clicked and typed at (712,135): F2808
[2026-03-13 20:44:23] [DEBUG] IsGoldWindowActive: matched via WinExist
[2026-03-13 20:44:27] [DEBUG] Family group not found — skipping F2808
[2026-03-13 20:44:28] [DEBUG] Clicked and typed at (712,135): F2809
[2026-03-13 20:44:30] [DEBUG] IsGoldWindowActive: matched via WinExist
[2026-03-13 20:44:34] [DEBUG] Family group not found — skipping F2809
[2026-03-13 20:44:35] [DEBUG] Clicked and typed at (712,135): F2810
[2026-03-13 20:44:37] [DEBUG] IsGoldWindowActive: matched via WinExist
[2026-03-13 20:44:41] [DEBUG] Family group not found — skipping F2810
[2026-03-13 20:44:42] [DEBUG] Clicked and typed at (712,135): F2811
[2026-03-13 20:44:44] [DEBUG] IsGoldWindowActive: matched via WinExist
[2026-03-13 20:44:48] [DEBUG] Family group not found — skipping F2811
[2026-03-13 20:44:49] [DEBUG] Clicked and typed at (712,135): F2812
[2026-03-13 20:44:51] [DEBUG] IsGoldWindowActive: matched via WinExist
[2026-03-13 20:44:55] [DEBUG] Family group not found — skipping F2812
[2026-03-13 20:44:56] [DEBUG] Clicked and typed at (712,135): F2813
[2026-03-13 20:44:58] [DEBUG] IsGoldWindowActive: matched via WinExist
[2026-03-13 20:45:02] [DEBUG] Family group not found — skipping F2813
[2026-03-13 20:45:03] [DEBUG] Clicked and typed at (712,135): F2814
[2026-03-13 20:45:05] [DEBUG] IsGoldWindowActive: matched via WinExist
[2026-03-13 20:45:09] [DEBUG] Family group not found — skipping F2814
[2026-03-13 20:45:10] [DEBUG] Clicked and typed at (712,135): F2815
[2026-03-13 20:45:12] [DEBUG] IsGoldWindowActive: matched via WinExist
[2026-03-13 20:45:16] [DEBUG] Family group not found — skipping F2815
[2026-03-13 20:45:17] [DEBUG] Clicked and typed at (712,135): F2816
[2026-03-13 20:45:19] [DEBUG] IsGoldWindowActive: matched via WinExist
[2026-03-13 20:45:23] [DEBUG] Family group not found — skipping F2816
[2026-03-13 20:45:24] [DEBUG] Clicked and typed at (712,135): F2817
[2026-03-13 20:45:26] [DEBUG] IsGoldWindowActive: matched via WinExist
[2026-03-13 20:45:30] [DEBUG] Family group not found — skipping F2817
[2026-03-13 20:45:31] [DEBUG] Clicked and typed at (712,135): F2818
[2026-03-13 20:45:33] [DEBUG] IsGoldWindowActive: matched via WinExist
[2026-03-13 20:45:37] [DEBUG] Family group not found — skipping F2818
[2026-03-13 20:45:37] [DEBUG] Clicked and typed at (712,135): F2819
[2026-03-13 20:45:40] [DEBUG] IsGoldWindowActive: matched via WinExist
[2026-03-13 20:45:44] [DEBUG] Family group not found — skipping F2819
[2026-03-13 20:45:44] [DEBUG] Clicked and typed at (712,135): F2820
[2026-03-13 20:45:47] [DEBUG] IsGoldWindowActive: matched via WinExist
[2026-03-13 20:45:51] [DEBUG] Family group not found — skipping F2820
[2026-03-13 20:45:51] [DEBUG] Clicked and typed at (712,135): F2821
[2026-03-13 20:45:54] [DEBUG] IsGoldWindowActive: matched via WinExist
[2026-03-13 20:45:58] [DEBUG] Family group not found — skipping F2821
[2026-03-13 20:45:58] [DEBUG] Clicked and typed at (712,135): F2822
[2026-03-13 20:46:00] [DEBUG] IsGoldWindowActive: matched via WinExist
[2026-03-13 20:46:05] [DEBUG] Family group not found — skipping F2822
[2026-03-13 20:46:05] [DEBUG] Clicked and typed at (712,135): F2823
[2026-03-13 20:46:07] [DEBUG] IsGoldWindowActive: matched via WinExist
[2026-03-13 20:46:11] [DEBUG] Family group not found — skipping F2823
[2026-03-13 20:46:12] [DEBUG] Clicked and typed at (712,135): F2824
[2026-03-13 20:46:14] [DEBUG] IsGoldWindowActive: matched via WinExist
[2026-03-13 20:46:18] [DEBUG] Family group not found — skipping F2824
[2026-03-13 20:46:19] [DEBUG] Clicked and typed at (712,135): F2825
[2026-03-13 20:46:21] [DEBUG] IsGoldWindowActive: matched via WinExist
[2026-03-13 20:46:25] [DEBUG] Family group not found — skipping F2825
[2026-03-13 20:46:26] [DEBUG] Clicked and typed at (712,135): F2826
[2026-03-13 20:46:28] [DEBUG] IsGoldWindowActive: matched via WinExist
[2026-03-13 20:46:32] [DEBUG] Family group not found — skipping F2826
[2026-03-13 20:46:33] [DEBUG] Clicked and typed at (712,135): F2827
[2026-03-13 20:46:35] [DEBUG] IsGoldWindowActive: matched via WinExist
[2026-03-13 20:46:39] [DEBUG] Family group not found — skipping F2827
[2026-03-13 20:46:40] [DEBUG] Clicked and typed at (712,135): F2828
[2026-03-13 20:46:42] [DEBUG] IsGoldWindowActive: matched via WinExist
[2026-03-13 20:46:46] [DEBUG] Family group not found — skipping F2828
[2026-03-13 20:46:47] [DEBUG] Clicked and typed at (712,135): F2829
[2026-03-13 20:46:49] [DEBUG] IsGoldWindowActive: matched via WinExist
[2026-03-13 20:46:53] [DEBUG] Family group not found — skipping F2829
[2026-03-13 20:46:54] [DEBUG] Clicked and typed at (712,135): F2830
[2026-03-13 20:46:56] [DEBUG] IsGoldWindowActive: matched via WinExist
[2026-03-13 20:47:00] [DEBUG] Family group not found — skipping F2830
[2026-03-13 20:47:01] [DEBUG] Clicked and typed at (712,135): F2831
[2026-03-13 20:47:03] [DEBUG] IsGoldWindowActive: matched via WinExist
[2026-03-13 20:47:07] [DEBUG] Family group not found — skipping F2831
[2026-03-13 20:47:08] [DEBUG] Clicked and typed at (712,135): F2832
[2026-03-13 20:47:10] [DEBUG] IsGoldWindowActive: matched via WinExist
[2026-03-13 20:47:14] [DEBUG] Family group not found — skipping F2832
[2026-03-13 20:47:15] [DEBUG] Clicked and typed at (712,135): F2833
[2026-03-13 20:47:17] [DEBUG] IsGoldWindowActive: matched via WinExist
[2026-03-13 20:47:21] [DEBUG] Family group not found — skipping F2833
[2026-03-13 20:47:22] [DEBUG] Clicked and typed at (712,135): F2834
[2026-03-13 20:47:24] [DEBUG] IsGoldWindowActive: matched via WinExist
[2026-03-13 20:47:28] [DEBUG] Family group not found — skipping F2834
[2026-03-13 20:47:29] [DEBUG] Clicked and typed at (712,135): F2835
[2026-03-13 20:47:31] [DEBUG] IsGoldWindowActive: matched via WinExist
[2026-03-13 20:47:35] [DEBUG] Family group not found — skipping F2835
[2026-03-13 20:47:36] [DEBUG] Clicked and typed at (712,135): F2836
[2026-03-13 20:47:38] [DEBUG] IsGoldWindowActive: matched via WinExist
[2026-03-13 20:47:42] [DEBUG] Family group not found — skipping F2836
[2026-03-13 20:47:43] [DEBUG] Clicked and typed at (712,135): F2837
[2026-03-13 20:47:45] [DEBUG] IsGoldWindowActive: matched via WinExist
[2026-03-13 20:47:49] [DEBUG] Family group not found — skipping F2837
[2026-03-13 20:47:49] [DEBUG] Clicked and typed at (712,135): F2838
[2026-03-13 20:47:52] [DEBUG] IsGoldWindowActive: matched via WinExist
[2026-03-13 20:47:56] [DEBUG] Family group not found — skipping F2838
[2026-03-13 20:47:56] [DEBUG] Clicked and typed at (712,135): F2839
[2026-03-13 20:47:59] [DEBUG] IsGoldWindowActive: matched via WinExist
[2026-03-13 20:48:03] [DEBUG] Family group not found — skipping F2839
[2026-03-13 20:48:03] [DEBUG] Clicked and typed at (712,135): F2840
[2026-03-13 20:48:06] [DEBUG] IsGoldWindowActive: matched via WinExist
[2026-03-13 20:48:10] [DEBUG] Family group not found — skipping F2840
[2026-03-13 20:48:10] [DEBUG] Clicked and typed at (712,135): F2841
[2026-03-13 20:48:13] [DEBUG] IsGoldWindowActive: matched via WinExist
[2026-03-13 20:48:17] [DEBUG] Family group not found — skipping F2841
[2026-03-13 20:48:17] [DEBUG] Clicked and typed at (712,135): F2842
[2026-03-13 20:48:19] [DEBUG] IsGoldWindowActive: matched via WinExist
[2026-03-13 20:48:23] [DEBUG] Family group not found — skipping F2842
[2026-03-13 20:48:24] [DEBUG] Clicked and typed at (712,135): F2843
[2026-03-13 20:48:26] [DEBUG] IsGoldWindowActive: matched via WinExist
[2026-03-13 20:48:30] [DEBUG] Family group not found — skipping F2843
[2026-03-13 20:48:31] [DEBUG] Clicked and typed at (712,135): F2844
[2026-03-13 20:48:33] [DEBUG] IsGoldWindowActive: matched via WinExist
[2026-03-13 20:48:37] [DEBUG] Family group not found — skipping F2844
[2026-03-13 20:48:38] [DEBUG] Clicked and typed at (712,135): F2845
[2026-03-13 20:48:40] [DEBUG] IsGoldWindowActive: matched via WinExist
[2026-03-13 20:48:44] [DEBUG] Family group not found — skipping F2845
[2026-03-13 20:48:45] [DEBUG] Clicked and typed at (712,135): F2846
[2026-03-13 20:48:47] [DEBUG] IsGoldWindowActive: matched via WinExist
[2026-03-13 20:48:51] [DEBUG] Family group not found — skipping F2846
[2026-03-13 20:48:52] [DEBUG] Clicked and typed at (712,135): F2847
[2026-03-13 20:48:54] [DEBUG] IsGoldWindowActive: matched via WinExist
[2026-03-13 20:48:58] [DEBUG] Family group not found — skipping F2847
[2026-03-13 20:48:59] [DEBUG] Clicked and typed at (712,135): F2848
[2026-03-13 20:49:01] [DEBUG] IsGoldWindowActive: matched via WinExist
[2026-03-13 20:49:05] [DEBUG] Family group not found — skipping F2848
[2026-03-13 20:49:06] [DEBUG] Clicked and typed at (712,135): F2849
[2026-03-13 20:49:08] [DEBUG] IsGoldWindowActive: matched via WinExist
[2026-03-13 20:49:12] [DEBUG] Family group not found — skipping F2849
[2026-03-13 20:49:13] [DEBUG] Clicked and typed at (712,135): F2850
[2026-03-13 20:49:15] [DEBUG] IsGoldWindowActive: matched via WinExist
[2026-03-13 20:49:19] [DEBUG] Family group not found — skipping F2850
[2026-03-13 20:49:20] [DEBUG] Clicked and typed at (712,135): F2851
[2026-03-13 20:49:22] [DEBUG] IsGoldWindowActive: matched via WinExist
[2026-03-13 20:49:26] [DEBUG] Family group not found — skipping F2851
[2026-03-13 20:49:27] [DEBUG] Clicked and typed at (712,135): F2852
[2026-03-13 20:49:29] [DEBUG] IsGoldWindowActive: matched via WinExist
[2026-03-13 20:49:33] [DEBUG] Family group not found — skipping F2852
[2026-03-13 20:49:34] [DEBUG] Clicked and typed at (712,135): F2853
[2026-03-13 20:49:36] [DEBUG] IsGoldWindowActive: matched via WinExist
[2026-03-13 20:49:40] [DEBUG] Family group not found — skipping F2853
[2026-03-13 20:49:41] [DEBUG] Clicked and typed at (712,135): F2854
[2026-03-13 20:49:43] [DEBUG] IsGoldWindowActive: matched via WinExist
[2026-03-13 20:49:47] [DEBUG] Family group not found — skipping F2854
[2026-03-13 20:49:48] [DEBUG] Clicked and typed at (712,135): F2855
[2026-03-13 20:49:50] [DEBUG] IsGoldWindowActive: matched via WinExist
[2026-03-13 20:49:54] [DEBUG] Family group not found — skipping F2855
[2026-03-13 20:49:54] [DEBUG] Clicked and typed at (712,135): F2856
[2026-03-13 20:49:57] [DEBUG] IsGoldWindowActive: matched via WinExist
[2026-03-13 20:50:01] [DEBUG] Family group not found — skipping F2856
[2026-03-13 20:50:01] [DEBUG] Clicked and typed at (712,135): F2857
[2026-03-13 20:50:04] [DEBUG] IsGoldWindowActive: matched via WinExist
[2026-03-13 20:50:08] [DEBUG] Family group not found — skipping F2857
[2026-03-13 20:50:08] [DEBUG] Clicked and typed at (712,135): F2858
[2026-03-13 20:50:11] [DEBUG] IsGoldWindowActive: matched via WinExist
[2026-03-13 20:50:15] [DEBUG] Family group not found — skipping F2858
[2026-03-13 20:50:15] [DEBUG] Clicked and typed at (712,135): F2859
[2026-03-13 20:50:18] [DEBUG] IsGoldWindowActive: matched via WinExist
[2026-03-13 20:50:22] [DEBUG] Family group not found — skipping F2859
[2026-03-13 20:50:22] [DEBUG] Clicked and typed at (712,135): F2860
[2026-03-13 20:50:25] [DEBUG] IsGoldWindowActive: matched via WinExist
[2026-03-13 20:50:29] [DEBUG] Family group not found — skipping F2860
[2026-03-13 20:50:29] [DEBUG] Clicked and typed at (712,135): F2861
[2026-03-13 20:50:31] [DEBUG] IsGoldWindowActive: matched via WinExist
[2026-03-13 20:50:35] [DEBUG] Family group not found — skipping F2861
[2026-03-13 20:50:36] [DEBUG] Clicked and typed at (712,135): F2862
[2026-03-13 20:50:38] [DEBUG] IsGoldWindowActive: matched via WinExist
[2026-03-13 20:50:42] [DEBUG] Family group not found — skipping F2862
[2026-03-13 20:50:43] [DEBUG] Clicked and typed at (712,135): F2863
[2026-03-13 20:50:45] [DEBUG] IsGoldWindowActive: matched via WinExist
[2026-03-13 20:50:49] [DEBUG] Family group not found — skipping F2863
[2026-03-13 20:50:50] [DEBUG] Clicked and typed at (712,135): F2864
[2026-03-13 20:50:52] [DEBUG] IsGoldWindowActive: matched via WinExist
[2026-03-13 20:50:56] [DEBUG] Family group not found — skipping F2864
[2026-03-13 20:50:57] [DEBUG] Clicked and typed at (712,135): F2865
[2026-03-13 20:50:59] [DEBUG] IsGoldWindowActive: matched via WinExist
[2026-03-13 20:51:03] [DEBUG] Family group not found — skipping F2865
[2026-03-13 20:51:04] [DEBUG] Clicked and typed at (712,135): F2866
[2026-03-13 20:51:06] [DEBUG] IsGoldWindowActive: matched via WinExist
[2026-03-13 20:51:10] [DEBUG] Family group not found — skipping F2866
[2026-03-13 20:51:11] [DEBUG] Clicked and typed at (712,135): F2867
[2026-03-13 20:51:13] [DEBUG] IsGoldWindowActive: matched via WinExist
[2026-03-13 20:51:17] [DEBUG] Family group not found — skipping F2867
[2026-03-13 20:51:18] [DEBUG] Clicked and typed at (712,135): F2868
[2026-03-13 20:51:20] [DEBUG] IsGoldWindowActive: matched via WinExist
[2026-03-13 20:51:24] [DEBUG] Family group not found — skipping F2868
[2026-03-13 20:51:25] [DEBUG] Clicked and typed at (712,135): F2869
[2026-03-13 20:51:27] [DEBUG] IsGoldWindowActive: matched via WinExist
[2026-03-13 20:51:31] [DEBUG] Family group not found — skipping F2869
[2026-03-13 20:51:32] [DEBUG] Clicked and typed at (712,135): F2870
[2026-03-13 20:51:34] [DEBUG] IsGoldWindowActive: matched via WinExist
[2026-03-13 20:51:38] [DEBUG] Family group not found — skipping F2870
[2026-03-13 20:51:39] [DEBUG] Clicked and typed at (712,135): F2871
[2026-03-13 20:51:41] [DEBUG] IsGoldWindowActive: matched via WinExist
[2026-03-13 20:51:45] [DEBUG] Family group not found — skipping F2871
[2026-03-13 20:51:46] [DEBUG] Clicked and typed at (712,135): F2872
[2026-03-13 20:51:48] [DEBUG] IsGoldWindowActive: matched via WinExist
[2026-03-13 20:51:52] [DEBUG] Family group not found — skipping F2872
[2026-03-13 20:51:53] [DEBUG] Clicked and typed at (712,135): F2873
[2026-03-13 20:51:55] [DEBUG] IsGoldWindowActive: matched via WinExist
[2026-03-13 20:51:59] [DEBUG] Family group not found — skipping F2873
[2026-03-13 20:52:00] [DEBUG] Clicked and typed at (712,135): F2874
[2026-03-13 20:52:02] [DEBUG] IsGoldWindowActive: matched via WinExist
[2026-03-13 20:52:06] [DEBUG] Family group not found — skipping F2874
[2026-03-13 20:52:07] [DEBUG] Clicked and typed at (712,135): F2875
[2026-03-13 20:52:09] [DEBUG] IsGoldWindowActive: matched via WinExist
[2026-03-13 20:52:13] [DEBUG] Family group not found — skipping F2875
[2026-03-13 20:52:14] [DEBUG] Clicked and typed at (712,135): F2876
[2026-03-13 20:52:16] [DEBUG] IsGoldWindowActive: matched via WinExist
[2026-03-13 20:52:20] [DEBUG] Family group not found — skipping F2876
[2026-03-13 20:52:20] [DEBUG] Clicked and typed at (712,135): F2877
[2026-03-13 20:52:23] [DEBUG] IsGoldWindowActive: matched via WinExist
[2026-03-13 20:52:27] [DEBUG] Family group not found — skipping F2877
[2026-03-13 20:52:27] [DEBUG] Clicked and typed at (712,135): F2878
[2026-03-13 20:52:30] [DEBUG] IsGoldWindowActive: matched via WinExist
[2026-03-13 20:52:34] [DEBUG] Family group not found — skipping F2878
[2026-03-13 20:52:34] [DEBUG] Clicked and typed at (712,135): F2879
[2026-03-13 20:52:37] [DEBUG] IsGoldWindowActive: matched via WinExist
[2026-03-13 20:52:41] [DEBUG] Family group not found — skipping F2879
[2026-03-13 20:52:41] [DEBUG] Clicked and typed at (712,135): F2880
[2026-03-13 20:52:43] [DEBUG] IsGoldWindowActive: matched via WinExist
[2026-03-13 20:52:47] [DEBUG] Family group not found — skipping F2880
[2026-03-13 20:52:48] [DEBUG] Clicked and typed at (712,135): F2881
[2026-03-13 20:52:50] [DEBUG] IsGoldWindowActive: matched via WinExist
[2026-03-13 20:52:54] [DEBUG] Family group not found — skipping F2881
[2026-03-13 20:52:55] [DEBUG] Clicked and typed at (712,135): F2882
[2026-03-13 20:52:57] [DEBUG] IsGoldWindowActive: matched via WinExist
[2026-03-13 20:53:01] [DEBUG] Family group not found — skipping F2882
[2026-03-13 20:53:02] [DEBUG] Clicked and typed at (712,135): F2883
[2026-03-13 20:53:04] [DEBUG] IsGoldWindowActive: matched via WinExist
[2026-03-13 20:53:08] [DEBUG] Family group not found — skipping F2883
[2026-03-13 20:53:09] [DEBUG] Clicked and typed at (712,135): F3222
[2026-03-13 20:53:11] [DEBUG] IsGoldWindowActive: matched via WinExist
[2026-03-13 20:53:15] [DEBUG] Family group not found — skipping F3222
[2026-03-13 20:53:16] [DEBUG] Clicked and typed at (712,135): F3512
[2026-03-13 20:53:18] [DEBUG] IsGoldWindowActive: matched via WinExist
[2026-03-13 20:53:22] [DEBUG] Family group not found — skipping F3512
[2026-03-13 20:53:23] [DEBUG] Clicked and typed at (712,135): F2884
[2026-03-13 20:53:25] [DEBUG] IsGoldWindowActive: matched via WinExist
[2026-03-13 20:53:29] [DEBUG] Family group not found — skipping F2884
[2026-03-13 20:53:30] [DEBUG] Clicked and typed at (712,135): F2885
[2026-03-13 20:53:32] [DEBUG] IsGoldWindowActive: matched via WinExist
[2026-03-13 20:53:36] [DEBUG] Family group not found — skipping F2885
[2026-03-13 20:53:37] [DEBUG] Clicked and typed at (712,135): F2886
[2026-03-13 20:53:39] [DEBUG] IsGoldWindowActive: matched via WinExist
[2026-03-13 20:53:43] [DEBUG] Family group not found — skipping F2886
[2026-03-13 20:53:44] [DEBUG] Clicked and typed at (712,135): F2887
[2026-03-13 20:53:46] [DEBUG] IsGoldWindowActive: matched via WinExist
[2026-03-13 20:53:50] [DEBUG] Family group not found — skipping F2887
[2026-03-13 20:53:51] [DEBUG] Clicked and typed at (712,135): F2888
[2026-03-13 20:53:53] [DEBUG] IsGoldWindowActive: matched via WinExist
[2026-03-13 20:53:57] [DEBUG] Family group not found — skipping F2888
[2026-03-13 20:53:58] [DEBUG] Clicked and typed at (712,135): F2889
[2026-03-13 20:54:00] [DEBUG] IsGoldWindowActive: matched via WinExist
[2026-03-13 20:54:04] [DEBUG] Family group not found — skipping F2889
[2026-03-13 20:54:05] [DEBUG] Clicked and typed at (712,135): F2890
[2026-03-13 20:54:07] [DEBUG] IsGoldWindowActive: matched via WinExist
[2026-03-13 20:54:11] [DEBUG] Family group not found — skipping F2890
[2026-03-13 20:54:12] [DEBUG] Clicked and typed at (712,135): F2891
[2026-03-13 20:54:14] [DEBUG] IsGoldWindowActive: matched via WinExist
[2026-03-13 20:54:18] [DEBUG] Family group not found — skipping F2891
[2026-03-13 20:54:19] [DEBUG] Clicked and typed at (712,135): F2892
[2026-03-13 20:54:21] [DEBUG] IsGoldWindowActive: matched via WinExist
[2026-03-13 20:54:25] [DEBUG] Family group not found — skipping F2892
[2026-03-13 20:54:25] [DEBUG] Clicked and typed at (712,135): F2893
[2026-03-13 20:54:28] [DEBUG] IsGoldWindowActive: matched via WinExist
[2026-03-13 20:54:32] [DEBUG] Family group not found — skipping F2893
[2026-03-13 20:54:32] [DEBUG] Clicked and typed at (712,135): F2903
[2026-03-13 20:54:35] [DEBUG] IsGoldWindowActive: matched via WinExist
[2026-03-13 20:54:39] [DEBUG] Family group not found — skipping F2903
[2026-03-13 20:54:39] [DEBUG] Clicked and typed at (712,135): F2904
[2026-03-13 20:54:42] [DEBUG] IsGoldWindowActive: matched via WinExist
[2026-03-13 20:54:46] [DEBUG] Family group not found — skipping F2904
[2026-03-13 20:54:46] [DEBUG] Clicked and typed at (712,135): F2905
[2026-03-13 20:54:49] [DEBUG] IsGoldWindowActive: matched via WinExist
[2026-03-13 20:54:53] [DEBUG] Family group not found — skipping F2905
[2026-03-13 20:54:53] [DEBUG] Clicked and typed at (712,135): F2906
[2026-03-13 20:54:56] [DEBUG] IsGoldWindowActive: matched via WinExist
[2026-03-13 20:55:00] [DEBUG] Family group not found — skipping F2906
[2026-03-13 20:55:00] [DEBUG] Clicked and typed at (712,135): F2907
[2026-03-13 20:55:03] [DEBUG] IsGoldWindowActive: matched via WinExist
[2026-03-13 20:55:07] [DEBUG] Family group not found — skipping F2907
[2026-03-13 20:55:07] [DEBUG] Clicked and typed at (712,135): F2908
[2026-03-13 20:55:09] [DEBUG] IsGoldWindowActive: matched via WinExist
[2026-03-13 20:55:13] [DEBUG] Family group not found — skipping F2908
[2026-03-13 20:55:14] [DEBUG] Clicked and typed at (712,135): F2909
[2026-03-13 20:55:16] [DEBUG] IsGoldWindowActive: matched via WinExist
[2026-03-13 20:55:20] [DEBUG] Family group not found — skipping F2909
[2026-03-13 20:55:21] [DEBUG] Clicked and typed at (712,135): F2910
[2026-03-13 20:55:23] [DEBUG] IsGoldWindowActive: matched via WinExist
[2026-03-13 20:55:27] [DEBUG] Family group not found — skipping F2910
[2026-03-13 20:55:28] [DEBUG] Clicked and typed at (712,135): F2911
[2026-03-13 20:55:30] [DEBUG] IsGoldWindowActive: matched via WinExist
[2026-03-13 20:55:34] [DEBUG] Family group not found — skipping F2911
[2026-03-13 20:55:35] [DEBUG] Clicked and typed at (712,135): F1000014
[2026-03-13 20:55:37] [DEBUG] IsGoldWindowActive: matched via WinExist
[2026-03-13 20:55:41] [DEBUG] Family group not found — skipping F1000014
[2026-03-13 20:55:41] [DEBUG] All categories processed — work finished
