[2026-03-25 13:41:19] [DEBUG] MergeLabels: Prices loaded — 285 items
[2026-03-25 13:41:28] [DEBUG] MergeLabels: 67 merged, 0 skipped ? C:\Users\Backoffice\Documents\Gilberto\Hotkey\office_scripts\PriceChange\merged_labels.csv
[2026-03-25 14:21:36] [INFO] Starting Excel session with file: C:\Users\Backoffice\Downloads\Deals_week_13.xlsx
[2026-03-25 14:21:38] [INFO] Excel session started successfully
[2026-03-25 14:21:38] [INFO] Row count in IMPULSE: 10
[2026-03-25 14:21:38] [DEBUG] Got value from IMPULSE[2,1]: 5391520188749.0
[2026-03-25 14:21:38] [DEBUG] Got value from IMPULSE[2,2]: 3.5
[2026-03-25 14:21:38] [DEBUG] Got value from IMPULSE[3,1]: 5391527000167.0
[2026-03-25 14:21:38] [DEBUG] Got value from IMPULSE[3,2]: 3.5
[2026-03-25 14:21:38] [DEBUG] Got value from IMPULSE[4,1]: 5011003000152.0
[2026-03-25 14:21:38] [DEBUG] Got value from IMPULSE[4,2]: 3.5
[2026-03-25 14:21:38] [DEBUG] Got value from IMPULSE[5,1]: 5035766062578.0
[2026-03-25 14:21:38] [DEBUG] Got value from IMPULSE[5,2]: 17.0
[2026-03-25 14:21:38] [DEBUG] Got value from IMPULSE[6,1]: 7622201439095.0
[2026-03-25 14:21:38] [DEBUG] Got value from IMPULSE[6,2]: 2.3999999999999999
[2026-03-25 14:21:38] [DEBUG] Got value from IMPULSE[7,1]: 7622201460792.0
[2026-03-25 14:21:38] [DEBUG] Got value from IMPULSE[7,2]: 2.3999999999999999
[2026-03-25 14:21:38] [DEBUG] Got value from IMPULSE[8,1]: 7622201461232.0
[2026-03-25 14:21:38] [DEBUG] Got value from IMPULSE[8,2]: 2.3999999999999999
[2026-03-25 14:21:38] [DEBUG] Got value from IMPULSE[9,1]: 7622201461874.0
[2026-03-25 14:21:38] [DEBUG] Got value from IMPULSE[9,2]: 2.3999999999999999
[2026-03-25 14:21:38] [DEBUG] Got value from IMPULSE[10,1]: 7622201675349.0
[2026-03-25 14:21:38] [DEBUG] Got value from IMPULSE[10,2]: 2.3999999999999999
[2026-03-25 14:21:38] [DEBUG] Got value from IMPULSE[11,1]: 7622201746742.0
[2026-03-25 14:21:38] [DEBUG] Got value from IMPULSE[11,2]: 2.3999999999999999
[2026-03-25 14:21:38] [INFO] Loaded 10 items from Excel
[2026-03-25 14:22:28] [INFO] === Starting Price Change Workflow ===
[2026-03-25 14:22:29] [INFO] Activated window: GOLD PRD - \\Remote
[2026-03-25 14:22:30] [INFO] Processing item 1/10
[2026-03-25 14:22:31] [DEBUG] Set field value at (269,205): 25/03/26
[2026-03-25 14:22:31] [INFO] Start date set to: 25/03/26
[2026-03-25 14:22:32] [DEBUG] Clicked and typed at (349,136): 5391520188749
[2026-03-25 14:22:36] [INFO] Searched for article: 5391520188749
[2026-03-25 14:22:40] [DEBUG] Focused and replaced field at (537,290): 3.50
[2026-03-25 14:22:40] [INFO] Entered new price: 3.50
[2026-03-25 14:22:41] [INFO] End date set to: 26/03/20
[2026-03-25 14:22:42] [DEBUG] Reason Code is empty, skipping
[2026-03-25 14:22:44] [INFO] Pressed Alt+S to save the new price
[2026-03-25 14:22:47] [DEBUG] Clicked at (134,90)
[2026-03-25 14:22:49] [DEBUG] Clicked at (230,123)
[2026-03-25 14:22:51] [INFO] Successfully processed item 1
[2026-03-25 14:23:31] [INFO] Ending Excel session
[2026-03-25 14:23:33] [INFO] Ending Excel session
[2026-03-25 14:23:33] [ERROR] Error closing Excel: (0x80010108) The object invoked has disconnected from its clients.
[2026-03-25 14:23:33] [ERROR] Error closing Excel: (0x80010108) The object invoked has disconnected from its clients.
[2026-03-25 14:23:35] [INFO] Excel session ended successfully
[2026-03-25 14:24:53] [INFO] Starting Excel session with file: C:\Users\Backoffice\Downloads\Deals_week_13.xlsx
[2026-03-25 14:24:55] [INFO] Excel session started successfully
[2026-03-25 14:24:55] [INFO] Row count in IMPULSE: 10
[2026-03-25 14:24:55] [DEBUG] Got value from IMPULSE[2,1]: 5391520188749.0
[2026-03-25 14:24:55] [DEBUG] Got value from IMPULSE[2,2]: 3.5
[2026-03-25 14:24:55] [DEBUG] Got value from IMPULSE[3,1]: 5391527000167.0
[2026-03-25 14:24:55] [DEBUG] Got value from IMPULSE[3,2]: 3.5
[2026-03-25 14:24:55] [DEBUG] Got value from IMPULSE[4,1]: 5011003000152.0
[2026-03-25 14:24:55] [DEBUG] Got value from IMPULSE[4,2]: 3.5
[2026-03-25 14:24:55] [DEBUG] Got value from IMPULSE[5,1]: 5035766062578.0
[2026-03-25 14:24:55] [DEBUG] Got value from IMPULSE[5,2]: 17.0
[2026-03-25 14:24:55] [DEBUG] Got value from IMPULSE[6,1]: 7622201439095.0
[2026-03-25 14:24:55] [DEBUG] Got value from IMPULSE[6,2]: 2.3999999999999999
[2026-03-25 14:24:55] [DEBUG] Got value from IMPULSE[7,1]: 7622201460792.0
[2026-03-25 14:24:55] [DEBUG] Got value from IMPULSE[7,2]: 2.3999999999999999
[2026-03-25 14:24:55] [DEBUG] Got value from IMPULSE[8,1]: 7622201461232.0
[2026-03-25 14:24:55] [DEBUG] Got value from IMPULSE[8,2]: 2.3999999999999999
[2026-03-25 14:24:55] [DEBUG] Got value from IMPULSE[9,1]: 7622201461874.0
[2026-03-25 14:24:55] [DEBUG] Got value from IMPULSE[9,2]: 2.3999999999999999
[2026-03-25 14:24:55] [DEBUG] Got value from IMPULSE[10,1]: 7622201675349.0
[2026-03-25 14:24:55] [DEBUG] Got value from IMPULSE[10,2]: 2.3999999999999999
[2026-03-25 14:24:55] [DEBUG] Got value from IMPULSE[11,1]: 7622201746742.0
[2026-03-25 14:24:55] [DEBUG] Got value from IMPULSE[11,2]: 2.3999999999999999
[2026-03-25 14:24:55] [INFO] Loaded 10 items from Excel
[2026-03-25 14:25:02] [INFO] === Starting Price Change Workflow ===
[2026-03-25 14:25:03] [INFO] Activated window: GOLD PRD - \\Remote
[2026-03-25 14:25:04] [INFO] Processing item 1/10
[2026-03-25 14:25:05] [DEBUG] Set field value at (269,205): 25/03/26
[2026-03-25 14:25:05] [INFO] Start date set to: 25/03/26
[2026-03-25 14:25:06] [DEBUG] Clicked and typed at (349,136): 5391520188749
[2026-03-25 14:25:10] [INFO] Searched for article: 5391520188749
[2026-03-25 14:25:14] [DEBUG] Focused and replaced field at (537,290): 3.50
[2026-03-25 14:25:14] [INFO] Entered new price: 3.50
[2026-03-25 14:25:15] [INFO] End date set to: 26/03/26
[2026-03-25 14:25:16] [DEBUG] Reason Code is empty, skipping
[2026-03-25 14:25:18] [INFO] Pressed Alt+S to save the new price
[2026-03-25 14:25:21] [DEBUG] Clicked at (134,90)
[2026-03-25 14:25:23] [DEBUG] Clicked at (230,123)
[2026-03-25 14:25:25] [INFO] Successfully processed item 1
[2026-03-25 14:25:25] [INFO] Processing item 2/10
[2026-03-25 14:25:27] [DEBUG] Clicked and typed at (349,136): 5391527000167
[2026-03-25 14:25:31] [INFO] Searched for article: 5391527000167
[2026-03-25 14:25:34] [DEBUG] Focused and replaced field at (537,290): 3.50
[2026-03-25 14:25:34] [INFO] Entered new price: 3.50
[2026-03-25 14:25:36] [INFO] End date set to: 26/03/26
[2026-03-25 14:25:36] [DEBUG] Reason Code is empty, skipping
[2026-03-25 14:25:39] [INFO] Pressed Alt+S to save the new price
[2026-03-25 14:25:41] [DEBUG] Clicked at (134,90)
[2026-03-25 14:25:43] [DEBUG] Clicked at (230,123)
[2026-03-25 14:25:45] [INFO] Successfully processed item 2
[2026-03-25 14:25:45] [INFO] Processing item 3/10
[2026-03-25 14:25:47] [DEBUG] Clicked and typed at (349,136): 5011003000152
[2026-03-25 14:25:51] [INFO] Searched for article: 5011003000152
[2026-03-25 14:25:54] [DEBUG] Focused and replaced field at (537,290): 3.50
[2026-03-25 14:25:54] [INFO] Entered new price: 3.50
[2026-03-25 14:25:56] [INFO] End date set to: 26/03/26
[2026-03-25 14:25:56] [DEBUG] Reason Code is empty, skipping
[2026-03-25 14:25:59] [INFO] Pressed Alt+S to save the new price
[2026-03-25 14:26:01] [DEBUG] Clicked at (134,90)
[2026-03-25 14:26:04] [DEBUG] Clicked at (230,123)
[2026-03-25 14:26:06] [INFO] Successfully processed item 3
[2026-03-25 14:26:06] [INFO] Processing item 4/10
[2026-03-25 14:26:07] [DEBUG] Clicked and typed at (349,136): 5035766062578
[2026-03-25 14:26:11] [INFO] Searched for article: 5035766062578
[2026-03-25 14:26:14] [DEBUG] Focused and replaced field at (537,290): 17.00
[2026-03-25 14:26:14] [INFO] Entered new price: 17.00
[2026-03-25 14:26:16] [INFO] End date set to: 26/03/26
[2026-03-25 14:26:16] [DEBUG] Reason Code is empty, skipping
[2026-03-25 14:26:19] [INFO] Pressed Alt+S to save the new price
[2026-03-25 14:26:21] [DEBUG] Clicked at (134,90)
[2026-03-25 14:26:24] [DEBUG] Clicked at (230,123)
[2026-03-25 14:26:26] [INFO] Successfully processed item 4
[2026-03-25 14:26:26] [INFO] Processing item 5/10
[2026-03-25 14:26:27] [DEBUG] Clicked and typed at (349,136): 7622201439095
[2026-03-25 14:26:31] [INFO] Searched for article: 7622201439095
[2026-03-25 14:26:35] [DEBUG] Focused and replaced field at (537,290): 2.40
[2026-03-25 14:26:35] [INFO] Entered new price: 2.40
[2026-03-25 14:26:36] [INFO] End date set to: 26/03/26
[2026-03-25 14:26:37] [DEBUG] Reason Code is empty, skipping
[2026-03-25 14:26:39] [INFO] Pressed Alt+S to save the new price
[2026-03-25 14:26:42] [DEBUG] Clicked at (134,90)
[2026-03-25 14:26:44] [DEBUG] Clicked at (230,123)
[2026-03-25 14:26:46] [INFO] Successfully processed item 5
[2026-03-25 14:26:46] [INFO] Processing item 6/10
[2026-03-25 14:26:47] [DEBUG] Clicked and typed at (349,136): 7622201460792
[2026-03-25 14:26:51] [INFO] Searched for article: 7622201460792
[2026-03-25 14:26:55] [DEBUG] Focused and replaced field at (537,290): 2.40
[2026-03-25 14:26:55] [INFO] Entered new price: 2.40
[2026-03-25 14:26:56] [INFO] End date set to: 26/03/26
[2026-03-25 14:26:57] [DEBUG] Reason Code is empty, skipping
[2026-03-25 14:26:59] [INFO] Pressed Alt+S to save the new price
[2026-03-25 14:27:02] [DEBUG] Clicked at (134,90)
[2026-03-25 14:27:04] [DEBUG] Clicked at (230,123)
[2026-03-25 14:27:06] [INFO] Successfully processed item 6
[2026-03-25 14:27:06] [INFO] Processing item 7/10
[2026-03-25 14:27:08] [DEBUG] Clicked and typed at (349,136): 7622201461232
[2026-03-25 14:27:12] [INFO] Searched for article: 7622201461232
[2026-03-25 14:27:15] [DEBUG] Focused and replaced field at (537,290): 2.40
[2026-03-25 14:27:15] [INFO] Entered new price: 2.40
[2026-03-25 14:27:16] [INFO] End date set to: 26/03/26
[2026-03-25 14:27:17] [DEBUG] Reason Code is empty, skipping
[2026-03-25 14:27:19] [INFO] Pressed Alt+S to save the new price
[2026-03-25 14:27:22] [DEBUG] Clicked at (134,90)
[2026-03-25 14:27:24] [DEBUG] Clicked at (230,123)
[2026-03-25 14:27:26] [INFO] Successfully processed item 7
[2026-03-25 14:27:26] [INFO] Processing item 8/10
[2026-03-25 14:27:28] [DEBUG] Clicked and typed at (349,136): 7622201461874
[2026-03-25 14:27:32] [INFO] Searched for article: 7622201461874
[2026-03-25 14:27:35] [DEBUG] Focused and replaced field at (537,290): 2.40
[2026-03-25 14:27:35] [INFO] Entered new price: 2.40
[2026-03-25 14:27:37] [INFO] End date set to: 26/03/26
[2026-03-25 14:27:37] [DEBUG] Reason Code is empty, skipping
[2026-03-25 14:27:40] [INFO] Pressed Alt+S to save the new price
[2026-03-25 14:27:42] [DEBUG] Clicked at (134,90)
[2026-03-25 14:27:45] [DEBUG] Clicked at (230,123)
[2026-03-25 14:27:47] [INFO] Successfully processed item 8
[2026-03-25 14:27:47] [INFO] Processing item 9/10
[2026-03-25 14:27:48] [DEBUG] Clicked and typed at (349,136): 7622201675349
[2026-03-25 14:27:52] [INFO] Searched for article: 7622201675349
[2026-03-25 14:27:55] [DEBUG] Focused and replaced field at (537,290): 2.40
[2026-03-25 14:27:55] [INFO] Entered new price: 2.40
[2026-03-25 14:27:57] [INFO] End date set to: 26/03/26
[2026-03-25 14:27:57] [DEBUG] Reason Code is empty, skipping
[2026-03-25 14:28:00] [INFO] Pressed Alt+S to save the new price
[2026-03-25 14:28:02] [DEBUG] Clicked at (134,90)
[2026-03-25 14:28:05] [DEBUG] Clicked at (230,123)
[2026-03-25 14:28:07] [INFO] Successfully processed item 9
[2026-03-25 14:28:07] [INFO] Processing item 10/10
[2026-03-25 14:28:08] [DEBUG] Clicked and typed at (349,136): 7622201746742
[2026-03-25 14:28:12] [INFO] Searched for article: 7622201746742
[2026-03-25 14:28:16] [DEBUG] Focused and replaced field at (537,290): 2.40
[2026-03-25 14:28:16] [INFO] Entered new price: 2.40
[2026-03-25 14:28:17] [INFO] End date set to: 26/03/26
[2026-03-25 14:28:17] [DEBUG] Reason Code is empty, skipping
[2026-03-25 14:28:20] [INFO] Pressed Alt+S to save the new price
[2026-03-25 14:28:22] [DEBUG] Clicked at (134,90)
[2026-03-25 14:28:25] [DEBUG] Clicked at (230,123)
[2026-03-25 14:28:27] [INFO] Successfully processed item 10
[2026-03-25 14:28:27] [INFO] === Price Change Workflow Completed ===
[2026-03-25 14:28:52] [INFO] === Starting Price Change Workflow ===
[2026-03-25 14:28:53] [INFO] Activated window: GOLD PRD - \\Remote
[2026-03-25 14:28:53] [INFO] Processing item 1/10
[2026-03-25 14:28:55] [DEBUG] Set field value at (269,205): 25/03/26
[2026-03-25 14:28:55] [INFO] Start date set to: 25/03/26
[2026-03-25 14:28:56] [DEBUG] Clicked and typed at (349,136): 5391520188749
[2026-03-25 14:29:00] [INFO] Searched for article: 5391520188749
[2026-03-25 14:29:03] [DEBUG] Focused and replaced field at (537,290): 3.50
[2026-03-25 14:29:03] [INFO] Entered new price: 3.50
[2026-03-25 14:29:05] [INFO] End date set to: 26/03/26
[2026-03-25 14:29:05] [DEBUG] Reason Code is empty, skipping
[2026-03-25 14:29:08] [INFO] Pressed Alt+S to save the new price
[2026-03-25 14:29:10] [DEBUG] Clicked at (134,90)
[2026-03-25 14:29:13] [DEBUG] Clicked at (230,123)
[2026-03-25 14:29:15] [INFO] Successfully processed item 1
[2026-03-25 14:29:15] [INFO] Processing item 2/10
[2026-03-25 14:29:16] [DEBUG] Clicked and typed at (349,136): 5391527000167
[2026-03-25 14:29:20] [INFO] Searched for article: 5391527000167
[2026-03-25 14:29:24] [DEBUG] Focused and replaced field at (537,290): 3.50
[2026-03-25 14:29:24] [INFO] Entered new price: 3.50
[2026-03-25 14:29:25] [INFO] End date set to: 26/03/26
[2026-03-25 14:29:25] [DEBUG] Reason Code is empty, skipping
[2026-03-25 14:29:28] [INFO] Pressed Alt+S to save the new price
[2026-03-25 14:29:30] [DEBUG] Clicked at (134,90)
[2026-03-25 14:29:33] [DEBUG] Clicked at (230,123)
[2026-03-25 14:29:35] [INFO] Successfully processed item 2
[2026-03-25 14:29:35] [INFO] Processing item 3/10
[2026-03-25 14:29:36] [DEBUG] Clicked and typed at (349,136): 5011003000152
[2026-03-25 14:29:40] [INFO] Searched for article: 5011003000152
[2026-03-25 14:29:44] [DEBUG] Focused and replaced field at (537,290): 3.50
[2026-03-25 14:29:44] [INFO] Entered new price: 3.50
[2026-03-25 14:29:45] [INFO] End date set to: 26/03/26
[2026-03-25 14:29:46] [DEBUG] Reason Code is empty, skipping
[2026-03-25 14:29:48] [INFO] Pressed Alt+S to save the new price
[2026-03-25 14:29:51] [DEBUG] Clicked at (134,90)
[2026-03-25 14:29:53] [DEBUG] Clicked at (230,123)
[2026-03-25 14:29:55] [INFO] Successfully processed item 3
[2026-03-25 14:29:55] [INFO] Processing item 4/10
[2026-03-25 14:29:56] [DEBUG] Clicked and typed at (349,136): 5035766062578
[2026-03-25 14:30:00] [INFO] Searched for article: 5035766062578
[2026-03-25 14:30:04] [DEBUG] Focused and replaced field at (537,290): 17.00
[2026-03-25 14:30:04] [INFO] Entered new price: 17.00
[2026-03-25 14:30:05] [INFO] End date set to: 26/03/26
[2026-03-25 14:30:06] [DEBUG] Reason Code is empty, skipping
[2026-03-25 14:30:08] [INFO] Pressed Alt+S to save the new price
[2026-03-25 14:30:11] [DEBUG] Clicked at (134,90)
[2026-03-25 14:30:13] [DEBUG] Clicked at (230,123)
[2026-03-25 14:30:15] [INFO] Successfully processed item 4
[2026-03-25 14:30:15] [INFO] Processing item 5/10
[2026-03-25 14:30:17] [DEBUG] Clicked and typed at (349,136): 7622201439095
[2026-03-25 14:30:21] [INFO] Searched for article: 7622201439095
[2026-03-25 14:30:24] [DEBUG] Focused and replaced field at (537,290): 2.40
[2026-03-25 14:30:24] [INFO] Entered new price: 2.40
[2026-03-25 14:30:25] [INFO] End date set to: 26/03/26
[2026-03-25 14:30:26] [DEBUG] Reason Code is empty, skipping
[2026-03-25 14:30:29] [INFO] Pressed Alt+S to save the new price
[2026-03-25 14:30:31] [DEBUG] Clicked at (134,90)
[2026-03-25 14:30:33] [DEBUG] Clicked at (230,123)
[2026-03-25 14:30:35] [INFO] Successfully processed item 5
[2026-03-25 14:30:35] [INFO] Processing item 6/10
[2026-03-25 14:30:37] [DEBUG] Clicked and typed at (349,136): 7622201460792
[2026-03-25 14:30:41] [INFO] Searched for article: 7622201460792
[2026-03-25 14:30:44] [DEBUG] Focused and replaced field at (537,290): 2.40
[2026-03-25 14:30:44] [INFO] Entered new price: 2.40
[2026-03-25 14:30:46] [INFO] End date set to: 26/03/26
[2026-03-25 14:30:46] [DEBUG] Reason Code is empty, skipping
[2026-03-25 14:30:49] [INFO] Pressed Alt+S to save the new price
[2026-03-25 14:30:51] [DEBUG] Clicked at (134,90)
[2026-03-25 14:30:54] [DEBUG] Clicked at (230,123)
[2026-03-25 14:30:56] [INFO] Successfully processed item 6
[2026-03-25 14:30:56] [INFO] Processing item 7/10
[2026-03-25 14:30:57] [DEBUG] Clicked and typed at (349,136): 7622201461232
[2026-03-25 14:31:01] [INFO] Searched for article: 7622201461232
[2026-03-25 14:31:04] [DEBUG] Focused and replaced field at (537,290): 2.40
[2026-03-25 14:31:04] [INFO] Entered new price: 2.40
[2026-03-25 14:31:06] [INFO] End date set to: 26/03/26
[2026-03-25 14:31:06] [DEBUG] Reason Code is empty, skipping
[2026-03-25 14:31:09] [INFO] Pressed Alt+S to save the new price
[2026-03-25 14:31:11] [DEBUG] Clicked at (134,90)
[2026-03-25 14:31:14] [DEBUG] Clicked at (230,123)
[2026-03-25 14:31:16] [INFO] Successfully processed item 7
[2026-03-25 14:31:16] [INFO] Processing item 8/10
[2026-03-25 14:31:17] [DEBUG] Clicked and typed at (349,136): 7622201461874
[2026-03-25 14:31:21] [INFO] Searched for article: 7622201461874
[2026-03-25 14:31:25] [DEBUG] Focused and replaced field at (537,290): 2.40
[2026-03-25 14:31:25] [INFO] Entered new price: 2.40
[2026-03-25 14:31:26] [INFO] End date set to: 26/03/26
[2026-03-25 14:31:26] [DEBUG] Reason Code is empty, skipping
[2026-03-25 14:31:29] [INFO] Pressed Alt+S to save the new price
[2026-03-25 14:31:32] [DEBUG] Clicked at (134,90)
[2026-03-25 14:31:34] [DEBUG] Clicked at (230,123)
[2026-03-25 14:31:36] [INFO] Successfully processed item 8
[2026-03-25 14:31:36] [INFO] Processing item 9/10
[2026-03-25 14:31:37] [DEBUG] Clicked and typed at (349,136): 7622201675349
[2026-03-25 14:31:41] [INFO] Searched for article: 7622201675349
[2026-03-25 14:31:45] [DEBUG] Focused and replaced field at (537,290): 2.40
[2026-03-25 14:31:45] [INFO] Entered new price: 2.40
[2026-03-25 14:31:46] [INFO] End date set to: 26/03/26
[2026-03-25 14:31:47] [DEBUG] Reason Code is empty, skipping
[2026-03-25 14:31:49] [INFO] Pressed Alt+S to save the new price
[2026-03-25 14:31:52] [DEBUG] Clicked at (134,90)
[2026-03-25 14:31:54] [DEBUG] Clicked at (230,123)
[2026-03-25 14:31:56] [INFO] Successfully processed item 9
[2026-03-25 14:31:56] [INFO] Processing item 10/10
[2026-03-25 14:31:58] [DEBUG] Clicked and typed at (349,136): 7622201746742
[2026-03-25 14:32:02] [INFO] Searched for article: 7622201746742
[2026-03-25 14:32:05] [DEBUG] Focused and replaced field at (537,290): 2.40
[2026-03-25 14:32:05] [INFO] Entered new price: 2.40
[2026-03-25 14:32:06] [INFO] End date set to: 26/03/26
[2026-03-25 14:32:07] [DEBUG] Reason Code is empty, skipping
[2026-03-25 14:32:09] [INFO] Pressed Alt+S to save the new price
[2026-03-25 14:32:12] [DEBUG] Clicked at (134,90)
[2026-03-25 14:32:14] [DEBUG] Clicked at (230,123)
[2026-03-25 14:32:16] [INFO] Successfully processed item 10
[2026-03-25 14:32:16] [INFO] === Price Change Workflow Completed ===
[2026-03-25 14:32:36] [INFO] === Starting Price Change Workflow ===
[2026-03-25 14:32:37] [INFO] Activated window: GOLD PRD - \\Remote
[2026-03-25 14:32:37] [INFO] Processing item 1/10
[2026-03-25 14:32:39] [DEBUG] Set field value at (269,205): 25/03/26
[2026-03-25 14:32:39] [INFO] Start date set to: 25/03/26
[2026-03-25 14:32:40] [DEBUG] Clicked and typed at (349,136): 5391520188749
[2026-03-25 14:32:44] [INFO] Searched for article: 5391520188749
[2026-03-25 14:32:47] [DEBUG] Focused and replaced field at (537,290): 3.50
[2026-03-25 14:32:47] [INFO] Entered new price: 3.50
[2026-03-25 14:32:49] [INFO] End date set to: 26/03/26
[2026-03-25 14:32:49] [DEBUG] Reason Code is empty, skipping
[2026-03-25 14:32:52] [INFO] Pressed Alt+S to save the new price
[2026-03-25 14:32:54] [DEBUG] Clicked at (134,90)
[2026-03-25 14:32:57] [DEBUG] Clicked at (230,123)
[2026-03-25 14:32:59] [INFO] Successfully processed item 1
[2026-03-25 14:32:59] [INFO] Processing item 2/10
[2026-03-25 14:33:00] [DEBUG] Clicked and typed at (349,136): 5391527000167
[2026-03-25 14:33:04] [INFO] Searched for article: 5391527000167
[2026-03-25 14:33:08] [DEBUG] Focused and replaced field at (537,290): 3.50
[2026-03-25 14:33:08] [INFO] Entered new price: 3.50
[2026-03-25 14:33:09] [INFO] End date set to: 26/03/26
[2026-03-25 14:33:09] [DEBUG] Reason Code is empty, skipping
[2026-03-25 14:33:12] [INFO] Pressed Alt+S to save the new price
[2026-03-25 14:33:14] [DEBUG] Clicked at (134,90)
[2026-03-25 14:33:17] [DEBUG] Clicked at (230,123)
[2026-03-25 14:33:19] [INFO] Successfully processed item 2
[2026-03-25 14:33:19] [INFO] Processing item 3/10
[2026-03-25 14:33:20] [DEBUG] Clicked and typed at (349,136): 5011003000152
[2026-03-25 14:33:24] [INFO] Searched for article: 5011003000152
[2026-03-25 14:33:28] [DEBUG] Focused and replaced field at (537,290): 3.50
[2026-03-25 14:33:28] [INFO] Entered new price: 3.50
[2026-03-25 14:33:29] [INFO] End date set to: 26/03/26
[2026-03-25 14:33:30] [DEBUG] Reason Code is empty, skipping
[2026-03-25 14:33:32] [INFO] Pressed Alt+S to save the new price
[2026-03-25 14:33:35] [DEBUG] Clicked at (134,90)
[2026-03-25 14:33:37] [DEBUG] Clicked at (230,123)
[2026-03-25 14:33:39] [INFO] Successfully processed item 3
[2026-03-25 14:33:39] [INFO] Processing item 4/10
[2026-03-25 14:33:40] [DEBUG] Clicked and typed at (349,136): 5035766062578
[2026-03-25 14:33:44] [INFO] Searched for article: 5035766062578
[2026-03-25 14:33:48] [DEBUG] Focused and replaced field at (537,290): 17.00
[2026-03-25 14:33:48] [INFO] Entered new price: 17.00
[2026-03-25 14:33:49] [INFO] End date set to: 26/03/26
[2026-03-25 14:33:50] [DEBUG] Reason Code is empty, skipping
[2026-03-25 14:33:52] [INFO] Pressed Alt+S to save the new price
[2026-03-25 14:33:55] [DEBUG] Clicked at (134,90)
[2026-03-25 14:33:57] [DEBUG] Clicked at (230,123)
[2026-03-25 14:33:59] [INFO] Successfully processed item 4
[2026-03-25 14:33:59] [INFO] Processing item 5/10
[2026-03-25 14:34:01] [DEBUG] Clicked and typed at (349,136): 7622201439095
[2026-03-25 14:34:05] [INFO] Searched for article: 7622201439095
[2026-03-25 14:34:08] [DEBUG] Focused and replaced field at (537,290): 2.40
[2026-03-25 14:34:08] [INFO] Entered new price: 2.40
[2026-03-25 14:34:09] [INFO] End date set to: 26/03/26
[2026-03-25 14:34:10] [DEBUG] Reason Code is empty, skipping
[2026-03-25 14:34:12] [INFO] Pressed Alt+S to save the new price
[2026-03-25 14:34:15] [DEBUG] Clicked at (134,90)
[2026-03-25 14:34:17] [DEBUG] Clicked at (230,123)
[2026-03-25 14:34:19] [INFO] Successfully processed item 5
[2026-03-25 14:34:19] [INFO] Processing item 6/10
[2026-03-25 14:34:21] [DEBUG] Clicked and typed at (349,136): 7622201460792
[2026-03-25 14:34:25] [INFO] Searched for article: 7622201460792
[2026-03-25 14:34:28] [DEBUG] Focused and replaced field at (537,290): 2.40
[2026-03-25 14:34:28] [INFO] Entered new price: 2.40
[2026-03-25 14:34:30] [INFO] End date set to: 26/03/26
[2026-03-25 14:34:30] [DEBUG] Reason Code is empty, skipping
[2026-03-25 14:34:33] [INFO] Pressed Alt+S to save the new price
[2026-03-25 14:34:35] [DEBUG] Clicked at (134,90)
[2026-03-25 14:34:38] [DEBUG] Clicked at (230,123)
[2026-03-25 14:34:40] [INFO] Successfully processed item 6
[2026-03-25 14:34:40] [INFO] Processing item 7/10
[2026-03-25 14:34:41] [DEBUG] Clicked and typed at (349,136): 7622201461232
[2026-03-25 14:34:45] [INFO] Searched for article: 7622201461232
[2026-03-25 14:34:48] [DEBUG] Focused and replaced field at (537,290): 2.40
[2026-03-25 14:34:48] [INFO] Entered new price: 2.40
[2026-03-25 14:34:50] [INFO] End date set to: 26/03/26
[2026-03-25 14:34:50] [DEBUG] Reason Code is empty, skipping
[2026-03-25 14:34:53] [INFO] Pressed Alt+S to save the new price
[2026-03-25 14:34:55] [DEBUG] Clicked at (134,90)
[2026-03-25 14:34:58] [DEBUG] Clicked at (230,123)
[2026-03-25 14:35:00] [INFO] Successfully processed item 7
[2026-03-25 14:35:00] [INFO] Processing item 8/10
[2026-03-25 14:35:01] [DEBUG] Clicked and typed at (349,136): 7622201461874
[2026-03-25 14:35:05] [INFO] Searched for article: 7622201461874
[2026-03-25 14:35:09] [DEBUG] Focused and replaced field at (537,290): 2.40
[2026-03-25 14:35:09] [INFO] Entered new price: 2.40
[2026-03-25 14:35:10] [INFO] End date set to: 26/03/26
[2026-03-25 14:35:10] [DEBUG] Reason Code is empty, skipping
[2026-03-25 14:35:13] [INFO] Pressed Alt+S to save the new price
[2026-03-25 14:35:15] [DEBUG] Clicked at (134,90)
[2026-03-25 14:35:18] [DEBUG] Clicked at (230,123)
[2026-03-25 14:35:20] [INFO] Successfully processed item 8
[2026-03-25 14:35:20] [INFO] Processing item 9/10
[2026-03-25 14:35:21] [DEBUG] Clicked and typed at (349,136): 7622201675349
[2026-03-25 14:35:25] [INFO] Searched for article: 7622201675349
[2026-03-25 14:35:29] [DEBUG] Focused and replaced field at (537,290): 2.40
[2026-03-25 14:35:29] [INFO] Entered new price: 2.40
[2026-03-25 14:35:30] [INFO] End date set to: 26/03/26
[2026-03-25 14:35:31] [DEBUG] Reason Code is empty, skipping
[2026-03-25 14:35:33] [INFO] Pressed Alt+S to save the new price
[2026-03-25 14:35:36] [DEBUG] Clicked at (134,90)
[2026-03-25 14:35:38] [DEBUG] Clicked at (230,123)
[2026-03-25 14:35:40] [INFO] Successfully processed item 9
[2026-03-25 14:35:40] [INFO] Processing item 10/10
[2026-03-25 14:35:41] [DEBUG] Clicked and typed at (349,136): 7622201746742
[2026-03-25 14:35:45] [INFO] Searched for article: 7622201746742
[2026-03-25 14:35:49] [DEBUG] Focused and replaced field at (537,290): 2.40
[2026-03-25 14:35:49] [INFO] Entered new price: 2.40
[2026-03-25 14:35:50] [INFO] End date set to: 26/03/26
[2026-03-25 14:35:51] [DEBUG] Reason Code is empty, skipping
[2026-03-25 14:35:53] [INFO] Pressed Alt+S to save the new price
[2026-03-25 14:35:56] [DEBUG] Clicked at (134,90)
[2026-03-25 14:35:58] [DEBUG] Clicked at (230,123)
[2026-03-25 14:36:00] [INFO] Successfully processed item 10
[2026-03-25 14:36:00] [INFO] === Price Change Workflow Completed ===
[2026-03-25 14:36:14] [INFO] === Starting Price Change Workflow ===
[2026-03-25 14:36:14] [INFO] Activated window: GOLD PRD - \\Remote
[2026-03-25 14:36:15] [INFO] Processing item 1/10
[2026-03-25 14:36:16] [DEBUG] Set field value at (269,205): 25/03/26
[2026-03-25 14:36:16] [INFO] Start date set to: 25/03/26
[2026-03-25 14:36:17] [DEBUG] Clicked and typed at (349,136): 5391520188749
[2026-03-25 14:36:21] [INFO] Searched for article: 5391520188749
[2026-03-25 14:36:25] [DEBUG] Focused and replaced field at (537,290): 3.50
[2026-03-25 14:36:25] [INFO] Entered new price: 3.50
[2026-03-25 14:36:26] [INFO] End date set to: 26/03/26
[2026-03-25 14:36:27] [DEBUG] Reason Code is empty, skipping
[2026-03-25 14:36:29] [INFO] Pressed Alt+S to save the new price
[2026-03-25 14:36:32] [DEBUG] Clicked at (134,90)
[2026-03-25 14:36:34] [DEBUG] Clicked at (230,123)
[2026-03-25 14:36:36] [INFO] Successfully processed item 1
[2026-03-25 14:36:36] [INFO] Processing item 2/10
[2026-03-25 14:36:38] [DEBUG] Clicked and typed at (349,136): 5391527000167
[2026-03-25 14:36:42] [INFO] Searched for article: 5391527000167
[2026-03-25 14:36:45] [DEBUG] Focused and replaced field at (537,290): 3.50
[2026-03-25 14:36:45] [INFO] Entered new price: 3.50
[2026-03-25 14:36:46] [INFO] End date set to: 26/03/26
[2026-03-25 14:36:47] [DEBUG] Reason Code is empty, skipping
[2026-03-25 14:36:49] [INFO] Pressed Alt+S to save the new price
[2026-03-25 14:36:52] [DEBUG] Clicked at (134,90)
[2026-03-25 14:36:54] [DEBUG] Clicked at (230,123)
[2026-03-25 14:36:56] [INFO] Successfully processed item 2
[2026-03-25 14:36:56] [INFO] Processing item 3/10
[2026-03-25 14:36:58] [DEBUG] Clicked and typed at (349,136): 5011003000152
[2026-03-25 14:37:02] [INFO] Searched for article: 5011003000152
[2026-03-25 14:37:05] [DEBUG] Focused and replaced field at (537,290): 3.50
[2026-03-25 14:37:05] [INFO] Entered new price: 3.50
[2026-03-25 14:37:07] [INFO] End date set to: 26/03/26
[2026-03-25 14:37:07] [DEBUG] Reason Code is empty, skipping
[2026-03-25 14:37:10] [INFO] Pressed Alt+S to save the new price
[2026-03-25 14:37:12] [DEBUG] Clicked at (134,90)
[2026-03-25 14:37:14] [DEBUG] Clicked at (230,123)
[2026-03-25 14:37:16] [INFO] Successfully processed item 3
[2026-03-25 14:37:16] [INFO] Processing item 4/10
[2026-03-25 14:37:18] [DEBUG] Clicked and typed at (349,136): 5035766062578
[2026-03-25 14:37:22] [INFO] Searched for article: 5035766062578
[2026-03-25 14:37:25] [DEBUG] Focused and replaced field at (537,290): 17.00
[2026-03-25 14:37:25] [INFO] Entered new price: 17.00
[2026-03-25 14:37:27] [INFO] End date set to: 26/03/26
[2026-03-25 14:37:27] [DEBUG] Reason Code is empty, skipping
[2026-03-25 14:37:30] [INFO] Pressed Alt+S to save the new price
[2026-03-25 14:37:32] [DEBUG] Clicked at (134,90)
[2026-03-25 14:37:35] [DEBUG] Clicked at (230,123)
[2026-03-25 14:37:37] [INFO] Successfully processed item 4
[2026-03-25 14:37:37] [INFO] Processing item 5/10
[2026-03-25 14:37:38] [DEBUG] Clicked and typed at (349,136): 7622201439095
[2026-03-25 14:37:42] [INFO] Searched for article: 7622201439095
[2026-03-25 14:37:45] [DEBUG] Focused and replaced field at (537,290): 2.40
[2026-03-25 14:37:45] [INFO] Entered new price: 2.40
[2026-03-25 14:37:47] [INFO] End date set to: 26/03/26
[2026-03-25 14:37:47] [DEBUG] Reason Code is empty, skipping
[2026-03-25 14:37:50] [INFO] Pressed Alt+S to save the new price
[2026-03-25 14:37:52] [DEBUG] Clicked at (134,90)
[2026-03-25 14:37:55] [DEBUG] Clicked at (230,123)
[2026-03-25 14:37:57] [INFO] Successfully processed item 5
[2026-03-25 14:37:57] [INFO] Processing item 6/10
[2026-03-25 14:37:58] [DEBUG] Clicked and typed at (349,136): 7622201460792
[2026-03-25 14:38:02] [INFO] Searched for article: 7622201460792
[2026-03-25 14:38:06] [DEBUG] Focused and replaced field at (537,290): 2.40
[2026-03-25 14:38:06] [INFO] Entered new price: 2.40
[2026-03-25 14:38:07] [INFO] End date set to: 26/03/26
[2026-03-25 14:38:08] [DEBUG] Reason Code is empty, skipping
[2026-03-25 14:38:10] [INFO] Pressed Alt+S to save the new price
[2026-03-25 14:38:13] [DEBUG] Clicked at (134,90)
[2026-03-25 14:38:15] [DEBUG] Clicked at (230,123)
[2026-03-25 14:38:17] [INFO] Successfully processed item 6
[2026-03-25 14:38:17] [INFO] Processing item 7/10
[2026-03-25 14:38:18] [DEBUG] Clicked and typed at (349,136): 7622201461232
[2026-03-25 14:38:22] [INFO] Searched for article: 7622201461232
[2026-03-25 14:38:46] [DEBUG] Focused and replaced field at (537,290): 2.40
[2026-03-25 14:38:46] [INFO] Entered new price: 2.40
[2026-03-25 14:38:48] [INFO] End date set to: 26/03/26
[2026-03-25 14:38:48] [DEBUG] Reason Code is empty, skipping
[2026-03-25 14:38:51] [INFO] Pressed Alt+S to save the new price
[2026-03-25 14:38:53] [DEBUG] Clicked at (134,90)
[2026-03-25 14:38:56] [DEBUG] Clicked at (230,123)
[2026-03-25 14:38:58] [INFO] Successfully processed item 7
[2026-03-25 14:38:58] [INFO] Processing item 8/10
[2026-03-25 14:38:59] [DEBUG] Clicked and typed at (349,136): 7622201461874
[2026-03-25 14:39:03] [INFO] Searched for article: 7622201461874
[2026-03-25 14:39:07] [DEBUG] Focused and replaced field at (537,290): 2.40
[2026-03-25 14:39:07] [INFO] Entered new price: 2.40
[2026-03-25 14:39:08] [INFO] End date set to: 26/03/26
[2026-03-25 14:39:08] [DEBUG] Reason Code is empty, skipping
[2026-03-25 14:39:11] [INFO] Pressed Alt+S to save the new price
[2026-03-25 14:39:13] [DEBUG] Clicked at (134,90)
[2026-03-25 14:39:16] [DEBUG] Clicked at (230,123)
[2026-03-25 14:39:18] [INFO] Successfully processed item 8
[2026-03-25 14:39:18] [INFO] Processing item 9/10
[2026-03-25 14:39:19] [DEBUG] Clicked and typed at (349,136): 7622201675349
[2026-03-25 14:39:23] [INFO] Searched for article: 7622201675349
[2026-03-25 14:39:27] [DEBUG] Focused and replaced field at (537,290): 2.40
[2026-03-25 14:39:27] [INFO] Entered new price: 2.40
[2026-03-25 14:39:28] [INFO] End date set to: 26/03/26
[2026-03-25 14:39:29] [DEBUG] Reason Code is empty, skipping
[2026-03-25 14:39:31] [INFO] Pressed Alt+S to save the new price
[2026-03-25 14:39:34] [DEBUG] Clicked at (134,90)
[2026-03-25 14:39:36] [DEBUG] Clicked at (230,123)
[2026-03-25 14:39:38] [INFO] Successfully processed item 9
[2026-03-25 14:39:38] [INFO] Processing item 10/10
[2026-03-25 14:39:39] [DEBUG] Clicked and typed at (349,136): 7622201746742
[2026-03-25 14:39:43] [INFO] Searched for article: 7622201746742
[2026-03-25 14:39:47] [DEBUG] Focused and replaced field at (537,290): 2.40
[2026-03-25 14:39:47] [INFO] Entered new price: 2.40
[2026-03-25 14:39:48] [INFO] End date set to: 26/03/26
[2026-03-25 14:39:49] [DEBUG] Reason Code is empty, skipping
[2026-03-25 14:39:51] [INFO] Pressed Alt+S to save the new price
[2026-03-25 14:39:54] [DEBUG] Clicked at (134,90)
[2026-03-25 14:39:56] [DEBUG] Clicked at (230,123)
[2026-03-25 14:39:58] [INFO] Successfully processed item 10
[2026-03-25 14:39:58] [INFO] === Price Change Workflow Completed ===
[2026-03-25 14:40:20] [INFO] === Starting Price Change Workflow ===
[2026-03-25 14:40:21] [INFO] Activated window: GOLD PRD - \\Remote
[2026-03-25 14:40:22] [INFO] Processing item 1/10
[2026-03-25 14:40:23] [DEBUG] Set field value at (269,205): 25/03/26
[2026-03-25 14:40:23] [INFO] Start date set to: 25/03/26
[2026-03-25 14:40:24] [DEBUG] Clicked and typed at (349,136): 5391520188749
[2026-03-25 14:40:28] [INFO] Searched for article: 5391520188749
[2026-03-25 14:40:32] [DEBUG] Focused and replaced field at (537,290): 3.50
[2026-03-25 14:40:32] [INFO] Entered new price: 3.50
[2026-03-25 14:40:33] [INFO] End date set to: 26/03/26
[2026-03-25 14:40:34] [DEBUG] Reason Code is empty, skipping
[2026-03-25 14:40:36] [INFO] Pressed Alt+S to save the new price
[2026-03-25 14:40:39] [DEBUG] Clicked at (134,90)
[2026-03-25 14:40:41] [DEBUG] Clicked at (230,123)
[2026-03-25 14:40:43] [INFO] Successfully processed item 1
[2026-03-25 14:40:43] [INFO] Processing item 2/10
[2026-03-25 14:40:44] [DEBUG] Clicked and typed at (349,136): 5391527000167
[2026-03-25 14:40:48] [INFO] Searched for article: 5391527000167
[2026-03-25 14:40:52] [DEBUG] Focused and replaced field at (537,290): 3.50
[2026-03-25 14:40:52] [INFO] Entered new price: 3.50
[2026-03-25 14:40:53] [INFO] End date set to: 26/03/26
[2026-03-25 14:40:54] [DEBUG] Reason Code is empty, skipping
[2026-03-25 14:40:56] [INFO] Pressed Alt+S to save the new price
[2026-03-25 14:40:59] [DEBUG] Clicked at (134,90)
[2026-03-25 14:41:01] [DEBUG] Clicked at (230,123)
[2026-03-25 14:41:03] [INFO] Successfully processed item 2
[2026-03-25 14:41:03] [INFO] Processing item 3/10
[2026-03-25 14:41:04] [DEBUG] Clicked and typed at (349,136): 5011003000152
[2026-03-25 14:41:08] [INFO] Searched for article: 5011003000152
[2026-03-25 14:41:12] [DEBUG] Focused and replaced field at (537,290): 3.50
[2026-03-25 14:41:12] [INFO] Entered new price: 3.50
[2026-03-25 14:41:13] [INFO] End date set to: 26/03/26
[2026-03-25 14:41:14] [DEBUG] Reason Code is empty, skipping
[2026-03-25 14:41:16] [INFO] Pressed Alt+S to save the new price
[2026-03-25 14:41:19] [DEBUG] Clicked at (134,90)
[2026-03-25 14:41:21] [DEBUG] Clicked at (230,123)
[2026-03-25 14:41:23] [INFO] Successfully processed item 3
[2026-03-25 14:41:23] [INFO] Processing item 4/10
[2026-03-25 14:41:25] [DEBUG] Clicked and typed at (349,136): 5035766062578
[2026-03-25 14:41:29] [INFO] Searched for article: 5035766062578
[2026-03-25 14:41:32] [DEBUG] Focused and replaced field at (537,290): 17.00
[2026-03-25 14:41:32] [INFO] Entered new price: 17.00
[2026-03-25 14:41:33] [INFO] End date set to: 26/03/26
[2026-03-25 14:41:34] [DEBUG] Reason Code is empty, skipping
[2026-03-25 14:41:37] [INFO] Pressed Alt+S to save the new price
[2026-03-25 14:41:39] [DEBUG] Clicked at (134,90)
[2026-03-25 14:41:41] [DEBUG] Clicked at (230,123)
[2026-03-25 14:41:43] [INFO] Successfully processed item 4
[2026-03-25 14:41:43] [INFO] Processing item 5/10
[2026-03-25 14:41:45] [DEBUG] Clicked and typed at (349,136): 7622201439095
[2026-03-25 14:41:49] [INFO] Searched for article: 7622201439095
[2026-03-25 14:41:52] [DEBUG] Focused and replaced field at (537,290): 2.40
[2026-03-25 14:41:52] [INFO] Entered new price: 2.40
[2026-03-25 14:41:54] [INFO] End date set to: 26/03/26
[2026-03-25 14:41:54] [DEBUG] Reason Code is empty, skipping
[2026-03-25 14:41:57] [INFO] Pressed Alt+S to save the new price
[2026-03-25 14:41:59] [DEBUG] Clicked at (134,90)
[2026-03-25 14:42:02] [DEBUG] Clicked at (230,123)
[2026-03-25 14:42:04] [INFO] Successfully processed item 5
[2026-03-25 14:42:04] [INFO] Processing item 6/10
[2026-03-25 14:42:05] [DEBUG] Clicked and typed at (349,136): 7622201460792
[2026-03-25 14:42:09] [INFO] Searched for article: 7622201460792
[2026-03-25 14:42:13] [DEBUG] Focused and replaced field at (537,290): 2.40
[2026-03-25 14:42:13] [INFO] Entered new price: 2.40
[2026-03-25 14:42:14] [INFO] End date set to: 26/03/26
[2026-03-25 14:42:14] [DEBUG] Reason Code is empty, skipping
[2026-03-25 14:42:17] [INFO] Pressed Alt+S to save the new price
[2026-03-25 14:42:19] [DEBUG] Clicked at (134,90)
[2026-03-25 14:42:22] [DEBUG] Clicked at (230,123)
[2026-03-25 14:42:24] [INFO] Successfully processed item 6
[2026-03-25 14:42:24] [INFO] Processing item 7/10
[2026-03-25 14:42:25] [DEBUG] Clicked and typed at (349,136): 7622201461232
[2026-03-25 14:42:29] [INFO] Searched for article: 7622201461232
[2026-03-25 14:42:33] [DEBUG] Focused and replaced field at (537,290): 2.40
[2026-03-25 14:42:33] [INFO] Entered new price: 2.40
[2026-03-25 14:42:34] [INFO] End date set to: 26/03/26
[2026-03-25 14:42:35] [DEBUG] Reason Code is empty, skipping
[2026-03-25 14:42:37] [INFO] Pressed Alt+S to save the new price
[2026-03-25 14:42:40] [DEBUG] Clicked at (134,90)
[2026-03-25 14:42:42] [DEBUG] Clicked at (230,123)
[2026-03-25 14:42:44] [INFO] Successfully processed item 7
[2026-03-25 14:42:44] [INFO] Processing item 8/10
[2026-03-25 14:42:45] [DEBUG] Clicked and typed at (349,136): 7622201461874
[2026-03-25 14:42:49] [INFO] Searched for article: 7622201461874
[2026-03-25 14:42:53] [DEBUG] Focused and replaced field at (537,290): 2.40
[2026-03-25 14:42:53] [INFO] Entered new price: 2.40
[2026-03-25 14:42:54] [INFO] End date set to: 26/03/26
[2026-03-25 14:42:55] [DEBUG] Reason Code is empty, skipping
[2026-03-25 14:42:57] [INFO] Pressed Alt+S to save the new price
[2026-03-25 14:43:00] [DEBUG] Clicked at (134,90)
[2026-03-25 14:43:02] [DEBUG] Clicked at (230,123)
[2026-03-25 14:43:04] [INFO] Successfully processed item 8
[2026-03-25 14:43:04] [INFO] Processing item 9/10
[2026-03-25 14:43:05] [DEBUG] EnsureGoldFocus: wrong window 'IMMEDIATE TILL DOWNLOAD - \\Remote', re-activating (1/3)
[2026-03-25 14:43:06] [DEBUG] EnsureGoldFocus: recovered on attempt #2
[2026-03-25 14:43:07] [DEBUG] Clicked and typed at (349,136): 7622201675349
[2026-03-25 14:43:11] [INFO] Searched for article: 7622201675349
[2026-03-25 14:43:15] [DEBUG] Focused and replaced field at (537,290): 2.40
[2026-03-25 14:43:15] [INFO] Entered new price: 2.40
[2026-03-25 14:43:16] [INFO] End date set to: 26/03/26
[2026-03-25 14:43:17] [DEBUG] Reason Code is empty, skipping
[2026-03-25 14:43:19] [INFO] Pressed Alt+S to save the new price
[2026-03-25 14:43:35] [DEBUG] Clicked at (134,90)
[2026-03-25 14:43:38] [DEBUG] Clicked at (230,123)
[2026-03-25 14:43:40] [INFO] Successfully processed item 9
[2026-03-25 14:43:40] [INFO] Processing item 10/10
[2026-03-25 14:43:41] [DEBUG] Clicked and typed at (349,136): 7622201746742
[2026-03-25 14:43:45] [INFO] Searched for article: 7622201746742
[2026-03-25 14:43:49] [DEBUG] Focused and replaced field at (537,290): 2.40
[2026-03-25 14:43:49] [INFO] Entered new price: 2.40
[2026-03-25 14:43:50] [INFO] End date set to: 26/03/26
[2026-03-25 14:43:50] [DEBUG] Reason Code is empty, skipping
[2026-03-25 14:43:53] [INFO] Pressed Alt+S to save the new price
[2026-03-25 14:43:56] [DEBUG] Clicked at (134,90)
[2026-03-25 14:43:58] [DEBUG] Clicked at (230,123)
[2026-03-25 14:44:00] [INFO] Successfully processed item 10
[2026-03-25 14:44:00] [INFO] === Price Change Workflow Completed ===
[2026-03-25 14:47:10] [INFO] Ending Excel session
[2026-03-25 14:47:13] [INFO] Excel session ended successfully
[2026-03-25 14:47:15] [INFO] Starting Excel session with file: C:\Users\Backoffice\Downloads\Deals_week_13.xlsx
[2026-03-25 14:47:17] [INFO] Excel session started successfully
[2026-03-25 14:47:17] [INFO] Row count in IMPULSE: 10
[2026-03-25 14:47:17] [DEBUG] Got value from IMPULSE[2,1]: 8410406311006.0
[2026-03-25 14:47:17] [DEBUG] Got value from IMPULSE[2,2]: 10.0
[2026-03-25 14:47:17] [DEBUG] Got value from IMPULSE[3,1]: 8721274805383.0
[2026-03-25 14:47:17] [DEBUG] Got value from IMPULSE[3,2]: 4.0
[2026-03-25 14:47:17] [DEBUG] Got value from IMPULSE[4,1]: 8721274805482.0
[2026-03-25 14:47:17] [DEBUG] Got value from IMPULSE[4,2]: 4.0
[2026-03-25 14:47:17] [DEBUG] Got value from IMPULSE[5,1]: 8711327473140.0
[2026-03-25 14:47:17] [DEBUG] Got value from IMPULSE[5,2]: 4.0
[2026-03-25 14:47:17] [DEBUG] Got value from IMPULSE[6,1]: 8711327374324.0
[2026-03-25 14:47:17] [DEBUG] Got value from IMPULSE[6,2]: 4.0
[2026-03-25 14:47:17] [DEBUG] Got value from IMPULSE[7,1]: 8711327629394.0
[2026-03-25 14:47:17] [DEBUG] Got value from IMPULSE[7,2]: 4.0
[2026-03-25 14:47:17] [DEBUG] Got value from IMPULSE[8,1]: 8711327666481.0
[2026-03-25 14:47:17] [DEBUG] Got value from IMPULSE[8,2]: 4.0
[2026-03-25 14:47:17] [DEBUG] Got value from IMPULSE[9,1]: 8711327667020.0
[2026-03-25 14:47:17] [DEBUG] Got value from IMPULSE[9,2]: 4.0
[2026-03-25 14:47:17] [DEBUG] Got value from IMPULSE[10,1]: 8711327613812.0
[2026-03-25 14:47:17] [DEBUG] Got value from IMPULSE[10,2]: 4.0
[2026-03-25 14:47:17] [DEBUG] Got value from IMPULSE[11,1]: 8721274802184.0
[2026-03-25 14:47:17] [DEBUG] Got value from IMPULSE[11,2]: 4.0
[2026-03-25 14:47:17] [INFO] Loaded 10 items from Excel
[2026-03-25 14:49:34] [INFO] === Starting Price Change Workflow ===
[2026-03-25 14:49:35] [INFO] Activated window: GOLD PRD - \\Remote
[2026-03-25 14:49:35] [INFO] Processing item 1/10
[2026-03-25 14:49:36] [DEBUG] Set field value at (269,205): 25/03/26
[2026-03-25 14:49:36] [INFO] Start date set to: 25/03/26
[2026-03-25 14:49:38] [DEBUG] Clicked and typed at (349,136): 8410406311006
[2026-03-25 14:49:42] [INFO] Searched for article: 8410406311006
[2026-03-25 14:49:45] [DEBUG] Focused and replaced field at (537,290): 10.00
[2026-03-25 14:49:45] [INFO] Entered new price: 10.00
[2026-03-25 14:49:47] [INFO] End date set to: 01/04/26
[2026-03-25 14:49:47] [DEBUG] Reason Code is empty, skipping
[2026-03-25 14:49:50] [INFO] Pressed Alt+S to save the new price
[2026-03-25 14:49:52] [DEBUG] Clicked at (134,90)
[2026-03-25 14:49:54] [DEBUG] Clicked at (230,123)
[2026-03-25 14:49:56] [INFO] Successfully processed item 1
[2026-03-25 14:49:56] [INFO] Processing item 2/10
[2026-03-25 14:49:58] [DEBUG] Clicked and typed at (349,136): 8721274805383
[2026-03-25 14:50:02] [INFO] Searched for article: 8721274805383
[2026-03-25 14:50:05] [DEBUG] Focused and replaced field at (537,290): 4.00
[2026-03-25 14:50:05] [INFO] Entered new price: 4.00
[2026-03-25 14:50:07] [INFO] End date set to: 01/04/26
[2026-03-25 14:50:07] [DEBUG] Reason Code is empty, skipping
[2026-03-25 14:50:10] [INFO] Pressed Alt+S to save the new price
[2026-03-25 14:50:12] [DEBUG] Clicked at (134,90)
[2026-03-25 14:50:15] [DEBUG] Clicked at (230,123)
[2026-03-25 14:50:17] [INFO] Successfully processed item 2
[2026-03-25 14:50:17] [INFO] Processing item 3/10
[2026-03-25 14:50:18] [DEBUG] Clicked and typed at (349,136): 8721274805482
[2026-03-25 14:50:22] [INFO] Searched for article: 8721274805482
[2026-03-25 14:50:26] [DEBUG] Focused and replaced field at (537,290): 4.00
[2026-03-25 14:50:26] [INFO] Entered new price: 4.00
[2026-03-25 14:50:27] [INFO] End date set to: 01/04/26
[2026-03-25 14:50:27] [DEBUG] Reason Code is empty, skipping
[2026-03-25 14:50:30] [INFO] Pressed Alt+S to save the new price
[2026-03-25 14:50:32] [DEBUG] Clicked at (134,90)
[2026-03-25 14:50:35] [DEBUG] Clicked at (230,123)
[2026-03-25 14:50:37] [INFO] Successfully processed item 3
[2026-03-25 14:50:37] [INFO] Processing item 4/10
[2026-03-25 14:50:38] [DEBUG] Clicked and typed at (349,136): 8711327473140
[2026-03-25 14:50:42] [INFO] Searched for article: 8711327473140
[2026-03-25 14:50:46] [DEBUG] Focused and replaced field at (537,290): 4.00
[2026-03-25 14:50:46] [INFO] Entered new price: 4.00
[2026-03-25 14:50:47] [INFO] End date set to: 01/04/26
[2026-03-25 14:50:48] [DEBUG] Reason Code is empty, skipping
[2026-03-25 14:50:50] [INFO] Pressed Alt+S to save the new price
[2026-03-25 14:50:53] [DEBUG] Clicked at (134,90)
[2026-03-25 14:50:55] [DEBUG] Clicked at (230,123)
[2026-03-25 14:50:57] [INFO] Successfully processed item 4
[2026-03-25 14:50:57] [INFO] Processing item 5/10
[2026-03-25 14:50:58] [DEBUG] Clicked and typed at (349,136): 8711327374324
[2026-03-25 14:51:02] [INFO] Searched for article: 8711327374324
[2026-03-25 14:51:06] [DEBUG] Focused and replaced field at (537,290): 4.00
[2026-03-25 14:51:06] [INFO] Entered new price: 4.00
[2026-03-25 14:51:07] [INFO] End date set to: 01/04/26
[2026-03-25 14:51:08] [DEBUG] Reason Code is empty, skipping
[2026-03-25 14:51:10] [INFO] Pressed Alt+S to save the new price
[2026-03-25 14:51:13] [DEBUG] Clicked at (134,90)
[2026-03-25 14:51:15] [DEBUG] Clicked at (230,123)
[2026-03-25 14:51:17] [INFO] Successfully processed item 5
[2026-03-25 14:51:17] [INFO] Processing item 6/10
[2026-03-25 14:51:19] [DEBUG] Clicked and typed at (349,136): 8711327629394
[2026-03-25 14:51:23] [INFO] Searched for article: 8711327629394
[2026-03-25 14:51:26] [DEBUG] Focused and replaced field at (537,290): 4.00
[2026-03-25 14:51:26] [INFO] Entered new price: 4.00
[2026-03-25 14:51:27] [INFO] End date set to: 01/04/26
[2026-03-25 14:51:28] [DEBUG] Reason Code is empty, skipping
[2026-03-25 14:51:31] [INFO] Pressed Alt+S to save the new price
[2026-03-25 14:51:33] [DEBUG] Clicked at (134,90)
[2026-03-25 14:51:35] [DEBUG] Clicked at (230,123)
[2026-03-25 14:51:37] [INFO] Successfully processed item 6
[2026-03-25 14:51:37] [INFO] Processing item 7/10
[2026-03-25 14:51:39] [DEBUG] Clicked and typed at (349,136): 8711327666481
[2026-03-25 14:51:43] [INFO] Searched for article: 8711327666481
[2026-03-25 14:51:46] [DEBUG] Focused and replaced field at (537,290): 4.00
[2026-03-25 14:51:46] [INFO] Entered new price: 4.00
[2026-03-25 14:51:48] [INFO] End date set to: 01/04/26
[2026-03-25 14:51:48] [DEBUG] Reason Code is empty, skipping
[2026-03-25 14:51:51] [INFO] Pressed Alt+S to save the new price
[2026-03-25 14:51:53] [DEBUG] Clicked at (134,90)
[2026-03-25 14:51:56] [DEBUG] Clicked at (230,123)
[2026-03-25 14:51:58] [INFO] Successfully processed item 7
[2026-03-25 14:51:58] [INFO] Processing item 8/10
[2026-03-25 14:51:59] [DEBUG] Clicked and typed at (349,136): 8711327667020
[2026-03-25 14:52:03] [INFO] Searched for article: 8711327667020
[2026-03-25 14:52:06] [DEBUG] Focused and replaced field at (537,290): 4.00
[2026-03-25 14:52:06] [INFO] Entered new price: 4.00
[2026-03-25 14:52:08] [INFO] End date set to: 01/04/26
[2026-03-25 14:52:08] [DEBUG] Reason Code is empty, skipping
[2026-03-25 14:52:11] [INFO] Pressed Alt+S to save the new price
[2026-03-25 14:52:13] [DEBUG] Clicked at (134,90)
[2026-03-25 14:52:16] [DEBUG] Clicked at (230,123)
[2026-03-25 14:52:18] [INFO] Successfully processed item 8
[2026-03-25 14:52:18] [INFO] Processing item 9/10
[2026-03-25 14:52:19] [DEBUG] Clicked and typed at (349,136): 8711327613812
[2026-03-25 14:52:23] [INFO] Searched for article: 8711327613812
[2026-03-25 14:52:27] [DEBUG] Focused and replaced field at (537,290): 4.00
[2026-03-25 14:52:27] [INFO] Entered new price: 4.00
[2026-03-25 14:52:28] [INFO] End date set to: 01/04/26
[2026-03-25 14:52:29] [DEBUG] Reason Code is empty, skipping
[2026-03-25 14:52:31] [INFO] Pressed Alt+S to save the new price
[2026-03-25 14:52:34] [DEBUG] Clicked at (134,90)
[2026-03-25 14:52:36] [DEBUG] Clicked at (230,123)
[2026-03-25 14:52:38] [INFO] Successfully processed item 9
[2026-03-25 14:52:38] [INFO] Processing item 10/10
[2026-03-25 14:52:39] [DEBUG] Clicked and typed at (349,136): 8721274802184
[2026-03-25 14:52:43] [INFO] Searched for article: 8721274802184
[2026-03-25 14:52:47] [DEBUG] Focused and replaced field at (537,290): 4.00
[2026-03-25 14:52:47] [INFO] Entered new price: 4.00
[2026-03-25 14:52:48] [INFO] End date set to: 01/04/26
[2026-03-25 14:52:49] [DEBUG] Reason Code is empty, skipping
[2026-03-25 14:52:51] [INFO] Pressed Alt+S to save the new price
[2026-03-25 14:52:54] [DEBUG] Clicked at (134,90)
[2026-03-25 14:52:56] [DEBUG] Clicked at (230,123)
[2026-03-25 14:52:58] [INFO] Successfully processed item 10
[2026-03-25 14:52:58] [INFO] === Price Change Workflow Completed ===
[2026-03-25 14:53:09] [INFO] === Starting Price Change Workflow ===
[2026-03-25 14:53:10] [INFO] Activated window: GOLD PRD - \\Remote
[2026-03-25 14:53:11] [INFO] Processing item 1/10
[2026-03-25 14:53:12] [DEBUG] Set field value at (269,205): 25/03/26
[2026-03-25 14:53:12] [INFO] Start date set to: 25/03/26
[2026-03-25 14:53:13] [DEBUG] Clicked and typed at (349,136): 8410406311006
[2026-03-25 14:53:17] [INFO] Searched for article: 8410406311006
[2026-03-25 14:53:21] [DEBUG] Focused and replaced field at (537,290): 10.00
[2026-03-25 14:53:21] [INFO] Entered new price: 10.00
[2026-03-25 14:53:22] [INFO] End date set to: 01/04/26
[2026-03-25 14:53:22] [DEBUG] Reason Code is empty, skipping
[2026-03-25 14:53:25] [INFO] Pressed Alt+S to save the new price
[2026-03-25 14:53:27] [DEBUG] Clicked at (134,90)
[2026-03-25 14:53:30] [DEBUG] Clicked at (230,123)
[2026-03-25 14:53:32] [INFO] Successfully processed item 1
[2026-03-25 14:53:32] [INFO] Processing item 2/10
[2026-03-25 14:53:33] [DEBUG] Clicked and typed at (349,136): 8721274805383
[2026-03-25 14:53:37] [INFO] Searched for article: 8721274805383
[2026-03-25 14:53:41] [DEBUG] Focused and replaced field at (537,290): 4.00
[2026-03-25 14:53:41] [INFO] Entered new price: 4.00
[2026-03-25 14:53:42] [INFO] End date set to: 01/04/26
[2026-03-25 14:53:43] [DEBUG] Reason Code is empty, skipping
[2026-03-25 14:53:45] [INFO] Pressed Alt+S to save the new price
[2026-03-25 14:55:11] [INFO] Ending Excel session
[2026-03-25 14:55:11] [INFO] Excel session ended successfully
[2026-03-25 14:58:32] [INFO] Starting Excel session with file: C:\Users\Backoffice\Downloads\Deals_week_13.xlsx
[2026-03-25 14:58:33] [INFO] Excel session started successfully
[2026-03-25 14:58:33] [INFO] Row count in IMPULSE: 10
[2026-03-25 14:58:33] [DEBUG] Got value from IMPULSE[2,1]: 8410406311006.0
[2026-03-25 14:58:33] [DEBUG] Got value from IMPULSE[2,2]: 10.0
[2026-03-25 14:58:33] [DEBUG] Got value from IMPULSE[3,1]: 8721274805383.0
[2026-03-25 14:58:33] [DEBUG] Got value from IMPULSE[3,2]: 4.0
[2026-03-25 14:58:33] [DEBUG] Got value from IMPULSE[4,1]: 8721274805482.0
[2026-03-25 14:58:33] [DEBUG] Got value from IMPULSE[4,2]: 4.0
[2026-03-25 14:58:33] [DEBUG] Got value from IMPULSE[5,1]: 8711327473140.0
[2026-03-25 14:58:33] [DEBUG] Got value from IMPULSE[5,2]: 4.0
[2026-03-25 14:58:33] [DEBUG] Got value from IMPULSE[6,1]: 8711327374324.0
[2026-03-25 14:58:33] [DEBUG] Got value from IMPULSE[6,2]: 4.0
[2026-03-25 14:58:33] [DEBUG] Got value from IMPULSE[7,1]: 8711327629394.0
[2026-03-25 14:58:33] [DEBUG] Got value from IMPULSE[7,2]: 4.0
[2026-03-25 14:58:33] [DEBUG] Got value from IMPULSE[8,1]: 8711327666481.0
[2026-03-25 14:58:33] [DEBUG] Got value from IMPULSE[8,2]: 4.0
[2026-03-25 14:58:33] [DEBUG] Got value from IMPULSE[9,1]: 8711327667020.0
[2026-03-25 14:58:33] [DEBUG] Got value from IMPULSE[9,2]: 4.0
[2026-03-25 14:58:33] [DEBUG] Got value from IMPULSE[10,1]: 8711327613812.0
[2026-03-25 14:58:33] [DEBUG] Got value from IMPULSE[10,2]: 4.0
[2026-03-25 14:58:33] [DEBUG] Got value from IMPULSE[11,1]: 8721274802184.0
[2026-03-25 14:58:33] [DEBUG] Got value from IMPULSE[11,2]: 4.0
[2026-03-25 14:58:33] [INFO] Loaded 10 items from Excel
[2026-03-25 14:58:59] [INFO] === Starting Price Change Workflow ===
[2026-03-25 14:59:00] [INFO] Activated window: GOLD PRD - \\Remote
[2026-03-25 14:59:00] [INFO] Processing item 1/10
[2026-03-25 14:59:02] [DEBUG] Set field value at (269,205): 25/03/26
[2026-03-25 14:59:02] [INFO] Start date set to: 25/03/26
[2026-03-25 14:59:03] [DEBUG] Clicked and typed at (349,136): 8410406311006
[2026-03-25 14:59:09] [INFO] Searched for article: 8410406311006
[2026-03-25 14:59:12] [DEBUG] Focused and replaced field at (537,290): 10.00
[2026-03-25 14:59:12] [INFO] Entered new price: 10.00
[2026-03-25 14:59:14] [INFO] End date set to: 01/04/26
[2026-03-25 14:59:14] [DEBUG] Reason Code is empty, skipping
[2026-03-25 14:59:17] [INFO] Pressed Alt+S to save the new price
[2026-03-25 14:59:19] [DEBUG] Clicked at (134,90)
[2026-03-25 14:59:22] [DEBUG] Clicked at (230,123)
[2026-03-25 14:59:24] [INFO] Successfully processed item 1
[2026-03-25 14:59:24] [INFO] Processing item 2/10
[2026-03-25 14:59:25] [DEBUG] Clicked and typed at (349,136): 8721274805383
[2026-03-25 14:59:31] [INFO] Searched for article: 8721274805383
[2026-03-25 14:59:35] [DEBUG] Focused and replaced field at (537,290): 4.00
[2026-03-25 14:59:35] [INFO] Entered new price: 4.00
[2026-03-25 14:59:36] [INFO] End date set to: 01/04/26
[2026-03-25 14:59:36] [DEBUG] Reason Code is empty, skipping
[2026-03-25 14:59:39] [INFO] Pressed Alt+S to save the new price
[2026-03-25 14:59:42] [DEBUG] Clicked at (134,90)
[2026-03-25 14:59:44] [DEBUG] Clicked at (230,123)
[2026-03-25 14:59:46] [INFO] Successfully processed item 2
[2026-03-25 14:59:46] [INFO] Processing item 3/10
[2026-03-25 14:59:47] [DEBUG] Clicked and typed at (349,136): 8721274805482
[2026-03-25 14:59:53] [INFO] Searched for article: 8721274805482
[2026-03-25 14:59:57] [DEBUG] Focused and replaced field at (537,290): 4.00
[2026-03-25 14:59:57] [INFO] Entered new price: 4.00
[2026-03-25 14:59:58] [INFO] End date set to: 01/04/26
[2026-03-25 14:59:59] [DEBUG] Reason Code is empty, skipping
[2026-03-25 15:00:01] [INFO] Pressed Alt+S to save the new price
[2026-03-25 15:00:04] [DEBUG] Clicked at (134,90)
[2026-03-25 15:00:06] [DEBUG] Clicked at (230,123)
[2026-03-25 15:00:08] [INFO] Successfully processed item 3
[2026-03-25 15:00:08] [INFO] Processing item 4/10
[2026-03-25 15:00:10] [DEBUG] Clicked and typed at (349,136): 8711327473140
[2026-03-25 15:00:16] [INFO] Searched for article: 8711327473140
[2026-03-25 15:00:19] [DEBUG] Focused and replaced field at (537,290): 4.00
[2026-03-25 15:00:19] [INFO] Entered new price: 4.00
[2026-03-25 15:00:20] [INFO] End date set to: 01/04/26
[2026-03-25 15:00:21] [DEBUG] Reason Code is empty, skipping
[2026-03-25 15:00:23] [INFO] Pressed Alt+S to save the new price
[2026-03-25 15:00:26] [DEBUG] Clicked at (134,90)
[2026-03-25 15:00:28] [DEBUG] Clicked at (230,123)
[2026-03-25 15:00:30] [INFO] Successfully processed item 4
[2026-03-25 15:00:30] [INFO] Processing item 5/10
[2026-03-25 15:00:32] [DEBUG] Clicked and typed at (349,136): 8711327374324
[2026-03-25 15:00:38] [INFO] Searched for article: 8711327374324
[2026-03-25 15:00:41] [DEBUG] Focused and replaced field at (537,290): 4.00
[2026-03-25 15:00:41] [INFO] Entered new price: 4.00
[2026-03-25 15:00:43] [INFO] End date set to: 01/04/26
[2026-03-25 15:00:43] [DEBUG] Reason Code is empty, skipping
[2026-03-25 15:00:46] [INFO] Pressed Alt+S to save the new price
[2026-03-25 15:00:48] [DEBUG] Clicked at (134,90)
[2026-03-25 15:00:51] [DEBUG] Clicked at (230,123)
[2026-03-25 15:00:53] [INFO] Successfully processed item 5
[2026-03-25 15:00:53] [INFO] Processing item 6/10
[2026-03-25 15:00:54] [DEBUG] Clicked and typed at (349,136): 8711327629394
[2026-03-25 15:01:00] [INFO] Searched for article: 8711327629394
[2026-03-25 15:01:03] [DEBUG] Focused and replaced field at (537,290): 4.00
[2026-03-25 15:01:03] [INFO] Entered new price: 4.00
[2026-03-25 15:01:05] [INFO] End date set to: 01/04/26
[2026-03-25 15:01:05] [DEBUG] Reason Code is empty, skipping
[2026-03-25 15:01:08] [INFO] Pressed Alt+S to save the new price
[2026-03-25 15:01:10] [DEBUG] Clicked at (134,90)
[2026-03-25 15:01:13] [DEBUG] Clicked at (230,123)
[2026-03-25 15:01:15] [INFO] Successfully processed item 6
[2026-03-25 15:01:15] [INFO] Processing item 7/10
[2026-03-25 15:01:16] [DEBUG] Clicked and typed at (349,136): 8711327666481
[2026-03-25 15:01:22] [INFO] Searched for article: 8711327666481
[2026-03-25 15:01:26] [DEBUG] Focused and replaced field at (537,290): 4.00
[2026-03-25 15:01:26] [INFO] Entered new price: 4.00
[2026-03-25 15:01:27] [INFO] End date set to: 01/04/26
[2026-03-25 15:01:27] [DEBUG] Reason Code is empty, skipping
[2026-03-25 15:01:30] [INFO] Pressed Alt+S to save the new price
[2026-03-25 15:01:32] [DEBUG] Clicked at (134,90)
[2026-03-25 15:01:35] [DEBUG] Clicked at (230,123)
[2026-03-25 15:01:37] [INFO] Successfully processed item 7
[2026-03-25 15:01:37] [INFO] Processing item 8/10
[2026-03-25 15:01:38] [DEBUG] Clicked and typed at (349,136): 8711327667020
[2026-03-25 15:01:44] [INFO] Searched for article: 8711327667020
[2026-03-25 15:01:48] [DEBUG] Focused and replaced field at (537,290): 4.00
[2026-03-25 15:01:48] [INFO] Entered new price: 4.00
[2026-03-25 15:01:49] [INFO] End date set to: 01/04/26
[2026-03-25 15:01:50] [DEBUG] Reason Code is empty, skipping
[2026-03-25 15:01:52] [INFO] Pressed Alt+S to save the new price
[2026-03-25 15:01:55] [DEBUG] Clicked at (134,90)
[2026-03-25 15:01:57] [DEBUG] Clicked at (230,123)
[2026-03-25 15:01:59] [INFO] Successfully processed item 8
[2026-03-25 15:01:59] [INFO] Processing item 9/10
[2026-03-25 15:02:01] [DEBUG] Clicked and typed at (349,136): 8711327613812
[2026-03-25 15:02:07] [INFO] Searched for article: 8711327613812
[2026-03-25 15:02:10] [DEBUG] Focused and replaced field at (537,290): 4.00
[2026-03-25 15:02:10] [INFO] Entered new price: 4.00
[2026-03-25 15:02:11] [INFO] End date set to: 01/04/26
[2026-03-25 15:02:12] [DEBUG] Reason Code is empty, skipping
[2026-03-25 15:02:14] [INFO] Pressed Alt+S to save the new price
[2026-03-25 15:02:17] [DEBUG] Clicked at (134,90)
[2026-03-25 15:02:19] [DEBUG] Clicked at (230,123)
[2026-03-25 15:02:21] [INFO] Successfully processed item 9
[2026-03-25 15:02:21] [INFO] Processing item 10/10
[2026-03-25 15:02:23] [DEBUG] Clicked and typed at (349,136): 8721274802184
[2026-03-25 15:02:29] [INFO] Searched for article: 8721274802184
[2026-03-25 15:02:32] [DEBUG] Focused and replaced field at (537,290): 4.00
[2026-03-25 15:02:32] [INFO] Entered new price: 4.00
[2026-03-25 15:02:34] [INFO] End date set to: 01/04/26
[2026-03-25 15:02:34] [DEBUG] Reason Code is empty, skipping
[2026-03-25 15:02:37] [INFO] Pressed Alt+S to save the new price
[2026-03-25 15:02:39] [DEBUG] Clicked at (134,90)
[2026-03-25 15:02:42] [DEBUG] Clicked at (230,123)
[2026-03-25 15:02:44] [INFO] Successfully processed item 10
[2026-03-25 15:02:44] [INFO] === Price Change Workflow Completed ===
[2026-03-25 15:03:00] [INFO] === Starting Price Change Workflow ===
[2026-03-25 15:03:01] [INFO] Activated window: GOLD PRD - \\Remote
[2026-03-25 15:03:01] [INFO] Processing item 1/10
[2026-03-25 15:03:02] [DEBUG] Set field value at (269,205): 25/03/26
[2026-03-25 15:03:02] [INFO] Start date set to: 25/03/26
[2026-03-25 15:03:04] [DEBUG] Clicked and typed at (349,136): 8410406311006
[2026-03-25 15:03:10] [INFO] Searched for article: 8410406311006
[2026-03-25 15:03:13] [DEBUG] Focused and replaced field at (537,290): 10.00
[2026-03-25 15:03:13] [INFO] Entered new price: 10.00
[2026-03-25 15:03:14] [INFO] End date set to: 01/04/26
[2026-03-25 15:03:15] [DEBUG] Reason Code is empty, skipping
[2026-03-25 15:03:18] [INFO] Pressed Alt+S to save the new price
[2026-03-25 15:03:20] [DEBUG] Clicked at (134,90)
[2026-03-25 15:03:22] [DEBUG] Clicked at (230,123)
[2026-03-25 15:03:24] [INFO] Successfully processed item 1
[2026-03-25 15:03:24] [INFO] Processing item 2/10
[2026-03-25 15:03:26] [DEBUG] Clicked and typed at (349,136): 8721274805383
[2026-03-25 15:03:32] [INFO] Searched for article: 8721274805383
[2026-03-25 15:03:35] [DEBUG] Focused and replaced field at (537,290): 4.00
[2026-03-25 15:03:35] [INFO] Entered new price: 4.00
[2026-03-25 15:03:37] [INFO] End date set to: 01/04/26
[2026-03-25 15:03:37] [DEBUG] Reason Code is empty, skipping
[2026-03-25 15:03:40] [INFO] Pressed Alt+S to save the new price
[2026-03-25 15:03:42] [DEBUG] Clicked at (134,90)
[2026-03-25 15:03:45] [DEBUG] Clicked at (230,123)
[2026-03-25 15:03:47] [INFO] Successfully processed item 2
[2026-03-25 15:03:47] [INFO] Processing item 3/10
[2026-03-25 15:03:48] [DEBUG] Clicked and typed at (349,136): 8721274805482
[2026-03-25 15:03:54] [INFO] Searched for article: 8721274805482
[2026-03-25 15:03:57] [DEBUG] Focused and replaced field at (537,290): 4.00
[2026-03-25 15:03:57] [INFO] Entered new price: 4.00
[2026-03-25 15:03:59] [INFO] End date set to: 01/04/26
[2026-03-25 15:03:59] [DEBUG] Reason Code is empty, skipping
[2026-03-25 15:04:02] [INFO] Pressed Alt+S to save the new price
[2026-03-25 15:04:04] [DEBUG] Clicked at (134,90)
[2026-03-25 15:04:07] [DEBUG] Clicked at (230,123)
[2026-03-25 15:04:09] [INFO] Successfully processed item 3
[2026-03-25 15:04:09] [INFO] Processing item 4/10
[2026-03-25 15:04:10] [DEBUG] Clicked and typed at (349,136): 8711327473140
[2026-03-25 15:04:16] [INFO] Searched for article: 8711327473140
[2026-03-25 15:04:20] [DEBUG] Focused and replaced field at (537,290): 4.00
[2026-03-25 15:04:20] [INFO] Entered new price: 4.00
[2026-03-25 15:04:21] [INFO] End date set to: 01/04/26
[2026-03-25 15:04:21] [DEBUG] Reason Code is empty, skipping
[2026-03-25 15:04:24] [INFO] Pressed Alt+S to save the new price
[2026-03-25 15:04:27] [DEBUG] Clicked at (134,90)
[2026-03-25 15:04:29] [DEBUG] Clicked at (230,123)
[2026-03-25 15:04:31] [INFO] Successfully processed item 4
[2026-03-25 15:04:31] [INFO] Processing item 5/10
[2026-03-25 15:04:32] [DEBUG] Clicked and typed at (349,136): 8711327374324
[2026-03-25 15:04:38] [INFO] Searched for article: 8711327374324
[2026-03-25 15:04:42] [DEBUG] Focused and replaced field at (537,290): 4.00
[2026-03-25 15:04:42] [INFO] Entered new price: 4.00
[2026-03-25 15:04:43] [INFO] End date set to: 01/04/26
[2026-03-25 15:04:44] [DEBUG] Reason Code is empty, skipping
[2026-03-25 15:04:46] [INFO] Pressed Alt+S to save the new price
[2026-03-25 15:04:49] [DEBUG] Clicked at (134,90)
[2026-03-25 15:04:51] [DEBUG] Clicked at (230,123)
[2026-03-25 15:04:53] [INFO] Successfully processed item 5
[2026-03-25 15:04:53] [INFO] Processing item 6/10
[2026-03-25 15:04:55] [DEBUG] Clicked and typed at (349,136): 8711327629394
[2026-03-25 15:05:01] [INFO] Searched for article: 8711327629394
[2026-03-25 15:05:04] [DEBUG] Focused and replaced field at (537,290): 4.00
[2026-03-25 15:05:04] [INFO] Entered new price: 4.00
[2026-03-25 15:05:05] [INFO] End date set to: 01/04/26
[2026-03-25 15:05:06] [DEBUG] Reason Code is empty, skipping
[2026-03-25 15:05:08] [INFO] Pressed Alt+S to save the new price
[2026-03-25 15:05:11] [DEBUG] Clicked at (134,90)
[2026-03-25 15:05:13] [DEBUG] Clicked at (230,123)
[2026-03-25 15:05:15] [INFO] Successfully processed item 6
[2026-03-25 15:05:15] [INFO] Processing item 7/10
[2026-03-25 15:05:17] [DEBUG] Clicked and typed at (349,136): 8711327666481
[2026-03-25 15:05:23] [INFO] Searched for article: 8711327666481
[2026-03-25 15:05:26] [DEBUG] Focused and replaced field at (537,290): 4.00
[2026-03-25 15:05:26] [INFO] Entered new price: 4.00
[2026-03-25 15:05:28] [INFO] End date set to: 01/04/26
[2026-03-25 15:05:28] [DEBUG] Reason Code is empty, skipping
[2026-03-25 15:05:31] [INFO] Pressed Alt+S to save the new price
[2026-03-25 15:05:33] [DEBUG] Clicked at (134,90)
[2026-03-25 15:05:36] [DEBUG] Clicked at (230,123)
[2026-03-25 15:05:38] [INFO] Successfully processed item 7
[2026-03-25 15:05:38] [INFO] Processing item 8/10
[2026-03-25 15:05:39] [DEBUG] Clicked and typed at (349,136): 8711327667020
[2026-03-25 15:05:45] [INFO] Searched for article: 8711327667020
[2026-03-25 15:05:48] [DEBUG] Focused and replaced field at (537,290): 4.00
[2026-03-25 15:05:48] [INFO] Entered new price: 4.00
[2026-03-25 15:05:50] [INFO] End date set to: 01/04/26
[2026-03-25 15:05:50] [DEBUG] Reason Code is empty, skipping
[2026-03-25 15:05:53] [INFO] Pressed Alt+S to save the new price
[2026-03-25 15:05:55] [DEBUG] Clicked at (134,90)
[2026-03-25 15:05:58] [DEBUG] Clicked at (230,123)
[2026-03-25 15:06:00] [INFO] Successfully processed item 8
[2026-03-25 15:06:00] [INFO] Processing item 9/10
[2026-03-25 15:06:01] [DEBUG] Clicked and typed at (349,136): 8711327613812
[2026-03-25 15:06:07] [INFO] Searched for article: 8711327613812
[2026-03-25 15:06:11] [DEBUG] Focused and replaced field at (537,290): 4.00
[2026-03-25 15:06:11] [INFO] Entered new price: 4.00
[2026-03-25 15:06:12] [INFO] End date set to: 01/04/26
[2026-03-25 15:06:12] [DEBUG] Reason Code is empty, skipping
[2026-03-25 15:06:15] [INFO] Pressed Alt+S to save the new price
[2026-03-25 15:06:17] [DEBUG] Clicked at (134,90)
[2026-03-25 15:06:20] [DEBUG] Clicked at (230,123)
[2026-03-25 15:06:22] [INFO] Successfully processed item 9
[2026-03-25 15:06:22] [INFO] Processing item 10/10
[2026-03-25 15:06:23] [DEBUG] Clicked and typed at (349,136): 8721274802184
[2026-03-25 15:06:29] [INFO] Searched for article: 8721274802184
[2026-03-25 15:06:33] [DEBUG] Focused and replaced field at (537,290): 4.00
[2026-03-25 15:06:33] [INFO] Entered new price: 4.00
[2026-03-25 15:06:34] [INFO] End date set to: 01/04/26
[2026-03-25 15:06:35] [DEBUG] Reason Code is empty, skipping
[2026-03-25 15:06:37] [INFO] Pressed Alt+S to save the new price
[2026-03-25 15:06:40] [DEBUG] Clicked at (134,90)
[2026-03-25 15:06:42] [DEBUG] Clicked at (230,123)
[2026-03-25 15:06:44] [INFO] Successfully processed item 10
[2026-03-25 15:06:44] [INFO] === Price Change Workflow Completed ===
[2026-03-25 15:06:57] [INFO] Ending Excel session
[2026-03-25 15:06:57] [INFO] Excel session ended successfully
[2026-03-25 15:07:48] [INFO] Starting Excel session with file: C:\Users\Backoffice\Downloads\Deals_week_13.xlsx
[2026-03-25 15:07:50] [INFO] Excel session started successfully
[2026-03-25 15:07:50] [INFO] Row count in IMPULSE: 10
[2026-03-25 15:07:50] [DEBUG] Got value from IMPULSE[2,1]: 8410406311006.0
[2026-03-25 15:07:50] [DEBUG] Got value from IMPULSE[2,2]: 10.0
[2026-03-25 15:07:50] [DEBUG] Got value from IMPULSE[3,1]: 8721274805383.0
[2026-03-25 15:07:50] [DEBUG] Got value from IMPULSE[3,2]: 4.0
[2026-03-25 15:07:50] [DEBUG] Got value from IMPULSE[4,1]: 8721274805482.0
[2026-03-25 15:07:50] [DEBUG] Got value from IMPULSE[4,2]: 4.0
[2026-03-25 15:07:50] [DEBUG] Got value from IMPULSE[5,1]: 8711327473140.0
[2026-03-25 15:07:50] [DEBUG] Got value from IMPULSE[5,2]: 4.0
[2026-03-25 15:07:50] [DEBUG] Got value from IMPULSE[6,1]: 8711327374324.0
[2026-03-25 15:07:50] [DEBUG] Got value from IMPULSE[6,2]: 4.0
[2026-03-25 15:07:50] [DEBUG] Got value from IMPULSE[7,1]: 8711327629394.0
[2026-03-25 15:07:50] [DEBUG] Got value from IMPULSE[7,2]: 4.0
[2026-03-25 15:07:50] [DEBUG] Got value from IMPULSE[8,1]: 8711327666481.0
[2026-03-25 15:07:50] [DEBUG] Got value from IMPULSE[8,2]: 4.0
[2026-03-25 15:07:50] [DEBUG] Got value from IMPULSE[9,1]: 8711327667020.0
[2026-03-25 15:07:50] [DEBUG] Got value from IMPULSE[9,2]: 4.0
[2026-03-25 15:07:50] [DEBUG] Got value from IMPULSE[10,1]: 8711327613812.0
[2026-03-25 15:07:50] [DEBUG] Got value from IMPULSE[10,2]: 4.0
[2026-03-25 15:07:50] [DEBUG] Got value from IMPULSE[11,1]: 8721274802184.0
[2026-03-25 15:07:50] [DEBUG] Got value from IMPULSE[11,2]: 4.0
[2026-03-25 15:07:50] [INFO] Loaded 10 items from Excel
[2026-03-25 15:07:54] [INFO] === Starting Price Change Workflow ===
[2026-03-25 15:07:54] [INFO] Activated window: GOLD PRD - \\Remote
[2026-03-25 15:07:55] [INFO] Processing item 1/10
[2026-03-25 15:07:56] [WARN] Clipboard update timed out before pasting field value at (269,205)
[2026-03-25 15:07:57] [DEBUG] Set field value at (269,205): 
[2026-03-25 15:07:57] [INFO] Start date set to: 
[2026-03-25 15:07:58] [DEBUG] Clicked and typed at (349,136): 8410406311006
[2026-03-25 15:08:03] [INFO] Searched for article: 8410406311006
[2026-03-25 15:08:07] [DEBUG] Focused and replaced field at (537,290): 10.00
[2026-03-25 15:08:07] [INFO] Entered new price: 10.00
[2026-03-25 15:08:07] [DEBUG] End date is empty, skipping
[2026-03-25 15:08:07] [DEBUG] Reason Code is empty, skipping
[2026-03-25 15:08:10] [INFO] Pressed Alt+S to save the new price
[2026-03-25 15:08:12] [DEBUG] Clicked at (134,90)
[2026-03-25 15:08:15] [DEBUG] Clicked at (230,123)
[2026-03-25 15:08:17] [INFO] Successfully processed item 1
[2026-03-25 15:08:17] [INFO] Processing item 2/10
[2026-03-25 15:08:18] [DEBUG] Clicked and typed at (349,136): 8721274805383
[2026-03-25 15:08:23] [INFO] Searched for article: 8721274805383
[2026-03-25 15:08:27] [DEBUG] Focused and replaced field at (537,290): 4.00
[2026-03-25 15:08:27] [INFO] Entered new price: 4.00
[2026-03-25 15:08:27] [DEBUG] End date is empty, skipping
[2026-03-25 15:08:27] [DEBUG] Reason Code is empty, skipping
[2026-03-25 15:08:30] [INFO] Pressed Alt+S to save the new price
[2026-03-25 15:08:32] [DEBUG] Clicked at (134,90)
[2026-03-25 15:08:35] [DEBUG] Clicked at (230,123)
[2026-03-25 15:08:37] [INFO] Successfully processed item 2
[2026-03-25 15:08:37] [INFO] Processing item 3/10
[2026-03-25 15:08:38] [DEBUG] Clicked and typed at (349,136): 8721274805482
[2026-03-25 15:08:43] [INFO] Searched for article: 8721274805482
[2026-03-25 15:08:46] [DEBUG] Focused and replaced field at (537,290): 4.00
[2026-03-25 15:08:46] [INFO] Entered new price: 4.00
[2026-03-25 15:08:46] [DEBUG] End date is empty, skipping
[2026-03-25 15:08:47] [DEBUG] Reason Code is empty, skipping
[2026-03-25 15:08:49] [INFO] Pressed Alt+S to save the new price
[2026-03-25 15:08:52] [DEBUG] Clicked at (134,90)
[2026-03-25 15:08:54] [DEBUG] Clicked at (230,123)
[2026-03-25 15:08:56] [INFO] Successfully processed item 3
[2026-03-25 15:08:56] [INFO] Processing item 4/10
[2026-03-25 15:08:58] [DEBUG] Clicked and typed at (349,136): 8711327473140
[2026-03-25 15:09:03] [INFO] Searched for article: 8711327473140
[2026-03-25 15:09:06] [DEBUG] Focused and replaced field at (537,290): 4.00
[2026-03-25 15:09:06] [INFO] Entered new price: 4.00
[2026-03-25 15:09:06] [DEBUG] End date is empty, skipping
[2026-03-25 15:09:07] [DEBUG] Reason Code is empty, skipping
[2026-03-25 15:09:09] [INFO] Pressed Alt+S to save the new price
[2026-03-25 15:09:12] [DEBUG] Clicked at (134,90)
[2026-03-25 15:09:14] [DEBUG] Clicked at (230,123)
[2026-03-25 15:09:16] [INFO] Successfully processed item 4
[2026-03-25 15:09:16] [INFO] Processing item 5/10
[2026-03-25 15:09:17] [DEBUG] Clicked and typed at (349,136): 8711327374324
[2026-03-25 15:09:23] [INFO] Searched for article: 8711327374324
[2026-03-25 15:09:26] [DEBUG] Focused and replaced field at (537,290): 4.00
[2026-03-25 15:09:26] [INFO] Entered new price: 4.00
[2026-03-25 15:09:26] [DEBUG] End date is empty, skipping
[2026-03-25 15:09:27] [DEBUG] Reason Code is empty, skipping
[2026-03-25 15:09:29] [INFO] Pressed Alt+S to save the new price
[2026-03-25 15:09:32] [DEBUG] Clicked at (134,90)
[2026-03-25 15:09:34] [DEBUG] Clicked at (230,123)
[2026-03-25 15:09:36] [INFO] Successfully processed item 5
[2026-03-25 15:09:36] [INFO] Processing item 6/10
[2026-03-25 15:09:37] [DEBUG] Clicked and typed at (349,136): 8711327629394
[2026-03-25 15:09:42] [INFO] Searched for article: 8711327629394
[2026-03-25 15:09:46] [DEBUG] Focused and replaced field at (537,290): 4.00
[2026-03-25 15:09:46] [INFO] Entered new price: 4.00
[2026-03-25 15:09:46] [DEBUG] End date is empty, skipping
[2026-03-25 15:09:46] [DEBUG] Reason Code is empty, skipping
[2026-03-25 15:09:49] [INFO] Pressed Alt+S to save the new price
[2026-03-25 15:09:51] [DEBUG] Clicked at (134,90)
[2026-03-25 15:09:54] [DEBUG] Clicked at (230,123)
[2026-03-25 15:09:56] [INFO] Successfully processed item 6
[2026-03-25 15:09:56] [INFO] Processing item 7/10
[2026-03-25 15:09:57] [DEBUG] Clicked and typed at (349,136): 8711327666481
[2026-03-25 15:10:02] [INFO] Searched for article: 8711327666481
[2026-03-25 15:10:06] [DEBUG] Focused and replaced field at (537,290): 4.00
[2026-03-25 15:10:06] [INFO] Entered new price: 4.00
[2026-03-25 15:10:06] [DEBUG] End date is empty, skipping
[2026-03-25 15:10:06] [DEBUG] Reason Code is empty, skipping
[2026-03-25 15:10:09] [INFO] Pressed Alt+S to save the new price
[2026-03-25 15:10:11] [DEBUG] Clicked at (134,90)
[2026-03-25 15:10:14] [DEBUG] Clicked at (230,123)
[2026-03-25 15:10:16] [INFO] Successfully processed item 7
[2026-03-25 15:10:16] [INFO] Processing item 8/10
[2026-03-25 15:10:17] [DEBUG] Clicked and typed at (349,136): 8711327667020
[2026-03-25 15:10:22] [INFO] Searched for article: 8711327667020
[2026-03-25 15:10:25] [DEBUG] Focused and replaced field at (537,290): 4.00
[2026-03-25 15:10:25] [INFO] Entered new price: 4.00
[2026-03-25 15:10:25] [DEBUG] End date is empty, skipping
[2026-03-25 15:10:26] [DEBUG] Reason Code is empty, skipping
[2026-03-25 15:10:29] [INFO] Pressed Alt+S to save the new price
[2026-03-25 15:10:31] [DEBUG] Clicked at (134,90)
[2026-03-25 15:10:33] [DEBUG] Clicked at (230,123)
[2026-03-25 15:10:35] [INFO] Successfully processed item 8
[2026-03-25 15:10:35] [INFO] Processing item 9/10
[2026-03-25 15:10:37] [DEBUG] Clicked and typed at (349,136): 8711327613812
[2026-03-25 15:10:42] [INFO] Searched for article: 8711327613812
[2026-03-25 15:10:45] [DEBUG] Focused and replaced field at (537,290): 4.00
[2026-03-25 15:10:45] [INFO] Entered new price: 4.00
[2026-03-25 15:10:45] [DEBUG] End date is empty, skipping
[2026-03-25 15:10:46] [DEBUG] Reason Code is empty, skipping
[2026-03-25 15:10:48] [INFO] Pressed Alt+S to save the new price
[2026-03-25 15:10:51] [DEBUG] Clicked at (134,90)
[2026-03-25 15:10:53] [DEBUG] Clicked at (230,123)
[2026-03-25 15:10:55] [INFO] Successfully processed item 9
[2026-03-25 15:10:55] [INFO] Processing item 10/10
[2026-03-25 15:10:57] [DEBUG] Clicked and typed at (349,136): 8721274802184
[2026-03-25 15:11:02] [INFO] Searched for article: 8721274802184
[2026-03-25 15:11:05] [DEBUG] Focused and replaced field at (537,290): 4.00
[2026-03-25 15:11:05] [INFO] Entered new price: 4.00
[2026-03-25 15:11:05] [DEBUG] End date is empty, skipping
[2026-03-25 15:11:06] [DEBUG] Reason Code is empty, skipping
[2026-03-25 15:11:08] [INFO] Pressed Alt+S to save the new price
[2026-03-25 15:11:11] [DEBUG] Clicked at (134,90)
[2026-03-25 15:11:13] [DEBUG] Clicked at (230,123)
[2026-03-25 15:11:15] [INFO] Successfully processed item 10
[2026-03-25 15:11:15] [INFO] === Price Change Workflow Completed ===
[2026-03-25 15:11:58] [INFO] === Starting Price Change Workflow ===
[2026-03-25 15:11:59] [INFO] Activated window: GOLD PRD - \\Remote
[2026-03-25 15:11:59] [INFO] Processing item 1/10
[2026-03-25 15:12:01] [WARN] Clipboard update timed out before pasting field value at (269,205)
[2026-03-25 15:12:02] [DEBUG] Set field value at (269,205): 
[2026-03-25 15:12:02] [INFO] Start date set to: 
[2026-03-25 15:12:03] [DEBUG] Clicked and typed at (349,136): 8410406311006
[2026-03-25 15:12:08] [INFO] Searched for article: 8410406311006
[2026-03-25 15:12:11] [DEBUG] Focused and replaced field at (537,290): 10.00
[2026-03-25 15:12:11] [INFO] Entered new price: 10.00
[2026-03-25 15:12:11] [DEBUG] End date is empty, skipping
[2026-03-25 15:12:12] [DEBUG] Reason Code is empty, skipping
[2026-03-25 15:12:15] [INFO] Pressed Alt+S to save the new price
[2026-03-25 15:12:17] [DEBUG] Clicked at (134,90)
[2026-03-25 15:12:19] [DEBUG] Clicked at (230,123)
[2026-03-25 15:12:21] [INFO] Successfully processed item 1
[2026-03-25 15:12:21] [INFO] Processing item 2/10
[2026-03-25 15:12:23] [DEBUG] Clicked and typed at (349,136): 8721274805383
[2026-03-25 15:12:28] [INFO] Searched for article: 8721274805383
[2026-03-25 15:12:31] [DEBUG] Focused and replaced field at (537,290): 4.00
[2026-03-25 15:12:31] [INFO] Entered new price: 4.00
[2026-03-25 15:12:31] [DEBUG] End date is empty, skipping
[2026-03-25 15:12:32] [DEBUG] Reason Code is empty, skipping
[2026-03-25 15:12:34] [INFO] Pressed Alt+S to save the new price
[2026-03-25 15:12:37] [DEBUG] Clicked at (134,90)
[2026-03-25 15:12:39] [DEBUG] Clicked at (230,123)
[2026-03-25 15:12:41] [INFO] Successfully processed item 2
[2026-03-25 15:12:41] [INFO] Processing item 3/10
[2026-03-25 15:12:43] [DEBUG] Clicked and typed at (349,136): 8721274805482
[2026-03-25 15:12:48] [INFO] Searched for article: 8721274805482
[2026-03-25 15:12:51] [DEBUG] Focused and replaced field at (537,290): 4.00
[2026-03-25 15:12:51] [INFO] Entered new price: 4.00
[2026-03-25 15:12:51] [DEBUG] End date is empty, skipping
[2026-03-25 15:12:52] [DEBUG] Reason Code is empty, skipping
[2026-03-25 15:12:54] [INFO] Pressed Alt+S to save the new price
[2026-03-25 15:12:57] [DEBUG] Clicked at (134,90)
[2026-03-25 15:12:59] [DEBUG] Clicked at (230,123)
[2026-03-25 15:13:01] [INFO] Successfully processed item 3
[2026-03-25 15:13:01] [INFO] Processing item 4/10
[2026-03-25 15:13:02] [DEBUG] Clicked and typed at (349,136): 8711327473140
[2026-03-25 15:13:07] [INFO] Searched for article: 8711327473140
[2026-03-25 15:13:11] [DEBUG] Focused and replaced field at (537,290): 4.00
[2026-03-25 15:13:11] [INFO] Entered new price: 4.00
[2026-03-25 15:13:11] [DEBUG] End date is empty, skipping
[2026-03-25 15:13:11] [DEBUG] Reason Code is empty, skipping
[2026-03-25 15:13:14] [INFO] Pressed Alt+S to save the new price
[2026-03-25 15:13:16] [DEBUG] Clicked at (134,90)
[2026-03-25 15:13:19] [DEBUG] Clicked at (230,123)
[2026-03-25 15:13:21] [INFO] Successfully processed item 4
[2026-03-25 15:13:21] [INFO] Processing item 5/10
[2026-03-25 15:13:22] [DEBUG] Clicked and typed at (349,136): 8711327374324
[2026-03-25 15:13:27] [INFO] Searched for article: 8711327374324
[2026-03-25 15:13:31] [DEBUG] Focused and replaced field at (537,290): 4.00
[2026-03-25 15:13:31] [INFO] Entered new price: 4.00
[2026-03-25 15:13:31] [DEBUG] End date is empty, skipping
[2026-03-25 15:13:31] [DEBUG] Reason Code is empty, skipping
[2026-03-25 15:13:34] [INFO] Pressed Alt+S to save the new price
[2026-03-25 15:13:36] [DEBUG] Clicked at (134,90)
[2026-03-25 15:13:39] [DEBUG] Clicked at (230,123)
[2026-03-25 15:13:41] [INFO] Successfully processed item 5
[2026-03-25 15:13:41] [INFO] Processing item 6/10
[2026-03-25 15:13:42] [DEBUG] Clicked and typed at (349,136): 8711327629394
[2026-03-25 15:13:47] [INFO] Searched for article: 8711327629394
[2026-03-25 15:13:51] [DEBUG] Focused and replaced field at (537,290): 4.00
[2026-03-25 15:13:51] [INFO] Entered new price: 4.00
[2026-03-25 15:13:51] [DEBUG] End date is empty, skipping
[2026-03-25 15:13:51] [DEBUG] Reason Code is empty, skipping
[2026-03-25 15:13:54] [INFO] Pressed Alt+S to save the new price
[2026-03-25 15:13:56] [DEBUG] Clicked at (134,90)
[2026-03-25 15:13:59] [DEBUG] Clicked at (230,123)
[2026-03-25 15:14:01] [INFO] Successfully processed item 6
[2026-03-25 15:14:01] [INFO] Processing item 7/10
[2026-03-25 15:14:02] [DEBUG] Clicked and typed at (349,136): 8711327666481
[2026-03-25 15:14:07] [INFO] Searched for article: 8711327666481
[2026-03-25 15:14:10] [DEBUG] Focused and replaced field at (537,290): 4.00
[2026-03-25 15:14:10] [INFO] Entered new price: 4.00
[2026-03-25 15:14:10] [DEBUG] End date is empty, skipping
[2026-03-25 15:14:11] [DEBUG] Reason Code is empty, skipping
[2026-03-25 15:14:14] [INFO] Pressed Alt+S to save the new price
[2026-03-25 15:14:16] [DEBUG] Clicked at (134,90)
[2026-03-25 15:14:18] [DEBUG] Clicked at (230,123)
[2026-03-25 15:14:20] [INFO] Successfully processed item 7
[2026-03-25 15:14:20] [INFO] Processing item 8/10
[2026-03-25 15:14:22] [DEBUG] Clicked and typed at (349,136): 8711327667020
[2026-03-25 15:14:27] [INFO] Searched for article: 8711327667020
[2026-03-25 15:14:30] [DEBUG] Focused and replaced field at (537,290): 4.00
[2026-03-25 15:14:30] [INFO] Entered new price: 4.00
[2026-03-25 15:14:30] [DEBUG] End date is empty, skipping
[2026-03-25 15:14:31] [DEBUG] Reason Code is empty, skipping
[2026-03-25 15:14:33] [INFO] Pressed Alt+S to save the new price
[2026-03-25 15:14:36] [DEBUG] Clicked at (134,90)
[2026-03-25 15:14:38] [DEBUG] Clicked at (230,123)
[2026-03-25 15:14:40] [INFO] Successfully processed item 8
[2026-03-25 15:14:40] [INFO] Processing item 9/10
[2026-03-25 15:14:42] [DEBUG] Clicked and typed at (349,136): 8711327613812
[2026-03-25 15:14:47] [INFO] Searched for article: 8711327613812
[2026-03-25 15:14:50] [DEBUG] Focused and replaced field at (537,290): 4.00
[2026-03-25 15:14:50] [INFO] Entered new price: 4.00
[2026-03-25 15:14:50] [DEBUG] End date is empty, skipping
[2026-03-25 15:14:51] [DEBUG] Reason Code is empty, skipping
[2026-03-25 15:14:53] [INFO] Pressed Alt+S to save the new price
[2026-03-25 15:14:56] [DEBUG] Clicked at (134,90)
[2026-03-25 15:14:58] [DEBUG] Clicked at (230,123)
[2026-03-25 15:15:00] [INFO] Successfully processed item 9
[2026-03-25 15:15:00] [INFO] Processing item 10/10
[2026-03-25 15:15:01] [DEBUG] Clicked and typed at (349,136): 8721274802184
[2026-03-25 15:15:06] [INFO] Searched for article: 8721274802184
[2026-03-25 15:15:10] [DEBUG] Focused and replaced field at (537,290): 4.00
[2026-03-25 15:15:10] [INFO] Entered new price: 4.00
[2026-03-25 15:15:10] [DEBUG] End date is empty, skipping
[2026-03-25 15:15:10] [DEBUG] Reason Code is empty, skipping
[2026-03-25 15:15:13] [INFO] Pressed Alt+S to save the new price
[2026-03-25 15:15:15] [DEBUG] Clicked at (134,90)
[2026-03-25 15:15:18] [DEBUG] Clicked at (230,123)
[2026-03-25 15:15:20] [INFO] Successfully processed item 10
[2026-03-25 15:15:20] [INFO] === Price Change Workflow Completed ===
[2026-03-25 15:15:29] [INFO] Ending Excel session
[2026-03-25 15:15:30] [INFO] Excel session ended successfully
[2026-04-01 14:01:40] [INFO] Starting Excel session with file: C:\Users\Backoffice\Downloads\Deals_radio.xlsx
[2026-04-01 14:01:41] [INFO] Excel session started successfully
[2026-04-01 14:01:41] [INFO] Row count in IMPULSE: 36
[2026-04-01 14:01:41] [DEBUG] Got value from IMPULSE[2,1]: 5000328014746.0
[2026-04-01 14:01:41] [DEBUG] Got value from IMPULSE[2,2]: 1.5
[2026-04-01 14:01:41] [DEBUG] Got value from IMPULSE[3,1]: 5000328014937.0
[2026-04-01 14:01:41] [DEBUG] Got value from IMPULSE[3,2]: 1.5
[2026-04-01 14:01:41] [DEBUG] Got value from IMPULSE[4,1]: 5053990161966.0
[2026-04-01 14:01:42] [DEBUG] Got value from IMPULSE[4,2]: 1.75
[2026-04-01 14:01:42] [DEBUG] Got value from IMPULSE[5,1]: 5053990127641.0
[2026-04-01 14:01:42] [DEBUG] Got value from IMPULSE[5,2]: 1.75
[2026-04-01 14:01:42] [DEBUG] Got value from IMPULSE[6,1]: 5053990127726.0
[2026-04-01 14:01:42] [DEBUG] Got value from IMPULSE[6,2]: 1.75
[2026-04-01 14:01:42] [DEBUG] Got value from IMPULSE[7,1]: 5053990161669.0
[2026-04-01 14:01:42] [DEBUG] Got value from IMPULSE[7,2]: 1.75
[2026-04-01 14:01:42] [DEBUG] Got value from IMPULSE[8,1]: 5053990158034.0
[2026-04-01 14:01:42] [DEBUG] Got value from IMPULSE[8,2]: 1.75
[2026-04-01 14:01:42] [DEBUG] Got value from IMPULSE[9,1]: 5053990127733.0
[2026-04-01 14:01:42] [DEBUG] Got value from IMPULSE[9,2]: 1.75
[2026-04-01 14:01:42] [DEBUG] Got value from IMPULSE[10,1]: 5053990167197.0
[2026-04-01 14:01:42] [DEBUG] Got value from IMPULSE[10,2]: 1.75
[2026-04-01 14:01:42] [DEBUG] Got value from IMPULSE[11,1]: 5053990179039.0
[2026-04-01 14:01:42] [DEBUG] Got value from IMPULSE[11,2]: 1.75
[2026-04-01 14:01:42] [DEBUG] Got value from IMPULSE[12,1]: 5053990182947.0
[2026-04-01 14:01:42] [DEBUG] Got value from IMPULSE[12,2]: 1.75
[2026-04-01 14:01:42] [DEBUG] Got value from IMPULSE[13,1]: 5053990190034.0
[2026-04-01 14:01:42] [DEBUG] Got value from IMPULSE[13,2]: 1.75
[2026-04-01 14:01:42] [DEBUG] Got value from IMPULSE[14,1]: 4062139013548.0
[2026-04-01 14:01:42] [DEBUG] Got value from IMPULSE[14,2]: 6.0
[2026-04-01 14:01:42] [DEBUG] Got value from IMPULSE[15,1]: 4062139012541.0
[2026-04-01 14:01:42] [DEBUG] Got value from IMPULSE[15,2]: 6.0
[2026-04-01 14:01:42] [DEBUG] Got value from IMPULSE[16,1]: 4062139012909.0
[2026-04-01 14:01:42] [DEBUG] Got value from IMPULSE[16,2]: 6.0
[2026-04-01 14:01:42] [DEBUG] Got value from IMPULSE[17,1]: 4062139013920.0
[2026-04-01 14:01:42] [DEBUG] Got value from IMPULSE[17,2]: 6.0
[2026-04-01 14:01:42] [DEBUG] Got value from IMPULSE[18,1]: 5391521843296.0
[2026-04-01 14:01:42] [DEBUG] Got value from IMPULSE[18,2]: 6.0
[2026-04-01 14:01:42] [DEBUG] Got value from IMPULSE[19,1]: 5391521839442.0
[2026-04-01 14:01:42] [DEBUG] Got value from IMPULSE[19,2]: 6.0
[2026-04-01 14:01:42] [DEBUG] Got value from IMPULSE[20,1]: 5391521839985.0
[2026-04-01 14:01:42] [DEBUG] Got value from IMPULSE[20,2]: 6.0
[2026-04-01 14:01:42] [DEBUG] Got value from IMPULSE[21,1]: 5391521839381.0
[2026-04-01 14:01:42] [DEBUG] Got value from IMPULSE[21,2]: 6.0
[2026-04-01 14:01:42] [DEBUG] Got value from IMPULSE[22,1]: 5099839624384.0
[2026-04-01 14:01:42] [DEBUG] Got value from IMPULSE[22,2]: 2.6899999999999999
[2026-04-01 14:01:42] [DEBUG] Got value from IMPULSE[23,1]: 5099839658327.0
[2026-04-01 14:01:42] [DEBUG] Got value from IMPULSE[23,2]: 2.75
[2026-04-01 14:01:42] [DEBUG] Got value from IMPULSE[24,1]: 5099839727368.0
[2026-04-01 14:01:42] [DEBUG] Got value from IMPULSE[24,2]: 3.3500000000000001
[2026-04-01 14:01:42] [DEBUG] Got value from IMPULSE[25,1]: 5099839727375.0
[2026-04-01 14:01:42] [DEBUG] Got value from IMPULSE[25,2]: 3.1899999999999999
[2026-04-01 14:01:42] [DEBUG] Got value from IMPULSE[26,1]: 5099839674594.0
[2026-04-01 14:01:42] [DEBUG] Got value from IMPULSE[26,2]: 2.0899999999999999
[2026-04-01 14:01:42] [DEBUG] Got value from IMPULSE[27,1]: 5099839654558.0
[2026-04-01 14:01:42] [DEBUG] Got value from IMPULSE[27,2]: 3.29
[2026-04-01 14:01:42] [DEBUG] Got value from IMPULSE[28,1]: 5099839674587.0
[2026-04-01 14:01:42] [DEBUG] Got value from IMPULSE[28,2]: 3.29
[2026-04-01 14:01:42] [DEBUG] Got value from IMPULSE[29,1]: 5099839654572.0
[2026-04-01 14:01:42] [DEBUG] Got value from IMPULSE[29,2]: 3.1499999999999999
[2026-04-01 14:01:42] [DEBUG] Got value from IMPULSE[30,1]: 5099839654589.0
[2026-04-01 14:01:42] [DEBUG] Got value from IMPULSE[30,2]: 3.1499999999999999
[2026-04-01 14:01:42] [DEBUG] Got value from IMPULSE[31,1]: 5000213028186.0
[2026-04-01 14:01:42] [DEBUG] Got value from IMPULSE[31,2]: 13.26
[2026-04-01 14:01:42] [DEBUG] Got value from IMPULSE[32,1]: 5011007003005.0
[2026-04-01 14:01:42] [DEBUG] Got value from IMPULSE[32,2]: 23.0
[2026-04-01 14:01:42] [DEBUG] Got value from IMPULSE[33,1]: 5011007003005.0
[2026-04-01 14:01:42] [DEBUG] Got value from IMPULSE[33,2]: 23.0
[2026-04-01 14:01:42] [DEBUG] Got value from IMPULSE[34,1]: 5011007001025.0
[2026-04-01 14:01:42] [DEBUG] Got value from IMPULSE[34,2]: 23.0
[2026-04-01 14:01:42] [DEBUG] Got value from IMPULSE[35,1]: 5011007001025.0
[2026-04-01 14:01:42] [DEBUG] Got value from IMPULSE[35,2]: 23.0
[2026-04-01 14:01:42] [DEBUG] Got value from IMPULSE[36,1]: 5391518565002.0
[2026-04-01 14:01:42] [DEBUG] Got value from IMPULSE[36,2]: 25.0
[2026-04-01 14:01:42] [DEBUG] Got value from IMPULSE[37,1]: 5391518565002.0
[2026-04-01 14:01:42] [DEBUG] Got value from IMPULSE[37,2]: 25.0
[2026-04-01 14:01:42] [INFO] Loaded 36 items from Excel
[2026-04-01 14:02:29] [INFO] Ending Excel session
[2026-04-01 14:02:29] [INFO] Excel session ended successfully
[2026-04-01 14:02:30] [INFO] Starting Excel session with file: C:\Users\Backoffice\Downloads\Deals_radio.xlsx
[2026-04-01 14:02:32] [INFO] Excel session started successfully
[2026-04-01 14:02:32] [INFO] Row count in IMPULSE: 37
[2026-04-01 14:02:32] [DEBUG] Got value from IMPULSE[2,1]: 5000328373362.0
[2026-04-01 14:02:32] [DEBUG] Got value from IMPULSE[2,2]: 1.5
[2026-04-01 14:02:32] [DEBUG] Got value from IMPULSE[3,1]: 5000328014746.0
[2026-04-01 14:02:32] [DEBUG] Got value from IMPULSE[3,2]: 1.5
[2026-04-01 14:02:32] [DEBUG] Got value from IMPULSE[4,1]: 5000328014937.0
[2026-04-01 14:02:32] [DEBUG] Got value from IMPULSE[4,2]: 1.5
[2026-04-01 14:02:32] [DEBUG] Got value from IMPULSE[5,1]: 5053990161966.0
[2026-04-01 14:02:32] [DEBUG] Got value from IMPULSE[5,2]: 1.75
[2026-04-01 14:02:32] [DEBUG] Got value from IMPULSE[6,1]: 5053990127641.0
[2026-04-01 14:02:32] [DEBUG] Got value from IMPULSE[6,2]: 1.75
[2026-04-01 14:02:32] [DEBUG] Got value from IMPULSE[7,1]: 5053990127726.0
[2026-04-01 14:02:32] [DEBUG] Got value from IMPULSE[7,2]: 1.75
[2026-04-01 14:02:32] [DEBUG] Got value from IMPULSE[8,1]: 5053990161669.0
[2026-04-01 14:02:32] [DEBUG] Got value from IMPULSE[8,2]: 1.75
[2026-04-01 14:02:32] [DEBUG] Got value from IMPULSE[9,1]: 5053990158034.0
[2026-04-01 14:02:32] [DEBUG] Got value from IMPULSE[9,2]: 1.75
[2026-04-01 14:02:32] [DEBUG] Got value from IMPULSE[10,1]: 5053990127733.0
[2026-04-01 14:02:32] [DEBUG] Got value from IMPULSE[10,2]: 1.75
[2026-04-01 14:02:32] [DEBUG] Got value from IMPULSE[11,1]: 5053990167197.0
[2026-04-01 14:02:32] [DEBUG] Got value from IMPULSE[11,2]: 1.75
[2026-04-01 14:02:32] [DEBUG] Got value from IMPULSE[12,1]: 5053990179039.0
[2026-04-01 14:02:32] [DEBUG] Got value from IMPULSE[12,2]: 1.75
[2026-04-01 14:02:32] [DEBUG] Got value from IMPULSE[13,1]: 5053990182947.0
[2026-04-01 14:02:32] [DEBUG] Got value from IMPULSE[13,2]: 1.75
[2026-04-01 14:02:32] [DEBUG] Got value from IMPULSE[14,1]: 5053990190034.0
[2026-04-01 14:02:32] [DEBUG] Got value from IMPULSE[14,2]: 1.75
[2026-04-01 14:02:32] [DEBUG] Got value from IMPULSE[15,1]: 4062139013548.0
[2026-04-01 14:02:32] [DEBUG] Got value from IMPULSE[15,2]: 6.0
[2026-04-01 14:02:32] [DEBUG] Got value from IMPULSE[16,1]: 4062139012541.0
[2026-04-01 14:02:32] [DEBUG] Got value from IMPULSE[16,2]: 6.0
[2026-04-01 14:02:32] [DEBUG] Got value from IMPULSE[17,1]: 4062139012909.0
[2026-04-01 14:02:32] [DEBUG] Got value from IMPULSE[17,2]: 6.0
[2026-04-01 14:02:32] [DEBUG] Got value from IMPULSE[18,1]: 4062139013920.0
[2026-04-01 14:02:32] [DEBUG] Got value from IMPULSE[18,2]: 6.0
[2026-04-01 14:02:32] [DEBUG] Got value from IMPULSE[19,1]: 5391521843296.0
[2026-04-01 14:02:32] [DEBUG] Got value from IMPULSE[19,2]: 6.0
[2026-04-01 14:02:32] [DEBUG] Got value from IMPULSE[20,1]: 5391521839442.0
[2026-04-01 14:02:32] [DEBUG] Got value from IMPULSE[20,2]: 6.0
[2026-04-01 14:02:32] [DEBUG] Got value from IMPULSE[21,1]: 5391521839985.0
[2026-04-01 14:02:32] [DEBUG] Got value from IMPULSE[21,2]: 6.0
[2026-04-01 14:02:32] [DEBUG] Got value from IMPULSE[22,1]: 5391521839381.0
[2026-04-01 14:02:32] [DEBUG] Got value from IMPULSE[22,2]: 6.0
[2026-04-01 14:02:32] [DEBUG] Got value from IMPULSE[23,1]: 5099839624384.0
[2026-04-01 14:02:32] [DEBUG] Got value from IMPULSE[23,2]: 2.6899999999999999
[2026-04-01 14:02:32] [DEBUG] Got value from IMPULSE[24,1]: 5099839658327.0
[2026-04-01 14:02:32] [DEBUG] Got value from IMPULSE[24,2]: 2.75
[2026-04-01 14:02:32] [DEBUG] Got value from IMPULSE[25,1]: 5099839727368.0
[2026-04-01 14:02:32] [DEBUG] Got value from IMPULSE[25,2]: 3.3500000000000001
[2026-04-01 14:02:32] [DEBUG] Got value from IMPULSE[26,1]: 5099839727375.0
[2026-04-01 14:02:32] [DEBUG] Got value from IMPULSE[26,2]: 3.1899999999999999
[2026-04-01 14:02:32] [DEBUG] Got value from IMPULSE[27,1]: 5099839674594.0
[2026-04-01 14:02:32] [DEBUG] Got value from IMPULSE[27,2]: 2.0899999999999999
[2026-04-01 14:02:32] [DEBUG] Got value from IMPULSE[28,1]: 5099839654558.0
[2026-04-01 14:02:32] [DEBUG] Got value from IMPULSE[28,2]: 3.29
[2026-04-01 14:02:32] [DEBUG] Got value from IMPULSE[29,1]: 5099839674587.0
[2026-04-01 14:02:32] [DEBUG] Got value from IMPULSE[29,2]: 3.29
[2026-04-01 14:02:32] [DEBUG] Got value from IMPULSE[30,1]: 5099839654572.0
[2026-04-01 14:02:32] [DEBUG] Got value from IMPULSE[30,2]: 3.1499999999999999
[2026-04-01 14:02:32] [DEBUG] Got value from IMPULSE[31,1]: 5099839654589.0
[2026-04-01 14:02:32] [DEBUG] Got value from IMPULSE[31,2]: 3.1499999999999999
[2026-04-01 14:02:32] [DEBUG] Got value from IMPULSE[32,1]: 5000213028186.0
[2026-04-01 14:02:32] [DEBUG] Got value from IMPULSE[32,2]: 13.26
[2026-04-01 14:02:32] [DEBUG] Got value from IMPULSE[33,1]: 5011007003005.0
[2026-04-01 14:02:32] [DEBUG] Got value from IMPULSE[33,2]: 23.0
[2026-04-01 14:02:32] [DEBUG] Got value from IMPULSE[34,1]: 5011007003005.0
[2026-04-01 14:02:32] [DEBUG] Got value from IMPULSE[34,2]: 23.0
[2026-04-01 14:02:32] [DEBUG] Got value from IMPULSE[35,1]: 5011007001025.0
[2026-04-01 14:02:32] [DEBUG] Got value from IMPULSE[35,2]: 23.0
[2026-04-01 14:02:32] [DEBUG] Got value from IMPULSE[36,1]: 5011007001025.0
[2026-04-01 14:02:32] [DEBUG] Got value from IMPULSE[36,2]: 23.0
[2026-04-01 14:02:32] [DEBUG] Got value from IMPULSE[37,1]: 5391518565002.0
[2026-04-01 14:02:32] [DEBUG] Got value from IMPULSE[37,2]: 25.0
[2026-04-01 14:02:32] [DEBUG] Got value from IMPULSE[38,1]: 5391518565002.0
[2026-04-01 14:02:32] [DEBUG] Got value from IMPULSE[38,2]: 25.0
[2026-04-01 14:02:32] [INFO] Loaded 37 items from Excel
[2026-04-01 14:02:41] [INFO] === Starting Price Change Workflow ===
[2026-04-01 14:02:42] [INFO] Activated window: GOLD PRD - \\Remote
[2026-04-01 14:02:42] [INFO] Processing item 1/37
[2026-04-01 14:02:44] [WARN] Clipboard update timed out before pasting field value at (269,205)
[2026-04-01 14:02:44] [DEBUG] Set field value at (269,205): 
[2026-04-01 14:02:44] [INFO] Start date set to: 
[2026-04-01 14:02:46] [DEBUG] Clicked and typed at (349,136): 5000328373362
[2026-04-01 14:02:51] [INFO] Searched for article: 5000328373362
[2026-04-01 14:02:54] [DEBUG] Focused and replaced field at (537,290): 1.50
[2026-04-01 14:02:54] [INFO] Entered new price: 1.50
[2026-04-01 14:02:56] [INFO] End date set to: 08/04/26
[2026-04-01 14:02:56] [DEBUG] Reason Code is empty, skipping
[2026-04-01 14:02:59] [INFO] Pressed Alt+S to save the new price
[2026-04-01 14:03:01] [DEBUG] Clicked at (134,90)
[2026-04-01 14:03:04] [DEBUG] Clicked at (230,123)
[2026-04-01 14:03:06] [INFO] Successfully processed item 1
[2026-04-01 14:03:06] [INFO] Processing item 2/37
[2026-04-01 14:03:07] [DEBUG] Clicked and typed at (349,136): 5000328014746
[2026-04-01 14:03:12] [INFO] Searched for article: 5000328014746
[2026-04-01 14:03:15] [DEBUG] Focused and replaced field at (537,290): 1.50
[2026-04-01 14:03:15] [INFO] Entered new price: 1.50
[2026-04-01 14:03:17] [INFO] End date set to: 08/04/26
[2026-04-01 14:03:17] [DEBUG] Reason Code is empty, skipping
[2026-04-01 14:03:20] [INFO] Pressed Alt+S to save the new price
[2026-04-01 14:03:22] [DEBUG] Clicked at (134,90)
[2026-04-01 14:03:25] [DEBUG] Clicked at (230,123)
[2026-04-01 14:03:27] [INFO] Successfully processed item 2
[2026-04-01 14:03:27] [INFO] Processing item 3/37
[2026-04-01 14:03:28] [DEBUG] Clicked and typed at (349,136): 5000328014937
[2026-04-01 14:03:33] [INFO] Searched for article: 5000328014937
[2026-04-01 14:03:37] [DEBUG] Focused and replaced field at (537,290): 1.50
[2026-04-01 14:03:37] [INFO] Entered new price: 1.50
[2026-04-01 14:03:38] [INFO] End date set to: 08/04/26
[2026-04-01 14:03:38] [DEBUG] Reason Code is empty, skipping
[2026-04-01 14:03:41] [INFO] Pressed Alt+S to save the new price
[2026-04-01 14:03:43] [DEBUG] Clicked at (134,90)
[2026-04-01 14:03:46] [DEBUG] Clicked at (230,123)
[2026-04-01 14:03:48] [INFO] Successfully processed item 3
[2026-04-01 14:03:48] [INFO] Processing item 4/37
[2026-04-01 14:03:49] [DEBUG] Clicked and typed at (349,136): 5053990161966
[2026-04-01 14:03:54] [INFO] Searched for article: 5053990161966
[2026-04-01 14:03:58] [DEBUG] Focused and replaced field at (537,290): 1.75
[2026-04-01 14:03:58] [INFO] Entered new price: 1.75
[2026-04-01 14:03:59] [INFO] End date set to: 08/04/26
[2026-04-01 14:04:00] [DEBUG] Reason Code is empty, skipping
[2026-04-01 14:04:02] [INFO] Pressed Alt+S to save the new price
[2026-04-01 14:04:05] [DEBUG] Clicked at (134,90)
[2026-04-01 14:04:07] [DEBUG] Clicked at (230,123)
[2026-04-01 14:04:09] [INFO] Successfully processed item 4
[2026-04-01 14:04:09] [INFO] Processing item 5/37
[2026-04-01 14:04:10] [DEBUG] Clicked and typed at (349,136): 5053990127641
[2026-04-01 14:04:15] [INFO] Searched for article: 5053990127641
[2026-04-01 14:04:19] [DEBUG] Focused and replaced field at (537,290): 1.75
[2026-04-01 14:04:19] [INFO] Entered new price: 1.75
[2026-04-01 14:04:20] [INFO] End date set to: 08/04/26
[2026-04-01 14:04:21] [DEBUG] Reason Code is empty, skipping
[2026-04-01 14:04:23] [INFO] Pressed Alt+S to save the new price
[2026-04-01 14:04:26] [DEBUG] Clicked at (134,90)
[2026-04-01 14:04:28] [DEBUG] Clicked at (230,123)
[2026-04-01 14:04:30] [INFO] Successfully processed item 5
[2026-04-01 14:04:30] [INFO] Processing item 6/37
[2026-04-01 14:04:32] [DEBUG] Clicked and typed at (349,136): 5053990127726
[2026-04-01 14:04:37] [INFO] Searched for article: 5053990127726
[2026-04-01 14:04:40] [DEBUG] Focused and replaced field at (537,290): 1.75
[2026-04-01 14:04:40] [INFO] Entered new price: 1.75
[2026-04-01 14:04:41] [INFO] End date set to: 08/04/26
[2026-04-01 14:04:42] [DEBUG] Reason Code is empty, skipping
[2026-04-01 14:04:45] [INFO] Pressed Alt+S to save the new price
[2026-04-01 14:04:47] [DEBUG] Clicked at (134,90)
[2026-04-01 14:04:49] [DEBUG] Clicked at (230,123)
[2026-04-01 14:04:51] [INFO] Successfully processed item 6
[2026-04-01 14:04:51] [INFO] Processing item 7/37
[2026-04-01 14:04:53] [DEBUG] Clicked and typed at (349,136): 5053990161669
[2026-04-01 14:04:58] [INFO] Searched for article: 5053990161669
[2026-04-01 14:05:01] [DEBUG] Focused and replaced field at (537,290): 1.75
[2026-04-01 14:05:01] [INFO] Entered new price: 1.75
[2026-04-01 14:05:03] [INFO] End date set to: 08/04/26
[2026-04-01 14:05:03] [DEBUG] Reason Code is empty, skipping
[2026-04-01 14:05:06] [INFO] Pressed Alt+S to save the new price
[2026-04-01 14:05:08] [DEBUG] Clicked at (134,90)
[2026-04-01 14:05:11] [DEBUG] Clicked at (230,123)
[2026-04-01 14:05:13] [INFO] Successfully processed item 7
[2026-04-01 14:05:13] [INFO] Processing item 8/37
[2026-04-01 14:05:14] [DEBUG] Clicked and typed at (349,136): 5053990158034
[2026-04-01 14:05:19] [INFO] Searched for article: 5053990158034
[2026-04-01 14:05:22] [DEBUG] Focused and replaced field at (537,290): 1.75
[2026-04-01 14:05:22] [INFO] Entered new price: 1.75
[2026-04-01 14:05:24] [INFO] End date set to: 08/04/26
[2026-04-01 14:05:24] [DEBUG] Reason Code is empty, skipping
[2026-04-01 14:05:27] [INFO] Pressed Alt+S to save the new price
[2026-04-01 14:05:29] [DEBUG] Clicked at (134,90)
[2026-04-01 14:05:32] [DEBUG] Clicked at (230,123)
[2026-04-01 14:05:34] [INFO] Successfully processed item 8
[2026-04-01 14:05:34] [INFO] Processing item 9/37
[2026-04-01 14:05:35] [DEBUG] Clicked and typed at (349,136): 5053990127733
[2026-04-01 14:05:40] [INFO] Searched for article: 5053990127733
[2026-04-01 14:05:44] [DEBUG] Focused and replaced field at (537,290): 1.75
[2026-04-01 14:05:44] [INFO] Entered new price: 1.75
[2026-04-01 14:05:45] [INFO] End date set to: 08/04/26
[2026-04-01 14:05:46] [DEBUG] Reason Code is empty, skipping
[2026-04-01 14:05:48] [INFO] Pressed Alt+S to save the new price
[2026-04-01 14:05:51] [DEBUG] Clicked at (134,90)
[2026-04-01 14:05:53] [DEBUG] Clicked at (230,123)
[2026-04-01 14:05:55] [INFO] Successfully processed item 9
[2026-04-01 14:05:55] [INFO] Processing item 10/37
[2026-04-01 14:05:56] [DEBUG] Clicked and typed at (349,136): 5053990167197
[2026-04-01 14:06:01] [INFO] Searched for article: 5053990167197
[2026-04-01 14:06:05] [DEBUG] Focused and replaced field at (537,290): 1.75
[2026-04-01 14:06:05] [INFO] Entered new price: 1.75
[2026-04-01 14:06:06] [INFO] End date set to: 08/04/26
[2026-04-01 14:06:07] [DEBUG] Reason Code is empty, skipping
[2026-04-01 14:06:09] [INFO] Pressed Alt+S to save the new price
[2026-04-01 14:06:12] [DEBUG] Clicked at (134,90)
[2026-04-01 14:06:14] [DEBUG] Clicked at (230,123)
[2026-04-01 14:06:16] [INFO] Successfully processed item 10
[2026-04-01 14:06:16] [INFO] Processing item 11/37
[2026-04-01 14:06:17] [DEBUG] Clicked and typed at (349,136): 5053990179039
[2026-04-01 14:06:22] [INFO] Searched for article: 5053990179039
[2026-04-01 14:06:26] [DEBUG] Focused and replaced field at (537,290): 1.75
[2026-04-01 14:06:26] [INFO] Entered new price: 1.75
[2026-04-01 14:06:27] [INFO] End date set to: 08/04/26
[2026-04-01 14:06:28] [DEBUG] Reason Code is empty, skipping
[2026-04-01 14:06:30] [INFO] Pressed Alt+S to save the new price
[2026-04-01 14:06:33] [DEBUG] Clicked at (134,90)
[2026-04-01 14:06:35] [DEBUG] Clicked at (230,123)
[2026-04-01 14:06:37] [INFO] Successfully processed item 11
[2026-04-01 14:06:37] [INFO] Processing item 12/37
[2026-04-01 14:06:39] [DEBUG] Clicked and typed at (349,136): 5053990182947
[2026-04-01 14:06:44] [INFO] Searched for article: 5053990182947
[2026-04-01 14:06:47] [DEBUG] Focused and replaced field at (537,290): 1.75
[2026-04-01 14:06:47] [INFO] Entered new price: 1.75
[2026-04-01 14:06:48] [INFO] End date set to: 08/04/26
[2026-04-01 14:06:49] [DEBUG] Reason Code is empty, skipping
[2026-04-01 14:06:52] [INFO] Pressed Alt+S to save the new price
[2026-04-01 14:06:54] [DEBUG] Clicked at (134,90)
[2026-04-01 14:06:56] [DEBUG] Clicked at (230,123)
[2026-04-01 14:06:58] [INFO] Successfully processed item 12
[2026-04-01 14:06:58] [INFO] Processing item 13/37
[2026-04-01 14:07:00] [DEBUG] Clicked and typed at (349,136): 5053990190034
[2026-04-01 14:07:05] [INFO] Searched for article: 5053990190034
[2026-04-01 14:07:08] [DEBUG] Focused and replaced field at (537,290): 1.75
[2026-04-01 14:07:08] [INFO] Entered new price: 1.75
[2026-04-01 14:07:10] [INFO] End date set to: 08/04/26
[2026-04-01 14:07:10] [DEBUG] Reason Code is empty, skipping
[2026-04-01 14:07:13] [INFO] Pressed Alt+S to save the new price
[2026-04-01 14:07:15] [DEBUG] Clicked at (134,90)
[2026-04-01 14:07:18] [DEBUG] Clicked at (230,123)
[2026-04-01 14:07:20] [INFO] Successfully processed item 13
[2026-04-01 14:07:20] [INFO] Processing item 14/37
[2026-04-01 14:07:21] [DEBUG] Clicked and typed at (349,136): 4062139013548
[2026-04-01 14:07:26] [INFO] Searched for article: 4062139013548
[2026-04-01 14:07:30] [DEBUG] Focused and replaced field at (537,290): 6.00
[2026-04-01 14:07:30] [INFO] Entered new price: 6.00
[2026-04-01 14:07:31] [INFO] End date set to: 08/04/26
[2026-04-01 14:07:31] [DEBUG] Reason Code is empty, skipping
[2026-04-01 14:07:34] [INFO] Pressed Alt+S to save the new price
[2026-04-01 14:07:36] [DEBUG] Clicked at (134,90)
[2026-04-01 14:07:39] [DEBUG] Clicked at (230,123)
[2026-04-01 14:07:41] [INFO] Successfully processed item 14
[2026-04-01 14:07:41] [INFO] Processing item 15/37
[2026-04-01 14:07:42] [DEBUG] Clicked and typed at (349,136): 4062139012541
[2026-04-01 14:07:47] [INFO] Searched for article: 4062139012541
[2026-04-01 14:07:51] [DEBUG] Focused and replaced field at (537,290): 6.00
[2026-04-01 14:07:51] [INFO] Entered new price: 6.00
[2026-04-01 14:07:52] [INFO] End date set to: 08/04/26
[2026-04-01 14:07:53] [DEBUG] Reason Code is empty, skipping
[2026-04-01 14:07:55] [INFO] Pressed Alt+S to save the new price
[2026-04-01 14:07:58] [DEBUG] Clicked at (134,90)
[2026-04-01 14:08:00] [DEBUG] Clicked at (230,123)
[2026-04-01 14:08:02] [INFO] Successfully processed item 15
[2026-04-01 14:08:02] [INFO] Processing item 16/37
[2026-04-01 14:08:03] [DEBUG] Clicked and typed at (349,136): 4062139012909
[2026-04-01 14:08:08] [INFO] Searched for article: 4062139012909
[2026-04-01 14:08:12] [DEBUG] Focused and replaced field at (537,290): 6.00
[2026-04-01 14:08:12] [INFO] Entered new price: 6.00
[2026-04-01 14:08:13] [INFO] End date set to: 08/04/26
[2026-04-01 14:08:14] [DEBUG] Reason Code is empty, skipping
[2026-04-01 14:08:16] [INFO] Pressed Alt+S to save the new price
[2026-04-01 14:08:19] [DEBUG] Clicked at (134,90)
[2026-04-01 14:08:21] [DEBUG] Clicked at (230,123)
[2026-04-01 14:08:23] [INFO] Successfully processed item 16
[2026-04-01 14:08:23] [INFO] Processing item 17/37
[2026-04-01 14:08:25] [DEBUG] Clicked and typed at (349,136): 4062139013920
[2026-04-01 14:08:30] [INFO] Searched for article: 4062139013920
[2026-04-01 14:08:33] [DEBUG] Focused and replaced field at (537,290): 6.00
[2026-04-01 14:08:33] [INFO] Entered new price: 6.00
[2026-04-01 14:08:34] [INFO] End date set to: 08/04/26
[2026-04-01 14:08:35] [DEBUG] Reason Code is empty, skipping
[2026-04-01 14:08:37] [INFO] Pressed Alt+S to save the new price
[2026-04-01 14:08:40] [DEBUG] Clicked at (134,90)
[2026-04-01 14:08:42] [DEBUG] Clicked at (230,123)
[2026-04-01 14:08:44] [INFO] Successfully processed item 17
[2026-04-01 14:08:44] [INFO] Processing item 18/37
[2026-04-01 14:08:46] [DEBUG] Clicked and typed at (349,136): 5391521843296
[2026-04-01 14:08:51] [INFO] Searched for article: 5391521843296
[2026-04-01 14:08:54] [DEBUG] Focused and replaced field at (537,290): 6.00
[2026-04-01 14:08:54] [INFO] Entered new price: 6.00
[2026-04-01 14:08:56] [INFO] End date set to: 08/04/26
[2026-04-01 14:08:56] [DEBUG] Reason Code is empty, skipping
[2026-04-01 14:08:59] [INFO] Pressed Alt+S to save the new price
[2026-04-01 14:09:01] [DEBUG] Clicked at (134,90)
[2026-04-01 14:09:04] [DEBUG] Clicked at (230,123)
[2026-04-01 14:09:06] [INFO] Successfully processed item 18
[2026-04-01 14:09:06] [INFO] Processing item 19/37
[2026-04-01 14:09:07] [DEBUG] Clicked and typed at (349,136): 5391521839442
[2026-04-01 14:09:12] [INFO] Searched for article: 5391521839442
[2026-04-01 14:09:15] [DEBUG] Focused and replaced field at (537,290): 6.00
[2026-04-01 14:09:15] [INFO] Entered new price: 6.00
[2026-04-01 14:09:17] [INFO] End date set to: 08/04/26
[2026-04-01 14:09:17] [DEBUG] Reason Code is empty, skipping
[2026-04-01 14:09:20] [INFO] Pressed Alt+S to save the new price
[2026-04-01 14:09:22] [DEBUG] Clicked at (134,90)
[2026-04-01 14:09:25] [DEBUG] Clicked at (230,123)
[2026-04-01 14:09:27] [INFO] Successfully processed item 19
[2026-04-01 14:09:27] [INFO] Processing item 20/37
[2026-04-01 14:09:28] [DEBUG] Clicked and typed at (349,136): 5391521839985
[2026-04-01 14:09:33] [INFO] Searched for article: 5391521839985
[2026-04-01 14:09:37] [DEBUG] Focused and replaced field at (537,290): 6.00
[2026-04-01 14:09:37] [INFO] Entered new price: 6.00
[2026-04-01 14:09:38] [INFO] End date set to: 08/04/26
[2026-04-01 14:09:38] [DEBUG] Reason Code is empty, skipping
[2026-04-01 14:09:41] [INFO] Pressed Alt+S to save the new price
[2026-04-01 14:09:43] [DEBUG] Clicked at (134,90)
[2026-04-01 14:09:46] [DEBUG] Clicked at (230,123)
[2026-04-01 14:09:48] [INFO] Successfully processed item 20
[2026-04-01 14:09:48] [INFO] Processing item 21/37
[2026-04-01 14:09:49] [DEBUG] Clicked and typed at (349,136): 5391521839381
[2026-04-01 14:09:54] [INFO] Searched for article: 5391521839381
[2026-04-01 14:09:58] [DEBUG] Focused and replaced field at (537,290): 6.00
[2026-04-01 14:09:58] [INFO] Entered new price: 6.00
[2026-04-01 14:09:59] [INFO] End date set to: 08/04/26
[2026-04-01 14:10:00] [DEBUG] Reason Code is empty, skipping
[2026-04-01 14:10:02] [INFO] Pressed Alt+S to save the new price
[2026-04-01 14:10:05] [DEBUG] Clicked at (134,90)
[2026-04-01 14:10:07] [DEBUG] Clicked at (230,123)
[2026-04-01 14:10:09] [INFO] Successfully processed item 21
[2026-04-01 14:10:09] [INFO] Processing item 22/37
[2026-04-01 14:10:10] [DEBUG] Clicked and typed at (349,136): 5099839624384
[2026-04-01 14:10:15] [INFO] Searched for article: 5099839624384
[2026-04-01 14:10:19] [DEBUG] Focused and replaced field at (537,290): 2.69
[2026-04-01 14:10:19] [INFO] Entered new price: 2.69
[2026-04-01 14:10:20] [INFO] End date set to: 08/04/26
[2026-04-01 14:10:21] [DEBUG] Reason Code is empty, skipping
[2026-04-01 14:10:23] [INFO] Pressed Alt+S to save the new price
[2026-04-01 14:10:26] [DEBUG] Clicked at (134,90)
[2026-04-01 14:10:28] [DEBUG] Clicked at (230,123)
[2026-04-01 14:10:30] [INFO] Successfully processed item 22
[2026-04-01 14:10:30] [INFO] Processing item 23/37
[2026-04-01 14:10:32] [DEBUG] Clicked and typed at (349,136): 5099839658327
[2026-04-01 14:10:37] [INFO] Searched for article: 5099839658327
[2026-04-01 14:10:40] [DEBUG] Focused and replaced field at (537,290): 2.75
[2026-04-01 14:10:40] [INFO] Entered new price: 2.75
[2026-04-01 14:10:41] [INFO] End date set to: 08/04/26
[2026-04-01 14:10:42] [DEBUG] Reason Code is empty, skipping
[2026-04-01 14:10:45] [INFO] Pressed Alt+S to save the new price
[2026-04-01 14:10:47] [DEBUG] Clicked at (134,90)
[2026-04-01 14:10:49] [DEBUG] Clicked at (230,123)
[2026-04-01 14:10:51] [INFO] Successfully processed item 23
[2026-04-01 14:10:51] [INFO] Processing item 24/37
[2026-04-01 14:10:53] [DEBUG] Clicked and typed at (349,136): 5099839727368
[2026-04-01 14:10:58] [INFO] Searched for article: 5099839727368
[2026-04-01 14:11:01] [DEBUG] Focused and replaced field at (537,290): 3.35
[2026-04-01 14:11:01] [INFO] Entered new price: 3.35
[2026-04-01 14:11:03] [INFO] End date set to: 08/04/26
[2026-04-01 14:11:03] [DEBUG] Reason Code is empty, skipping
[2026-04-01 14:11:06] [INFO] Pressed Alt+S to save the new price
[2026-04-01 14:11:08] [DEBUG] Clicked at (134,90)
[2026-04-01 14:11:11] [DEBUG] Clicked at (230,123)
[2026-04-01 14:11:13] [INFO] Successfully processed item 24
[2026-04-01 14:11:13] [INFO] Processing item 25/37
[2026-04-01 14:11:14] [DEBUG] Clicked and typed at (349,136): 5099839727375
[2026-04-01 14:11:19] [INFO] Searched for article: 5099839727375
[2026-04-01 14:11:22] [DEBUG] Focused and replaced field at (537,290): 3.19
[2026-04-01 14:11:22] [INFO] Entered new price: 3.19
[2026-04-01 14:11:24] [INFO] End date set to: 08/04/26
[2026-04-01 14:11:24] [DEBUG] Reason Code is empty, skipping
[2026-04-01 14:11:27] [INFO] Pressed Alt+S to save the new price
[2026-04-01 14:11:29] [DEBUG] Clicked at (134,90)
[2026-04-01 14:11:32] [DEBUG] Clicked at (230,123)
[2026-04-01 14:11:34] [INFO] Successfully processed item 25
[2026-04-01 14:11:34] [INFO] Processing item 26/37
[2026-04-01 14:11:35] [DEBUG] Clicked and typed at (349,136): 5099839674594
[2026-04-01 14:11:40] [INFO] Searched for article: 5099839674594
[2026-04-01 14:11:44] [DEBUG] Focused and replaced field at (537,290): 2.09
[2026-04-01 14:11:44] [INFO] Entered new price: 2.09
[2026-04-01 14:11:45] [INFO] End date set to: 08/04/26
[2026-04-01 14:11:45] [DEBUG] Reason Code is empty, skipping
[2026-04-01 14:11:48] [INFO] Pressed Alt+S to save the new price
[2026-04-01 14:11:50] [DEBUG] Clicked at (134,90)
[2026-04-01 14:11:53] [DEBUG] Clicked at (230,123)
[2026-04-01 14:11:55] [INFO] Successfully processed item 26
[2026-04-01 14:11:55] [INFO] Processing item 27/37
[2026-04-01 14:11:56] [DEBUG] Clicked and typed at (349,136): 5099839654558
[2026-04-01 14:12:01] [INFO] Searched for article: 5099839654558
[2026-04-01 14:12:05] [DEBUG] Focused and replaced field at (537,290): 3.29
[2026-04-01 14:12:05] [INFO] Entered new price: 3.29
[2026-04-01 14:12:06] [INFO] End date set to: 08/04/26
[2026-04-01 14:12:07] [DEBUG] Reason Code is empty, skipping
[2026-04-01 14:12:09] [INFO] Pressed Alt+S to save the new price
[2026-04-01 14:12:12] [DEBUG] Clicked at (134,90)
[2026-04-01 14:12:14] [DEBUG] Clicked at (230,123)
[2026-04-01 14:12:16] [INFO] Successfully processed item 27
[2026-04-01 14:12:16] [INFO] Processing item 28/37
[2026-04-01 14:12:17] [DEBUG] Clicked and typed at (349,136): 5099839674587
[2026-04-01 14:12:22] [INFO] Searched for article: 5099839674587
[2026-04-01 14:12:26] [DEBUG] Focused and replaced field at (537,290): 3.29
[2026-04-01 14:12:26] [INFO] Entered new price: 3.29
[2026-04-01 14:12:27] [INFO] End date set to: 08/04/26
[2026-04-01 14:12:28] [DEBUG] Reason Code is empty, skipping
[2026-04-01 14:12:30] [INFO] Pressed Alt+S to save the new price
[2026-04-01 14:12:33] [DEBUG] Clicked at (134,90)
[2026-04-01 14:12:35] [DEBUG] Clicked at (230,123)
[2026-04-01 14:12:37] [INFO] Successfully processed item 28
[2026-04-01 14:12:37] [INFO] Processing item 29/37
[2026-04-01 14:12:39] [DEBUG] Clicked and typed at (349,136): 5099839654572
[2026-04-01 14:12:44] [INFO] Searched for article: 5099839654572
[2026-04-01 14:12:47] [DEBUG] Focused and replaced field at (537,290): 3.15
[2026-04-01 14:12:47] [INFO] Entered new price: 3.15
[2026-04-01 14:12:48] [INFO] End date set to: 08/04/26
[2026-04-01 14:12:49] [DEBUG] Reason Code is empty, skipping
[2026-04-01 14:12:51] [INFO] Pressed Alt+S to save the new price
[2026-04-01 14:12:54] [DEBUG] Clicked at (134,90)
[2026-04-01 14:12:56] [DEBUG] Clicked at (230,123)
[2026-04-01 14:12:58] [INFO] Successfully processed item 29
[2026-04-01 14:12:58] [INFO] Processing item 30/37
[2026-04-01 14:13:00] [DEBUG] Clicked and typed at (349,136): 5099839654589
[2026-04-01 14:13:05] [INFO] Searched for article: 5099839654589
[2026-04-01 14:13:08] [DEBUG] Focused and replaced field at (537,290): 3.15
[2026-04-01 14:13:08] [INFO] Entered new price: 3.15
[2026-04-01 14:13:10] [INFO] End date set to: 08/04/26
[2026-04-01 14:13:10] [DEBUG] Reason Code is empty, skipping
[2026-04-01 14:13:13] [INFO] Pressed Alt+S to save the new price
[2026-04-01 14:13:15] [DEBUG] Clicked at (134,90)
[2026-04-01 14:13:18] [DEBUG] Clicked at (230,123)
[2026-04-01 14:13:20] [INFO] Successfully processed item 30
[2026-04-01 14:13:20] [INFO] Processing item 31/37
[2026-04-01 14:13:21] [DEBUG] Clicked and typed at (349,136): 5000213028186
[2026-04-01 14:13:26] [INFO] Searched for article: 5000213028186
[2026-04-01 14:13:29] [DEBUG] Focused and replaced field at (537,290): 13.26
[2026-04-01 14:13:29] [INFO] Entered new price: 13.26
[2026-04-01 14:13:31] [INFO] End date set to: 08/04/26
[2026-04-01 14:13:31] [DEBUG] Reason Code is empty, skipping
[2026-04-01 14:13:34] [INFO] Pressed Alt+S to save the new price
[2026-04-01 14:13:36] [DEBUG] Clicked at (134,90)
[2026-04-01 14:13:39] [DEBUG] Clicked at (230,123)
[2026-04-01 14:13:41] [INFO] Successfully processed item 31
[2026-04-01 14:13:41] [INFO] Processing item 32/37
[2026-04-01 14:13:42] [DEBUG] Clicked and typed at (349,136): 5011007003005
[2026-04-01 14:13:47] [INFO] Searched for article: 5011007003005
[2026-04-01 14:13:51] [DEBUG] Focused and replaced field at (537,290): 23.00
[2026-04-01 14:13:51] [INFO] Entered new price: 23.00
[2026-04-01 14:13:52] [INFO] End date set to: 08/04/26
[2026-04-01 14:13:52] [DEBUG] Reason Code is empty, skipping
[2026-04-01 14:13:55] [INFO] Pressed Alt+S to save the new price
[2026-04-01 14:13:57] [DEBUG] Clicked at (134,90)
[2026-04-01 14:14:00] [DEBUG] Clicked at (230,123)
[2026-04-01 14:14:02] [INFO] Successfully processed item 32
[2026-04-01 14:14:02] [INFO] Processing item 33/37
[2026-04-01 14:14:03] [DEBUG] Clicked and typed at (349,136): 5011007003005
[2026-04-01 14:14:08] [INFO] Searched for article: 5011007003005
[2026-04-01 14:14:12] [DEBUG] Focused and replaced field at (537,290): 23.00
[2026-04-01 14:14:12] [INFO] Entered new price: 23.00
[2026-04-01 14:14:13] [INFO] End date set to: 08/04/26
[2026-04-01 14:14:14] [DEBUG] Reason Code is empty, skipping
[2026-04-01 14:14:16] [INFO] Pressed Alt+S to save the new price
[2026-04-01 14:14:19] [DEBUG] Clicked at (134,90)
[2026-04-01 14:14:21] [DEBUG] Clicked at (230,123)
[2026-04-01 14:14:23] [INFO] Successfully processed item 33
[2026-04-01 14:14:23] [INFO] Processing item 34/37
[2026-04-01 14:14:24] [DEBUG] Clicked and typed at (349,136): 5011007001025
[2026-04-01 14:14:29] [INFO] Searched for article: 5011007001025
[2026-04-01 14:14:33] [DEBUG] Focused and replaced field at (537,290): 23.00
[2026-04-01 14:14:33] [INFO] Entered new price: 23.00
[2026-04-01 14:14:34] [INFO] End date set to: 08/04/26
[2026-04-01 14:14:35] [DEBUG] Reason Code is empty, skipping
[2026-04-01 14:14:37] [INFO] Pressed Alt+S to save the new price
[2026-04-01 14:14:40] [DEBUG] Clicked at (134,90)
[2026-04-01 14:14:42] [DEBUG] Clicked at (230,123)
[2026-04-01 14:14:44] [INFO] Successfully processed item 34
[2026-04-01 14:14:44] [INFO] Processing item 35/37
[2026-04-01 14:14:46] [DEBUG] Clicked and typed at (349,136): 5011007001025
[2026-04-01 14:14:51] [INFO] Searched for article: 5011007001025
[2026-04-01 14:14:54] [DEBUG] Focused and replaced field at (537,290): 23.00
[2026-04-01 14:14:54] [INFO] Entered new price: 23.00
[2026-04-01 14:14:55] [INFO] End date set to: 08/04/26
[2026-04-01 14:14:56] [DEBUG] Reason Code is empty, skipping
[2026-04-01 14:14:58] [INFO] Pressed Alt+S to save the new price
[2026-04-01 14:15:01] [DEBUG] Clicked at (134,90)
[2026-04-01 14:15:03] [DEBUG] Clicked at (230,123)
[2026-04-01 14:15:05] [INFO] Successfully processed item 35
[2026-04-01 14:15:05] [INFO] Processing item 36/37
[2026-04-01 14:15:07] [DEBUG] Clicked and typed at (349,136): 5391518565002
[2026-04-01 14:15:12] [INFO] Searched for article: 5391518565002
[2026-04-01 14:15:15] [DEBUG] Focused and replaced field at (537,290): 25.00
[2026-04-01 14:15:15] [INFO] Entered new price: 25.00
[2026-04-01 14:15:17] [INFO] End date set to: 08/04/26
[2026-04-01 14:15:17] [DEBUG] Reason Code is empty, skipping
[2026-04-01 14:15:20] [INFO] Pressed Alt+S to save the new price
[2026-04-01 14:15:22] [DEBUG] Clicked at (134,90)
[2026-04-01 14:15:25] [DEBUG] Clicked at (230,123)
[2026-04-01 14:15:27] [INFO] Successfully processed item 36
[2026-04-01 14:15:27] [INFO] Processing item 37/37
[2026-04-01 14:15:28] [DEBUG] Clicked and typed at (349,136): 5391518565002
[2026-04-01 14:15:33] [INFO] Searched for article: 5391518565002
[2026-04-01 14:15:36] [DEBUG] Focused and replaced field at (537,290): 25.00
[2026-04-01 14:15:36] [INFO] Entered new price: 25.00
[2026-04-01 14:15:38] [INFO] End date set to: 08/04/26
[2026-04-01 14:15:38] [DEBUG] Reason Code is empty, skipping
[2026-04-01 14:15:41] [INFO] Pressed Alt+S to save the new price
[2026-04-01 14:15:43] [DEBUG] Clicked at (134,90)
[2026-04-01 14:15:46] [DEBUG] Clicked at (230,123)
[2026-04-01 14:15:48] [INFO] Successfully processed item 37
[2026-04-01 14:15:48] [INFO] === Price Change Workflow Completed ===
[2026-04-01 14:16:00] [INFO] Ending Excel session
[2026-04-01 14:16:00] [INFO] Excel session ended successfully
[2026-04-01 14:16:02] [INFO] Starting Excel session with file: C:\Users\Backoffice\Downloads\Deals_radio.xlsx
[2026-04-01 14:16:04] [INFO] Excel session started successfully
[2026-04-01 14:16:04] [INFO] Row count in IMPULSE: 37
[2026-04-01 14:16:04] [DEBUG] Got value from IMPULSE[2,1]: 5000328373362.0
[2026-04-01 14:16:04] [DEBUG] Got value from IMPULSE[2,2]: 1.5
[2026-04-01 14:16:04] [DEBUG] Got value from IMPULSE[3,1]: 5000328014746.0
[2026-04-01 14:16:04] [DEBUG] Got value from IMPULSE[3,2]: 1.5
[2026-04-01 14:16:04] [DEBUG] Got value from IMPULSE[4,1]: 5000328014937.0
[2026-04-01 14:16:04] [DEBUG] Got value from IMPULSE[4,2]: 1.5
[2026-04-01 14:16:04] [DEBUG] Got value from IMPULSE[5,1]: 5053990161966.0
[2026-04-01 14:16:04] [DEBUG] Got value from IMPULSE[5,2]: 1.75
[2026-04-01 14:16:04] [DEBUG] Got value from IMPULSE[6,1]: 5053990127641.0
[2026-04-01 14:16:04] [DEBUG] Got value from IMPULSE[6,2]: 1.75
[2026-04-01 14:16:04] [DEBUG] Got value from IMPULSE[7,1]: 5053990127726.0
[2026-04-01 14:16:04] [DEBUG] Got value from IMPULSE[7,2]: 1.75
[2026-04-01 14:16:04] [DEBUG] Got value from IMPULSE[8,1]: 5053990161669.0
[2026-04-01 14:16:04] [DEBUG] Got value from IMPULSE[8,2]: 1.75
[2026-04-01 14:16:04] [DEBUG] Got value from IMPULSE[9,1]: 5053990158034.0
[2026-04-01 14:16:04] [DEBUG] Got value from IMPULSE[9,2]: 1.75
[2026-04-01 14:16:04] [DEBUG] Got value from IMPULSE[10,1]: 5053990127733.0
[2026-04-01 14:16:04] [DEBUG] Got value from IMPULSE[10,2]: 1.75
[2026-04-01 14:16:04] [DEBUG] Got value from IMPULSE[11,1]: 5053990167197.0
[2026-04-01 14:16:04] [DEBUG] Got value from IMPULSE[11,2]: 1.75
[2026-04-01 14:16:04] [DEBUG] Got value from IMPULSE[12,1]: 5053990179039.0
[2026-04-01 14:16:04] [DEBUG] Got value from IMPULSE[12,2]: 1.75
[2026-04-01 14:16:04] [DEBUG] Got value from IMPULSE[13,1]: 5053990182947.0
[2026-04-01 14:16:04] [DEBUG] Got value from IMPULSE[13,2]: 1.75
[2026-04-01 14:16:04] [DEBUG] Got value from IMPULSE[14,1]: 5053990190034.0
[2026-04-01 14:16:04] [DEBUG] Got value from IMPULSE[14,2]: 1.75
[2026-04-01 14:16:04] [DEBUG] Got value from IMPULSE[15,1]: 4062139013548.0
[2026-04-01 14:16:04] [DEBUG] Got value from IMPULSE[15,2]: 6.0
[2026-04-01 14:16:04] [DEBUG] Got value from IMPULSE[16,1]: 4062139012541.0
[2026-04-01 14:16:04] [DEBUG] Got value from IMPULSE[16,2]: 6.0
[2026-04-01 14:16:04] [DEBUG] Got value from IMPULSE[17,1]: 4062139012909.0
[2026-04-01 14:16:04] [DEBUG] Got value from IMPULSE[17,2]: 6.0
[2026-04-01 14:16:04] [DEBUG] Got value from IMPULSE[18,1]: 4062139013920.0
[2026-04-01 14:16:04] [DEBUG] Got value from IMPULSE[18,2]: 6.0
[2026-04-01 14:16:04] [DEBUG] Got value from IMPULSE[19,1]: 5391521843296.0
[2026-04-01 14:16:04] [DEBUG] Got value from IMPULSE[19,2]: 6.0
[2026-04-01 14:16:04] [DEBUG] Got value from IMPULSE[20,1]: 5391521839442.0
[2026-04-01 14:16:04] [DEBUG] Got value from IMPULSE[20,2]: 6.0
[2026-04-01 14:16:04] [DEBUG] Got value from IMPULSE[21,1]: 5391521839985.0
[2026-04-01 14:16:04] [DEBUG] Got value from IMPULSE[21,2]: 6.0
[2026-04-01 14:16:04] [DEBUG] Got value from IMPULSE[22,1]: 5391521839381.0
[2026-04-01 14:16:04] [DEBUG] Got value from IMPULSE[22,2]: 6.0
[2026-04-01 14:16:04] [DEBUG] Got value from IMPULSE[23,1]: 5099839624384.0
[2026-04-01 14:16:04] [DEBUG] Got value from IMPULSE[23,2]: 2.6899999999999999
[2026-04-01 14:16:04] [DEBUG] Got value from IMPULSE[24,1]: 5099839658327.0
[2026-04-01 14:16:04] [DEBUG] Got value from IMPULSE[24,2]: 2.75
[2026-04-01 14:16:04] [DEBUG] Got value from IMPULSE[25,1]: 5099839727368.0
[2026-04-01 14:16:04] [DEBUG] Got value from IMPULSE[25,2]: 3.3500000000000001
[2026-04-01 14:16:04] [DEBUG] Got value from IMPULSE[26,1]: 5099839727375.0
[2026-04-01 14:16:04] [DEBUG] Got value from IMPULSE[26,2]: 3.1899999999999999
[2026-04-01 14:16:04] [DEBUG] Got value from IMPULSE[27,1]: 5099839674594.0
[2026-04-01 14:16:04] [DEBUG] Got value from IMPULSE[27,2]: 2.0899999999999999
[2026-04-01 14:16:04] [DEBUG] Got value from IMPULSE[28,1]: 5099839654558.0
[2026-04-01 14:16:04] [DEBUG] Got value from IMPULSE[28,2]: 3.29
[2026-04-01 14:16:04] [DEBUG] Got value from IMPULSE[29,1]: 5099839674587.0
[2026-04-01 14:16:04] [DEBUG] Got value from IMPULSE[29,2]: 3.29
[2026-04-01 14:16:04] [DEBUG] Got value from IMPULSE[30,1]: 5099839654572.0
[2026-04-01 14:16:04] [DEBUG] Got value from IMPULSE[30,2]: 3.1499999999999999
[2026-04-01 14:16:04] [DEBUG] Got value from IMPULSE[31,1]: 5099839654589.0
[2026-04-01 14:16:04] [DEBUG] Got value from IMPULSE[31,2]: 3.1499999999999999
[2026-04-01 14:16:04] [DEBUG] Got value from IMPULSE[32,1]: 5000213028186.0
[2026-04-01 14:16:04] [DEBUG] Got value from IMPULSE[32,2]: 13.26
[2026-04-01 14:16:04] [DEBUG] Got value from IMPULSE[33,1]: 5011007003005.0
[2026-04-01 14:16:04] [DEBUG] Got value from IMPULSE[33,2]: 23.0
[2026-04-01 14:16:04] [DEBUG] Got value from IMPULSE[34,1]: 5011007003005.0
[2026-04-01 14:16:04] [DEBUG] Got value from IMPULSE[34,2]: 23.0
[2026-04-01 14:16:04] [DEBUG] Got value from IMPULSE[35,1]: 5011007001025.0
[2026-04-01 14:16:04] [DEBUG] Got value from IMPULSE[35,2]: 23.0
[2026-04-01 14:16:04] [DEBUG] Got value from IMPULSE[36,1]: 5011007001025.0
[2026-04-01 14:16:04] [DEBUG] Got value from IMPULSE[36,2]: 23.0
[2026-04-01 14:16:04] [DEBUG] Got value from IMPULSE[37,1]: 5391518565002.0
[2026-04-01 14:16:04] [DEBUG] Got value from IMPULSE[37,2]: 25.0
[2026-04-01 14:16:04] [DEBUG] Got value from IMPULSE[38,1]: 5391518565002.0
[2026-04-01 14:16:04] [DEBUG] Got value from IMPULSE[38,2]: 25.0
[2026-04-01 14:16:04] [INFO] Loaded 37 items from Excel
[2026-04-01 14:16:18] [INFO] === Starting Price Change Workflow ===
[2026-04-01 14:16:18] [INFO] Activated window: GOLD PRD - \\Remote
[2026-04-01 14:16:19] [INFO] Processing item 1/37
[2026-04-01 14:16:21] [WARN] Clipboard update timed out before pasting field value at (269,205)
[2026-04-01 14:16:21] [DEBUG] Set field value at (269,205): 
[2026-04-01 14:16:21] [INFO] Start date set to: 
[2026-04-01 14:16:23] [DEBUG] Clicked and typed at (349,136): 5000328373362
[2026-04-01 14:16:28] [INFO] Searched for article: 5000328373362
[2026-04-01 14:16:31] [DEBUG] Focused and replaced field at (537,290): 1.50
[2026-04-01 14:16:31] [INFO] Entered new price: 1.50
[2026-04-01 14:16:32] [INFO] End date set to: 08/04/26
[2026-04-01 14:16:33] [DEBUG] Reason Code is empty, skipping
[2026-04-01 14:16:35] [INFO] Pressed Alt+S to save the new price
[2026-04-01 14:16:38] [DEBUG] Clicked at (134,90)
[2026-04-01 14:16:40] [DEBUG] Clicked at (230,123)
[2026-04-01 14:16:42] [INFO] Successfully processed item 1
[2026-04-01 14:16:42] [INFO] Processing item 2/37
[2026-04-01 14:16:44] [DEBUG] Clicked and typed at (349,136): 5000328014746
[2026-04-01 14:16:49] [INFO] Searched for article: 5000328014746
[2026-04-01 14:16:52] [DEBUG] Focused and replaced field at (537,290): 1.50
[2026-04-01 14:16:52] [INFO] Entered new price: 1.50
[2026-04-01 14:16:54] [INFO] End date set to: 08/04/26
[2026-04-01 14:16:54] [DEBUG] Reason Code is empty, skipping
[2026-04-01 14:16:57] [INFO] Pressed Alt+S to save the new price
[2026-04-01 14:16:59] [DEBUG] Clicked at (134,90)
[2026-04-01 14:17:02] [DEBUG] Clicked at (230,123)
[2026-04-01 14:17:04] [INFO] Successfully processed item 2
[2026-04-01 14:17:04] [INFO] Processing item 3/37
[2026-04-01 14:17:05] [DEBUG] Clicked and typed at (349,136): 5000328014937
[2026-04-01 14:17:10] [INFO] Searched for article: 5000328014937
[2026-04-01 14:17:13] [DEBUG] Focused and replaced field at (537,290): 1.50
[2026-04-01 14:17:13] [INFO] Entered new price: 1.50
[2026-04-01 14:17:15] [INFO] End date set to: 08/04/26
[2026-04-01 14:17:15] [DEBUG] Reason Code is empty, skipping
[2026-04-01 14:17:18] [INFO] Pressed Alt+S to save the new price
[2026-04-01 14:17:20] [DEBUG] Clicked at (134,90)
[2026-04-01 14:17:23] [DEBUG] Clicked at (230,123)
[2026-04-01 14:17:25] [INFO] Successfully processed item 3
[2026-04-01 14:17:25] [INFO] Processing item 4/37
[2026-04-01 14:17:26] [DEBUG] Clicked and typed at (349,136): 5053990161966
[2026-04-01 14:17:31] [INFO] Searched for article: 5053990161966
[2026-04-01 14:17:35] [DEBUG] Focused and replaced field at (537,290): 1.75
[2026-04-01 14:17:35] [INFO] Entered new price: 1.75
[2026-04-01 14:17:36] [INFO] End date set to: 08/04/26
[2026-04-01 14:17:36] [DEBUG] Reason Code is empty, skipping
[2026-04-01 14:17:39] [INFO] Pressed Alt+S to save the new price
[2026-04-01 14:17:41] [DEBUG] Clicked at (134,90)
[2026-04-01 14:17:44] [DEBUG] Clicked at (230,123)
[2026-04-01 14:17:46] [INFO] Successfully processed item 4
[2026-04-01 14:17:46] [INFO] Processing item 5/37
[2026-04-01 14:17:47] [DEBUG] Clicked and typed at (349,136): 5053990127641
[2026-04-01 14:17:52] [INFO] Searched for article: 5053990127641
[2026-04-01 14:17:56] [DEBUG] Focused and replaced field at (537,290): 1.75
[2026-04-01 14:17:56] [INFO] Entered new price: 1.75
[2026-04-01 14:17:57] [INFO] End date set to: 08/04/26
[2026-04-01 14:17:58] [DEBUG] Reason Code is empty, skipping
[2026-04-01 14:18:00] [INFO] Pressed Alt+S to save the new price
[2026-04-01 14:18:03] [DEBUG] Clicked at (134,90)
[2026-04-01 14:18:05] [DEBUG] Clicked at (230,123)
[2026-04-01 14:18:07] [INFO] Successfully processed item 5
[2026-04-01 14:18:07] [INFO] Processing item 6/37
[2026-04-01 14:18:08] [DEBUG] Clicked and typed at (349,136): 5053990127726
[2026-04-01 14:18:13] [INFO] Searched for article: 5053990127726
[2026-04-01 14:18:17] [DEBUG] Focused and replaced field at (537,290): 1.75
[2026-04-01 14:18:17] [INFO] Entered new price: 1.75
[2026-04-01 14:18:18] [INFO] End date set to: 08/04/26
[2026-04-01 14:18:19] [DEBUG] Reason Code is empty, skipping
[2026-04-01 14:18:21] [INFO] Pressed Alt+S to save the new price
[2026-04-01 14:18:24] [DEBUG] Clicked at (134,90)
[2026-04-01 14:19:16] [DEBUG] Clicked at (230,123)
[2026-04-01 14:19:18] [INFO] Successfully processed item 6
[2026-04-01 14:19:18] [INFO] Processing item 7/37
[2026-04-01 14:19:19] [DEBUG] Clicked and typed at (349,136): 5053990161669
[2026-04-01 14:19:24] [INFO] Searched for article: 5053990161669
[2026-04-01 14:19:28] [DEBUG] Focused and replaced field at (537,290): 1.75
[2026-04-01 14:19:28] [INFO] Entered new price: 1.75
[2026-04-01 14:19:29] [INFO] End date set to: 08/04/26
[2026-04-01 14:19:30] [DEBUG] Reason Code is empty, skipping
[2026-04-01 14:19:32] [INFO] Pressed Alt+S to save the new price
[2026-04-01 14:19:35] [DEBUG] Clicked at (134,90)
[2026-04-01 14:19:37] [DEBUG] Clicked at (230,123)
[2026-04-01 14:19:39] [INFO] Successfully processed item 7
[2026-04-01 14:19:39] [INFO] Processing item 8/37
[2026-04-01 14:19:41] [DEBUG] Clicked and typed at (349,136): 5053990158034
[2026-04-01 14:19:46] [INFO] Searched for article: 5053990158034
[2026-04-01 14:19:49] [DEBUG] Focused and replaced field at (537,290): 1.75
[2026-04-01 14:19:49] [INFO] Entered new price: 1.75
[2026-04-01 14:19:50] [INFO] End date set to: 08/04/26
[2026-04-01 14:19:51] [DEBUG] Reason Code is empty, skipping
[2026-04-01 14:19:53] [INFO] Pressed Alt+S to save the new price
[2026-04-01 14:19:56] [DEBUG] Clicked at (134,90)
[2026-04-01 14:19:58] [DEBUG] Clicked at (230,123)
[2026-04-01 14:20:00] [INFO] Successfully processed item 8
[2026-04-01 14:20:00] [INFO] Processing item 9/37
[2026-04-01 14:20:02] [DEBUG] Clicked and typed at (349,136): 5053990127733
[2026-04-01 14:20:07] [INFO] Searched for article: 5053990127733
[2026-04-01 14:20:10] [DEBUG] Focused and replaced field at (537,290): 1.75
[2026-04-01 14:20:10] [INFO] Entered new price: 1.75
[2026-04-01 14:20:11] [INFO] End date set to: 08/04/26
[2026-04-01 14:20:12] [DEBUG] Reason Code is empty, skipping
[2026-04-01 14:20:15] [INFO] Pressed Alt+S to save the new price
[2026-04-01 14:20:17] [DEBUG] Clicked at (134,90)
[2026-04-01 14:20:34] [DEBUG] Clicked at (230,123)
[2026-04-01 14:20:36] [INFO] Successfully processed item 9
[2026-04-01 14:20:36] [INFO] Processing item 10/37
[2026-04-01 14:20:38] [DEBUG] Clicked and typed at (349,136): 5053990167197
[2026-04-01 14:20:43] [INFO] Searched for article: 5053990167197
[2026-04-01 14:20:46] [DEBUG] Focused and replaced field at (537,290): 1.75
[2026-04-01 14:20:46] [INFO] Entered new price: 1.75
[2026-04-01 14:20:47] [INFO] End date set to: 08/04/26
[2026-04-01 14:20:48] [DEBUG] Reason Code is empty, skipping
[2026-04-01 14:20:51] [INFO] Pressed Alt+S to save the new price
[2026-04-01 14:20:53] [DEBUG] Clicked at (134,90)
[2026-04-01 14:20:55] [DEBUG] Clicked at (230,123)
[2026-04-01 14:20:57] [INFO] Successfully processed item 10
[2026-04-01 14:20:57] [INFO] Processing item 11/37
[2026-04-01 14:20:59] [DEBUG] Clicked and typed at (349,136): 5053990179039
[2026-04-01 14:21:04] [INFO] Searched for article: 5053990179039
[2026-04-01 14:21:07] [DEBUG] Focused and replaced field at (537,290): 1.75
[2026-04-01 14:21:07] [INFO] Entered new price: 1.75
[2026-04-01 14:21:09] [INFO] End date set to: 08/04/26
[2026-04-01 14:21:09] [DEBUG] Reason Code is empty, skipping
[2026-04-01 14:21:12] [INFO] Pressed Alt+S to save the new price
[2026-04-01 14:21:14] [DEBUG] Clicked at (134,90)
[2026-04-01 14:21:17] [DEBUG] Clicked at (230,123)
[2026-04-01 14:21:19] [INFO] Successfully processed item 11
[2026-04-01 14:21:19] [INFO] Processing item 12/37
[2026-04-01 14:21:20] [DEBUG] Clicked and typed at (349,136): 5053990182947
[2026-04-01 14:21:25] [INFO] Searched for article: 5053990182947
[2026-04-01 14:21:29] [DEBUG] Focused and replaced field at (537,290): 1.75
[2026-04-01 14:21:29] [INFO] Entered new price: 1.75
[2026-04-01 14:21:30] [INFO] End date set to: 08/04/26
[2026-04-01 14:21:30] [DEBUG] Reason Code is empty, skipping
[2026-04-01 14:21:33] [INFO] Pressed Alt+S to save the new price
[2026-04-01 14:21:35] [DEBUG] Clicked at (134,90)
[2026-04-01 14:21:38] [DEBUG] Clicked at (230,123)
[2026-04-01 14:21:40] [INFO] Successfully processed item 12
[2026-04-01 14:21:40] [INFO] Processing item 13/37
[2026-04-01 14:21:41] [DEBUG] Clicked and typed at (349,136): 5053990190034
[2026-04-01 14:21:46] [INFO] Searched for article: 5053990190034
[2026-04-01 14:21:50] [DEBUG] Focused and replaced field at (537,290): 1.75
[2026-04-01 14:21:50] [INFO] Entered new price: 1.75
[2026-04-01 14:21:51] [INFO] End date set to: 08/04/26
[2026-04-01 14:21:52] [DEBUG] Reason Code is empty, skipping
[2026-04-01 14:21:54] [INFO] Pressed Alt+S to save the new price
[2026-04-01 14:21:57] [DEBUG] Clicked at (134,90)
[2026-04-01 14:21:59] [DEBUG] Clicked at (230,123)
[2026-04-01 14:22:01] [INFO] Successfully processed item 13
[2026-04-01 14:22:01] [INFO] Processing item 14/37
[2026-04-01 14:22:02] [DEBUG] Clicked and typed at (349,136): 4062139013548
[2026-04-01 14:22:07] [INFO] Searched for article: 4062139013548
[2026-04-01 14:22:11] [DEBUG] Focused and replaced field at (537,290): 6.00
[2026-04-01 14:22:11] [INFO] Entered new price: 6.00
[2026-04-01 14:22:12] [INFO] End date set to: 08/04/26
[2026-04-01 14:22:13] [DEBUG] Reason Code is empty, skipping
[2026-04-01 14:22:15] [INFO] Pressed Alt+S to save the new price
[2026-04-01 14:22:18] [DEBUG] Clicked at (134,90)
[2026-04-01 14:22:20] [DEBUG] Clicked at (230,123)
[2026-04-01 14:22:22] [INFO] Successfully processed item 14
[2026-04-01 14:22:22] [INFO] Processing item 15/37
[2026-04-01 14:22:24] [DEBUG] Clicked and typed at (349,136): 4062139012541
[2026-04-01 14:22:29] [INFO] Searched for article: 4062139012541
[2026-04-01 14:22:32] [DEBUG] Focused and replaced field at (537,290): 6.00
[2026-04-01 14:22:32] [INFO] Entered new price: 6.00
[2026-04-01 14:22:33] [INFO] End date set to: 08/04/26
[2026-04-01 14:22:34] [DEBUG] Reason Code is empty, skipping
[2026-04-01 14:22:37] [INFO] Pressed Alt+S to save the new price
[2026-04-01 14:22:39] [DEBUG] Clicked at (134,90)
[2026-04-01 14:22:41] [DEBUG] Clicked at (230,123)
[2026-04-01 14:22:43] [INFO] Successfully processed item 15
[2026-04-01 14:22:43] [INFO] Processing item 16/37
[2026-04-01 14:22:45] [DEBUG] Clicked and typed at (349,136): 4062139012909
[2026-04-01 14:22:50] [INFO] Searched for article: 4062139012909
[2026-04-01 14:22:53] [DEBUG] Focused and replaced field at (537,290): 6.00
[2026-04-01 14:22:53] [INFO] Entered new price: 6.00
[2026-04-01 14:22:55] [INFO] End date set to: 08/04/26
[2026-04-01 14:22:55] [DEBUG] Reason Code is empty, skipping
[2026-04-01 14:22:58] [INFO] Pressed Alt+S to save the new price
[2026-04-01 14:23:00] [DEBUG] Clicked at (134,90)
[2026-04-01 14:23:03] [DEBUG] Clicked at (230,123)
[2026-04-01 14:23:05] [INFO] Successfully processed item 16
[2026-04-01 14:23:05] [INFO] Processing item 17/37
[2026-04-01 14:23:06] [DEBUG] Clicked and typed at (349,136): 4062139013920
[2026-04-01 14:23:11] [INFO] Searched for article: 4062139013920
[2026-04-01 14:23:14] [DEBUG] Focused and replaced field at (537,290): 6.00
[2026-04-01 14:23:14] [INFO] Entered new price: 6.00
[2026-04-01 14:23:16] [INFO] End date set to: 08/04/26
[2026-04-01 14:23:16] [DEBUG] Reason Code is empty, skipping
[2026-04-01 14:23:19] [INFO] Pressed Alt+S to save the new price
[2026-04-01 14:23:21] [DEBUG] Clicked at (134,90)
[2026-04-01 14:23:24] [DEBUG] Clicked at (230,123)
[2026-04-01 14:23:26] [INFO] Successfully processed item 17
[2026-04-01 14:23:26] [INFO] Processing item 18/37
[2026-04-01 14:23:27] [DEBUG] Clicked and typed at (349,136): 5391521843296
[2026-04-01 14:23:32] [INFO] Searched for article: 5391521843296
[2026-04-01 14:23:36] [DEBUG] Focused and replaced field at (537,290): 6.00
[2026-04-01 14:23:36] [INFO] Entered new price: 6.00
[2026-04-01 14:23:37] [INFO] End date set to: 08/04/26
[2026-04-01 14:23:37] [DEBUG] Reason Code is empty, skipping
[2026-04-01 14:23:40] [INFO] Pressed Alt+S to save the new price
[2026-04-01 14:23:43] [DEBUG] Clicked at (134,90)
[2026-04-01 14:23:45] [DEBUG] Clicked at (230,123)
[2026-04-01 14:23:47] [INFO] Successfully processed item 18
[2026-04-01 14:23:47] [INFO] Processing item 19/37
[2026-04-01 14:23:48] [DEBUG] Clicked and typed at (349,136): 5391521839442
[2026-04-01 14:23:53] [INFO] Searched for article: 5391521839442
[2026-04-01 14:23:57] [DEBUG] Focused and replaced field at (537,290): 6.00
[2026-04-01 14:23:57] [INFO] Entered new price: 6.00
[2026-04-01 14:23:58] [INFO] End date set to: 08/04/26
[2026-04-01 14:23:59] [DEBUG] Reason Code is empty, skipping
[2026-04-01 14:24:01] [INFO] Pressed Alt+S to save the new price
[2026-04-01 14:24:04] [DEBUG] Clicked at (134,90)
[2026-04-01 14:24:06] [DEBUG] Clicked at (230,123)
[2026-04-01 14:24:08] [INFO] Successfully processed item 19
[2026-04-01 14:24:08] [INFO] Processing item 20/37
[2026-04-01 14:24:10] [DEBUG] Clicked and typed at (349,136): 5391521839985
[2026-04-01 14:24:15] [INFO] Searched for article: 5391521839985
[2026-04-01 14:24:18] [DEBUG] Focused and replaced field at (537,290): 6.00
[2026-04-01 14:24:18] [INFO] Entered new price: 6.00
[2026-04-01 14:24:19] [INFO] End date set to: 08/04/26
[2026-04-01 14:24:20] [DEBUG] Reason Code is empty, skipping
[2026-04-01 14:24:22] [INFO] Pressed Alt+S to save the new price
[2026-04-01 14:24:25] [DEBUG] Clicked at (134,90)
[2026-04-01 14:24:27] [DEBUG] Clicked at (230,123)
[2026-04-01 14:24:29] [INFO] Successfully processed item 20
[2026-04-01 14:24:29] [INFO] Processing item 21/37
[2026-04-01 14:24:31] [DEBUG] Clicked and typed at (349,136): 5391521839381
[2026-04-01 14:24:36] [INFO] Searched for article: 5391521839381
[2026-04-01 14:24:39] [DEBUG] Focused and replaced field at (537,290): 6.00
[2026-04-01 14:24:39] [INFO] Entered new price: 6.00
[2026-04-01 14:24:40] [INFO] End date set to: 08/04/26
[2026-04-01 14:24:41] [DEBUG] Reason Code is empty, skipping
[2026-04-01 14:24:44] [INFO] Pressed Alt+S to save the new price
[2026-04-01 14:24:46] [DEBUG] Clicked at (134,90)
[2026-04-01 14:24:48] [DEBUG] Clicked at (230,123)
[2026-04-01 14:24:50] [INFO] Successfully processed item 21
[2026-04-01 14:24:50] [INFO] Processing item 22/37
[2026-04-01 14:24:52] [DEBUG] Clicked and typed at (349,136): 5099839624384
[2026-04-01 14:24:57] [INFO] Searched for article: 5099839624384
[2026-04-01 14:25:00] [DEBUG] Focused and replaced field at (537,290): 2.69
[2026-04-01 14:25:00] [INFO] Entered new price: 2.69
[2026-04-01 14:25:02] [INFO] End date set to: 08/04/26
[2026-04-01 14:25:02] [DEBUG] Reason Code is empty, skipping
[2026-04-01 14:25:05] [INFO] Pressed Alt+S to save the new price
[2026-04-01 14:25:07] [DEBUG] Clicked at (134,90)
[2026-04-01 14:25:10] [DEBUG] Clicked at (230,123)
[2026-04-01 14:25:12] [INFO] Successfully processed item 22
[2026-04-01 14:25:12] [INFO] Processing item 23/37
[2026-04-01 14:25:13] [DEBUG] Clicked and typed at (349,136): 5099839658327
[2026-04-01 14:25:18] [INFO] Searched for article: 5099839658327
[2026-04-01 14:25:22] [DEBUG] Focused and replaced field at (537,290): 2.75
[2026-04-01 14:25:22] [INFO] Entered new price: 2.75
[2026-04-01 14:25:23] [INFO] End date set to: 08/04/26
[2026-04-01 14:25:23] [DEBUG] Reason Code is empty, skipping
[2026-04-01 14:25:26] [INFO] Pressed Alt+S to save the new price
[2026-04-01 14:25:28] [DEBUG] Clicked at (134,90)
[2026-04-01 14:25:31] [DEBUG] Clicked at (230,123)
[2026-04-01 14:25:33] [INFO] Successfully processed item 23
[2026-04-01 14:25:33] [INFO] Processing item 24/37
[2026-04-01 14:25:34] [DEBUG] Clicked and typed at (349,136): 5099839727368
[2026-04-01 14:25:39] [INFO] Searched for article: 5099839727368
[2026-04-01 14:25:43] [DEBUG] Focused and replaced field at (537,290): 3.35
[2026-04-01 14:25:43] [INFO] Entered new price: 3.35
[2026-04-01 14:25:44] [INFO] End date set to: 08/04/26
[2026-04-01 14:25:45] [DEBUG] Reason Code is empty, skipping
[2026-04-01 14:25:47] [INFO] Pressed Alt+S to save the new price
[2026-04-01 14:25:50] [DEBUG] Clicked at (134,90)
[2026-04-01 14:25:52] [DEBUG] Clicked at (230,123)
[2026-04-01 14:25:54] [INFO] Successfully processed item 24
[2026-04-01 14:25:54] [INFO] Processing item 25/37
[2026-04-01 14:25:55] [DEBUG] Clicked and typed at (349,136): 5099839727375
[2026-04-01 14:26:00] [INFO] Searched for article: 5099839727375
[2026-04-01 14:26:04] [DEBUG] Focused and replaced field at (537,290): 3.19
[2026-04-01 14:26:04] [INFO] Entered new price: 3.19
[2026-04-01 14:26:05] [INFO] End date set to: 08/04/26
[2026-04-01 14:26:06] [DEBUG] Reason Code is empty, skipping
[2026-04-01 14:26:08] [INFO] Pressed Alt+S to save the new price
[2026-04-01 14:26:11] [DEBUG] Clicked at (134,90)
[2026-04-01 14:26:13] [DEBUG] Clicked at (230,123)
[2026-04-01 14:26:15] [INFO] Successfully processed item 25
[2026-04-01 14:26:15] [INFO] Processing item 26/37
[2026-04-01 14:26:17] [DEBUG] Clicked and typed at (349,136): 5099839674594
[2026-04-01 14:26:22] [INFO] Searched for article: 5099839674594
[2026-04-01 14:26:25] [DEBUG] Focused and replaced field at (537,290): 2.09
[2026-04-01 14:26:25] [INFO] Entered new price: 2.09
[2026-04-01 14:26:26] [INFO] End date set to: 08/04/26
[2026-04-01 14:26:27] [DEBUG] Reason Code is empty, skipping
[2026-04-01 14:26:29] [INFO] Pressed Alt+S to save the new price
[2026-04-01 14:26:32] [DEBUG] Clicked at (134,90)
[2026-04-01 14:26:34] [DEBUG] Clicked at (230,123)
[2026-04-01 14:26:36] [INFO] Successfully processed item 26
[2026-04-01 14:26:36] [INFO] Processing item 27/37
[2026-04-01 14:26:38] [DEBUG] Clicked and typed at (349,136): 5099839654558
[2026-04-01 14:26:43] [INFO] Searched for article: 5099839654558
[2026-04-01 14:26:46] [DEBUG] Focused and replaced field at (537,290): 3.29
[2026-04-01 14:26:46] [INFO] Entered new price: 3.29
[2026-04-01 14:26:48] [INFO] End date set to: 08/04/26
[2026-04-01 14:26:48] [DEBUG] Reason Code is empty, skipping
[2026-04-01 14:26:51] [INFO] Pressed Alt+S to save the new price
[2026-04-01 14:26:53] [DEBUG] Clicked at (134,90)
[2026-04-01 14:26:56] [DEBUG] Clicked at (230,123)
[2026-04-01 14:26:58] [INFO] Successfully processed item 27
[2026-04-01 14:26:58] [INFO] Processing item 28/37
[2026-04-01 14:26:59] [DEBUG] Clicked and typed at (349,136): 5099839674587
[2026-04-01 14:27:04] [INFO] Searched for article: 5099839674587
[2026-04-01 14:27:07] [DEBUG] Focused and replaced field at (537,290): 3.29
[2026-04-01 14:27:07] [INFO] Entered new price: 3.29
[2026-04-01 14:27:09] [INFO] End date set to: 08/04/26
[2026-04-01 14:27:09] [DEBUG] Reason Code is empty, skipping
[2026-04-01 14:27:12] [INFO] Pressed Alt+S to save the new price
[2026-04-01 14:27:14] [DEBUG] Clicked at (134,90)
[2026-04-01 14:27:17] [DEBUG] Clicked at (230,123)
[2026-04-01 14:27:19] [INFO] Successfully processed item 28
[2026-04-01 14:27:19] [INFO] Processing item 29/37
[2026-04-01 14:27:20] [DEBUG] Clicked and typed at (349,136): 5099839654572
[2026-04-01 14:27:25] [INFO] Searched for article: 5099839654572
[2026-04-01 14:27:29] [DEBUG] Focused and replaced field at (537,290): 3.15
[2026-04-01 14:27:29] [INFO] Entered new price: 3.15
[2026-04-01 14:27:30] [INFO] End date set to: 08/04/26
[2026-04-01 14:27:30] [DEBUG] Reason Code is empty, skipping
[2026-04-01 14:27:33] [INFO] Pressed Alt+S to save the new price
[2026-04-01 14:27:35] [DEBUG] Clicked at (134,90)
[2026-04-01 14:27:38] [DEBUG] Clicked at (230,123)
[2026-04-01 14:27:40] [INFO] Successfully processed item 29
[2026-04-01 14:27:40] [INFO] Processing item 30/37
[2026-04-01 14:27:41] [DEBUG] Clicked and typed at (349,136): 5099839654589
[2026-04-01 14:27:46] [INFO] Searched for article: 5099839654589
[2026-04-01 14:27:50] [DEBUG] Focused and replaced field at (537,290): 3.15
[2026-04-01 14:27:50] [INFO] Entered new price: 3.15
[2026-04-01 14:27:51] [INFO] End date set to: 08/04/26
[2026-04-01 14:27:52] [DEBUG] Reason Code is empty, skipping
[2026-04-01 14:27:54] [INFO] Pressed Alt+S to save the new price
[2026-04-01 14:27:57] [DEBUG] Clicked at (134,90)
[2026-04-01 14:27:59] [DEBUG] Clicked at (230,123)
[2026-04-01 14:28:01] [INFO] Successfully processed item 30
[2026-04-01 14:28:01] [INFO] Processing item 31/37
[2026-04-01 14:28:02] [DEBUG] Clicked and typed at (349,136): 5000213028186
[2026-04-01 14:28:07] [INFO] Searched for article: 5000213028186
[2026-04-01 14:28:11] [DEBUG] Focused and replaced field at (537,290): 13.26
[2026-04-01 14:28:11] [INFO] Entered new price: 13.26
[2026-04-01 14:28:12] [INFO] End date set to: 08/04/26
[2026-04-01 14:28:13] [DEBUG] Reason Code is empty, skipping
[2026-04-01 14:28:15] [INFO] Pressed Alt+S to save the new price
[2026-04-01 14:28:18] [DEBUG] Clicked at (134,90)
[2026-04-01 14:28:20] [DEBUG] Clicked at (230,123)
[2026-04-01 14:28:22] [INFO] Successfully processed item 31
[2026-04-01 14:28:22] [INFO] Processing item 32/37
[2026-04-01 14:28:24] [DEBUG] Clicked and typed at (349,136): 5011007003005
[2026-04-01 14:28:29] [INFO] Searched for article: 5011007003005
[2026-04-01 14:28:32] [DEBUG] Focused and replaced field at (537,290): 23.00
[2026-04-01 14:28:32] [INFO] Entered new price: 23.00
[2026-04-01 14:28:33] [INFO] End date set to: 08/04/26
[2026-04-01 14:28:34] [DEBUG] Reason Code is empty, skipping
[2026-04-01 14:28:37] [INFO] Pressed Alt+S to save the new price
[2026-04-01 14:28:39] [DEBUG] Clicked at (134,90)
[2026-04-01 14:28:41] [DEBUG] Clicked at (230,123)
[2026-04-01 14:28:43] [INFO] Successfully processed item 32
[2026-04-01 14:28:43] [INFO] Processing item 33/37
[2026-04-01 14:28:45] [DEBUG] Clicked and typed at (349,136): 5011007003005
[2026-04-01 14:28:50] [INFO] Searched for article: 5011007003005
[2026-04-01 14:28:53] [DEBUG] Focused and replaced field at (537,290): 23.00
[2026-04-01 14:28:53] [INFO] Entered new price: 23.00
[2026-04-01 14:28:55] [INFO] End date set to: 08/04/26
[2026-04-01 14:28:55] [DEBUG] Reason Code is empty, skipping
[2026-04-01 14:28:58] [INFO] Pressed Alt+S to save the new price
[2026-04-01 14:29:00] [DEBUG] Clicked at (134,90)
[2026-04-01 14:29:03] [DEBUG] Clicked at (230,123)
[2026-04-01 14:29:05] [INFO] Successfully processed item 33
[2026-04-01 14:29:05] [INFO] Processing item 34/37
[2026-04-01 14:29:06] [DEBUG] Clicked and typed at (349,136): 5011007001025
[2026-04-01 14:29:11] [INFO] Searched for article: 5011007001025
[2026-04-01 14:29:14] [DEBUG] Focused and replaced field at (537,290): 23.00
[2026-04-01 14:29:14] [INFO] Entered new price: 23.00
[2026-04-01 14:29:16] [INFO] End date set to: 08/04/26
[2026-04-01 14:29:16] [DEBUG] Reason Code is empty, skipping
[2026-04-01 14:29:19] [INFO] Pressed Alt+S to save the new price
[2026-04-01 14:29:21] [DEBUG] Clicked at (134,90)
[2026-04-01 14:29:24] [DEBUG] Clicked at (230,123)
[2026-04-01 14:29:26] [INFO] Successfully processed item 34
[2026-04-01 14:29:26] [INFO] Processing item 35/37
[2026-04-01 14:29:27] [DEBUG] Clicked and typed at (349,136): 5011007001025
[2026-04-01 14:29:32] [INFO] Searched for article: 5011007001025
[2026-04-01 14:29:36] [DEBUG] Focused and replaced field at (537,290): 23.00
[2026-04-01 14:29:36] [INFO] Entered new price: 23.00
[2026-04-01 14:29:37] [INFO] End date set to: 08/04/26
[2026-04-01 14:29:37] [DEBUG] Reason Code is empty, skipping
[2026-04-01 14:29:40] [INFO] Pressed Alt+S to save the new price
[2026-04-01 14:29:43] [DEBUG] Clicked at (134,90)
[2026-04-01 14:29:45] [DEBUG] Clicked at (230,123)
[2026-04-01 14:29:47] [INFO] Successfully processed item 35
[2026-04-01 14:29:47] [INFO] Processing item 36/37
[2026-04-01 14:29:48] [DEBUG] Clicked and typed at (349,136): 5391518565002
[2026-04-01 14:29:53] [INFO] Searched for article: 5391518565002
[2026-04-01 14:29:57] [DEBUG] Focused and replaced field at (537,290): 25.00
[2026-04-01 14:29:57] [INFO] Entered new price: 25.00
[2026-04-01 14:29:58] [INFO] End date set to: 08/04/26
[2026-04-01 14:29:59] [DEBUG] Reason Code is empty, skipping
[2026-04-01 14:30:01] [INFO] Pressed Alt+S to save the new price
[2026-04-01 14:30:04] [DEBUG] Clicked at (134,90)
[2026-04-01 14:30:06] [DEBUG] Clicked at (230,123)
[2026-04-01 14:30:08] [INFO] Successfully processed item 36
[2026-04-01 14:30:08] [INFO] Processing item 37/37
[2026-04-01 14:30:10] [DEBUG] Clicked and typed at (349,136): 5391518565002
[2026-04-01 14:30:15] [INFO] Searched for article: 5391518565002
[2026-04-01 14:30:18] [DEBUG] Focused and replaced field at (537,290): 25.00
[2026-04-01 14:30:18] [INFO] Entered new price: 25.00
[2026-04-01 14:30:19] [INFO] End date set to: 08/04/26
[2026-04-01 14:30:20] [DEBUG] Reason Code is empty, skipping
[2026-04-01 14:30:22] [INFO] Pressed Alt+S to save the new price
[2026-04-01 14:30:25] [DEBUG] Clicked at (134,90)
[2026-04-01 14:30:27] [DEBUG] Clicked at (230,123)
[2026-04-01 14:30:29] [INFO] Successfully processed item 37
[2026-04-01 14:30:29] [INFO] === Price Change Workflow Completed ===
[2026-04-01 14:30:33] [INFO] Ending Excel session
[2026-04-01 14:30:33] [INFO] Excel session ended successfully
